date,industry_code,pe_ttm,pb,dividend_yield
2026-01-05,801010,23.87,2.61,1.66
2026-01-05,801030,30.54,2.26,1.17
2026-01-05,801040,31.89,1.17,1.27
2026-01-05,801050,29.23,3.61,1.09
2026-01-05,801080,68.69,5.21,0.37
2026-01-05,801110,15.0,2.53,3.71
2026-01-05,801120,21.3,3.87,3.95
2026-01-05,801150,37.57,2.81,1.16
2026-01-05,801160,19.46,1.6,2.16
2026-01-05,801170,18.36,1.33,2.6
2026-01-05,801180,60.03,0.82,0.71
2026-01-05,801890,39.9,3.22,0.96
2026-01-05,801880,29.64,2.73,1.31
2026-01-05,801790,13.68,1.42,1.86
2026-01-05,801780,6.38,0.54,4.91
2026-01-05,801760,45.21,3.19,1.07
2026-01-05,801750,88.03,4.53,0.51
2026-01-05,801730,40.17,3.33,0.81
2026-01-05,801710,29.36,1.39,2.62
2026-01-05,801770,50.19,4.97,0.72
2026-01-06,801170,18.55,1.34,2.58
2026-01-06,801160,19.63,1.61,2.14
2026-01-06,801150,37.87,2.83,1.15
2026-01-06,801120,21.41,3.89,3.93
2026-01-06,801050,30.48,3.76,1.05
2026-01-06,801080,69.83,5.3,0.36
2026-01-06,801040,32.56,1.2,1.24
2026-01-06,801030,31.55,2.34,1.13
2026-01-06,801010,24.13,2.63,1.65
2026-01-06,801180,60.8,0.83,0.7
2026-01-06,801110,15.08,2.54,3.69
2026-01-06,801890,40.21,3.25,0.96
2026-01-06,801790,14.21,1.47,1.79
2026-01-06,801780,6.41,0.55,4.88
2026-01-06,801880,30.08,2.77,1.3
2026-01-06,801760,45.67,3.22,1.06
2026-01-06,801750,89.98,4.63,0.5
2026-01-06,801730,40.62,3.37,0.8
2026-01-06,801710,29.56,1.4,2.61
2026-01-06,801770,49.82,4.94,0.72
2026-01-07,801180,60.88,0.83,0.7
2026-01-07,801170,18.45,1.34,2.59
2026-01-07,801160,19.65,1.62,2.13
2026-01-07,801150,38.08,2.85,1.14
2026-01-07,801110,15.01,2.53,3.71
2026-01-07,801080,70.68,5.37,0.36
2026-01-07,801050,30.57,3.77,1.04
2026-01-07,801040,32.74,1.2,1.23
2026-01-07,801030,31.63,2.34,1.13
2026-01-07,801010,24.05,2.62,1.65
2026-01-07,801120,21.32,3.87,3.95
2026-01-07,801710,29.52,1.4,2.61
2026-01-07,801890,40.41,3.27,0.95
2026-01-07,801880,29.97,2.76,1.3
2026-01-07,801790,14.06,1.46,1.82
2026-01-07,801770,50.48,5.0,0.72
2026-01-07,801760,45.76,3.23,1.06
2026-01-07,801750,89.21,4.59,0.5
2026-01-07,801730,40.89,3.39,0.79
2026-01-07,801780,6.36,0.54,4.93
2026-01-08,801180,61.85,0.85,0.68
2026-01-08,801170,18.48,1.34,2.59
2026-01-08,801160,19.75,1.62,2.13
2026-01-08,801150,38.33,2.87,1.13
2026-01-08,801050,30.08,3.71,1.06
2026-01-08,801110,14.97,2.53,3.72
2026-01-08,801080,70.84,5.38,0.35
2026-01-08,801040,32.75,1.2,1.23
2026-01-08,801030,31.6,2.34,1.13
2026-01-08,801010,24.02,2.62,1.65
2026-01-08,801120,21.19,3.85,3.98
2026-01-08,801710,29.92,1.42,2.58
2026-01-08,801890,40.68,3.29,0.95
2026-01-08,801880,29.91,2.75,1.31
2026-01-08,801790,13.66,1.41,1.88
2026-01-08,801770,49.99,4.96,0.72
2026-01-08,801760,46.65,3.29,1.04
2026-01-08,801750,90.19,4.65,0.5
2026-01-08,801730,41.08,3.41,0.79
2026-01-08,801780,6.31,0.54,4.85
2026-01-09,801170,18.48,1.34,2.59
2026-01-09,801160,19.82,1.63,2.12
2026-01-09,801150,38.96,2.92,1.12
2026-01-09,801120,21.31,3.87,3.96
2026-01-09,801050,30.92,3.81,1.03
2026-01-09,801080,71.49,5.42,0.35
2026-01-09,801040,32.98,1.21,1.22
2026-01-09,801030,31.75,2.35,1.13
2026-01-09,801010,24.1,2.63,1.65
2026-01-09,801180,62.3,0.85,0.68
2026-01-09,801110,15.16,2.56,3.67
2026-01-09,801890,41.43,3.35,0.96
2026-01-09,801880,30.2,2.78,1.3
2026-01-09,801790,13.64,1.41,1.88
2026-01-09,801780,6.28,0.53,4.71
2026-01-09,801760,49.03,3.46,0.99
2026-01-09,801750,92.84,4.79,0.48
2026-01-09,801730,41.39,3.43,0.78
2026-01-09,801710,29.92,1.42,2.58
2026-01-09,801770,50.39,4.99,0.72
2026-01-12,801180,62.12,0.85,0.68
2026-01-12,801170,18.67,1.35,2.56
2026-01-12,801160,20.05,1.65,2.1
2026-01-12,801150,39.27,2.94,1.11
2026-01-12,801050,31.33,3.86,1.01
2026-01-12,801110,15.25,2.57,3.65
2026-01-12,801080,72.58,5.51,0.35
2026-01-12,801040,33.7,1.24,1.2
2026-01-12,801030,31.83,2.36,1.12
2026-01-12,801010,24.14,2.63,1.61
2026-01-12,801120,21.46,3.9,3.93
2026-01-12,801710,30.21,1.43,2.55
2026-01-12,801890,42.31,3.42,0.94
2026-01-12,801880,30.39,2.8,1.29
2026-01-12,801790,13.71,1.42,1.86
2026-01-12,801770,51.76,5.13,0.7
2026-01-12,801760,52.84,3.72,0.91
2026-01-12,801750,99.63,5.13,0.45
2026-01-12,801730,41.6,3.45,0.78
2026-01-12,801780,6.3,0.54,4.54
2026-01-13,801180,61.08,0.84,0.69
2026-01-13,801170,18.58,1.35,2.59
2026-01-13,801160,20.01,1.64,2.11
2026-01-13,801150,39.7,2.97,1.09
2026-01-13,801050,31.63,3.91,1.0
2026-01-13,801110,15.02,2.53,3.7
2026-01-13,801080,70.24,5.32,0.36
2026-01-13,801040,33.2,1.22,1.22
2026-01-13,801030,31.69,2.34,1.13
2026-01-13,801010,23.83,2.6,1.63
2026-01-13,801120,21.27,3.86,3.97
2026-01-13,801710,29.66,1.41,2.6
2026-01-13,801880,29.97,2.76,1.31
2026-01-13,801790,13.7,1.42,1.87
2026-01-13,801890,41.58,3.36,0.95
2026-01-13,801770,50.26,4.98,0.72
2026-01-13,801760,53.13,3.74,0.91
2026-01-13,801750,97.71,5.04,0.46
2026-01-13,801730,41.26,3.42,0.78
2026-01-13,801780,6.34,0.54,4.52
2026-01-14,801180,60.46,0.83,0.7
2026-01-14,801170,18.44,1.34,2.61
2026-01-14,801160,19.91,1.64,2.12
2026-01-14,801150,39.64,2.97,1.09
2026-01-14,801010,23.87,2.6,1.63
2026-01-14,801110,15.08,2.54,3.69
2026-01-14,801080,71.17,5.39,0.35
2026-01-14,801050,31.77,3.92,1.0
2026-01-14,801040,33.05,1.21,1.22
2026-01-14,801030,31.75,2.35,1.13
2026-01-14,801120,21.11,3.84,3.99
2026-01-14,801710,29.67,1.41,2.6
2026-01-14,801890,41.7,3.37,0.95
2026-01-14,801880,29.84,2.75,1.31
2026-01-14,801780,6.22,0.53,4.74
2026-01-14,801770,51.21,5.08,0.7
2026-01-14,801760,53.79,3.79,0.89
2026-01-14,801750,101.05,5.21,0.45
2026-01-14,801730,41.19,3.42,0.79
2026-01-14,801790,13.58,1.41,1.88
2026-01-15,801180,60.54,0.84,0.7
2026-01-15,801170,18.46,1.34,2.61
2026-01-15,801160,19.89,1.63,2.13
2026-01-15,801150,39.22,2.94,1.12
2026-01-15,801110,15.01,2.53,3.73
2026-01-15,801080,72.37,5.48,0.35
2026-01-15,801050,32.21,3.98,0.99
2026-01-15,801040,32.84,1.21,1.25
2026-01-15,801030,32.19,2.38,1.11
2026-01-15,801010,23.7,2.59,1.64
2026-01-15,801120,21.0,3.81,4.02
2026-01-15,801710,29.81,1.41,2.58
2026-01-15,801890,41.72,3.37,0.95
2026-01-15,801880,29.85,2.75,1.31
2026-01-15,801790,13.44,1.39,1.9
2026-01-15,801770,51.43,5.1,0.7
2026-01-15,801760,52.33,3.69,0.92
2026-01-15,801750,98.65,5.09,0.46
2026-01-15,801730,41.43,3.44,0.78
2026-01-15,801780,6.18,0.53,4.78
2026-01-16,801180,60.05,0.83,0.7
2026-01-16,801170,18.31,1.33,2.63
2026-01-16,801160,19.87,1.63,2.14
2026-01-16,801150,38.7,2.9,1.13
2026-01-16,801050,31.87,3.94,1.0
2026-01-16,801110,15.11,2.55,3.7
2026-01-16,801080,74.26,5.63,0.35
2026-01-16,801040,32.36,1.19,1.27
2026-01-16,801030,32.03,2.37,1.11
2026-01-16,801010,23.31,2.54,1.67
2026-01-16,801120,20.86,3.79,4.04
2026-01-16,801710,29.71,1.41,2.59
2026-01-16,801890,42.22,3.41,0.93
2026-01-16,801880,30.3,2.79,1.29
2026-01-16,801790,13.28,1.38,1.92
2026-01-16,801770,51.07,5.06,0.71
2026-01-16,801760,49.73,3.5,0.97
2026-01-16,801750,96.4,4.97,0.47
2026-01-16,801730,41.75,3.46,0.77
2026-01-16,801780,6.09,0.52,4.85
2026-01-19,801170,18.51,1.34,2.6
2026-01-19,801160,20.19,1.66,2.1
2026-01-19,801150,38.49,2.88,1.14
2026-01-19,801120,20.88,3.79,4.04
2026-01-19,801050,32.03,3.96,0.99
2026-01-19,801080,73.97,5.61,0.35
2026-01-19,801040,32.67,1.2,1.26
2026-01-19,801030,32.91,2.44,1.08
2026-01-19,801010,23.53,2.57,1.65
2026-01-19,801180,60.69,0.84,0.69
2026-01-19,801110,15.23,2.57,3.67
2026-01-19,801890,42.64,3.45,0.93
2026-01-19,801880,30.8,2.84,1.27
2026-01-19,801790,13.26,1.37,1.93
2026-01-19,801780,6.05,0.51,4.91
2026-01-19,801760,49.61,3.49,0.97
2026-01-19,801750,94.88,4.89,0.48
2026-01-19,801730,42.52,3.53,0.76
2026-01-19,801710,30.17,1.43,2.55
2026-01-19,801770,50.62,5.02,0.71
2026-01-20,801180,61.63,0.85,0.68
2026-01-20,801170,18.74,1.36,2.57
2026-01-20,801160,20.36,1.67,2.08
2026-01-20,801150,38.16,2.86,1.15
2026-01-20,801050,32.12,3.97,0.99
2026-01-20,801110,15.33,2.59,3.65
2026-01-20,801080,73.05,5.54,0.36
2026-01-20,801040,32.85,1.21,1.25
2026-01-20,801030,33.3,2.46,1.07
2026-01-20,801010,23.38,2.55,1.66
2026-01-20,801120,20.96,3.81,4.02
2026-01-20,801710,30.73,1.46,2.51
2026-01-20,801880,30.53,2.81,1.29
2026-01-20,801790,13.31,1.38,1.92
2026-01-20,801890,42.09,3.4,0.94
2026-01-20,801770,48.98,4.86,0.74
2026-01-20,801760,49.68,3.5,0.97
2026-01-20,801750,93.03,4.8,0.49
2026-01-20,801730,41.74,3.46,0.77
2026-01-20,801780,6.1,0.52,4.87
2026-01-21,801180,62.01,0.86,0.68
2026-01-21,801170,18.62,1.35,2.53
2026-01-21,801160,20.2,1.66,2.1
2026-01-21,801150,38.21,2.86,1.14
2026-01-21,801110,15.25,2.57,3.67
2026-01-21,801080,74.96,5.68,0.35
2026-01-21,801050,33.02,4.08,0.96
2026-01-21,801040,33.3,1.22,1.3
2026-01-21,801030,33.58,2.48,1.06
2026-01-21,801010,23.22,2.53,1.67
2026-01-21,801120,20.64,3.75,4.08
2026-01-21,801710,31.11,1.47,2.47
2026-01-21,801890,42.66,3.45,0.92
2026-01-21,801880,30.81,2.84,1.27
2026-01-21,801790,13.2,1.37,1.94
2026-01-21,801770,49.37,4.89,0.73
2026-01-21,801760,49.6,3.49,0.97
2026-01-21,801750,93.64,4.83,0.48
2026-01-21,801730,41.82,3.47,0.77
2026-01-21,801780,6.0,0.51,4.88
2026-01-22,801170,18.68,1.35,2.52
2026-01-22,801160,20.25,1.66,2.08
2026-01-22,801150,38.04,2.85,1.15
2026-01-22,801120,20.58,3.74,4.09
2026-01-22,801050,32.92,4.07,0.97
2026-01-22,801080,75.14,5.69,0.35
2026-01-22,801040,33.91,1.24,1.28
2026-01-22,801030,33.99,2.51,1.05
2026-01-22,801010,23.27,2.54,1.67
2026-01-22,801180,62.47,0.86,0.67
2026-01-22,801110,15.21,2.57,3.67
2026-01-22,801890,42.72,3.45,0.92
2026-01-22,801790,13.16,1.36,1.94
2026-01-22,801780,5.98,0.51,4.9
2026-01-22,801880,30.73,2.83,1.28
2026-01-22,801760,50.04,3.52,0.97
2026-01-22,801750,94.55,4.88,0.48
2026-01-22,801730,41.78,3.46,0.77
2026-01-22,801710,32.38,1.53,2.38
2026-01-22,801770,50.8,5.04,0.71
2026-01-23,801180,63.16,0.87,0.67
2026-01-23,801170,18.62,1.35,2.53
2026-01-23,801160,20.32,1.67,2.05
2026-01-23,801150,38.51,2.88,1.13
2026-01-23,801110,15.1,2.55,4.05
2026-01-23,801080,75.36,5.71,0.35
2026-01-23,801050,33.82,4.18,0.94
2026-01-23,801040,34.77,1.28,1.25
2026-01-23,801030,34.4,2.54,1.02
2026-01-23,801010,23.41,2.55,1.66
2026-01-23,801120,20.56,3.74,4.1
2026-01-23,801710,32.46,1.54,2.37
2026-01-23,801890,43.3,3.5,0.91
2026-01-23,801880,31.09,2.86,1.26
2026-01-23,801790,13.09,1.36,1.94
2026-01-23,801770,50.01,4.96,0.72
2026-01-23,801760,50.98,3.59,0.95
2026-01-23,801750,96.09,4.96,0.47
2026-01-23,801730,43.24,3.58,0.75
2026-01-23,801780,5.92,0.5,4.92
2026-01-26,801180,61.75,0.85,0.68
2026-01-26,801170,18.57,1.34,2.51
2026-01-26,801160,20.28,1.67,1.94
2026-01-26,801150,38.62,2.89,1.13
2026-01-26,801050,35.38,4.37,0.89
2026-01-26,801110,14.85,2.5,4.12
2026-01-26,801080,73.68,5.58,0.36
2026-01-26,801040,34.84,1.28,1.22
2026-01-26,801030,34.26,2.54,1.03
2026-01-26,801010,23.61,2.58,1.65
2026-01-26,801120,20.47,3.72,3.74
2026-01-26,801710,32.25,1.53,2.39
2026-01-26,801890,42.61,3.44,0.93
2026-01-26,801880,30.4,2.8,1.29
2026-01-26,801790,13.2,1.37,1.93
2026-01-26,801770,50.13,4.97,0.72
2026-01-26,801760,50.11,3.53,0.96
2026-01-26,801750,94.15,4.86,0.48
2026-01-26,801730,42.64,3.53,0.69
2026-01-26,801780,5.95,0.51,4.58
2026-01-27,801170,18.42,1.33,2.53
2026-01-27,801160,20.12,1.65,1.95
2026-01-27,801150,38.19,2.86,1.14
2026-01-27,801120,20.29,3.69,3.77
2026-01-27,801050,35.23,4.35,0.9
2026-01-27,801080,75.37,5.71,0.35
2026-01-27,801040,34.36,1.26,1.24
2026-01-27,801030,34.05,2.52,1.03
2026-01-27,801010,23.15,2.53,1.68
2026-01-27,801180,61.18,0.85,0.69
2026-01-27,801110,14.82,2.5,4.13
2026-01-27,801890,42.88,3.47,0.92
2026-01-27,801880,30.4,2.8,1.29
2026-01-27,801790,13.17,1.36,1.93
2026-01-27,801780,5.95,0.51,4.58
2026-01-27,801760,50.3,3.54,0.96
2026-01-27,801750,94.13,4.87,0.48
2026-01-27,801730,42.41,3.52,0.69
2026-01-27,801710,32.12,1.52,2.4
2026-01-27,801770,51.22,5.08,0.7
2026-01-28,801180,61.69,0.85,0.68
2026-01-28,801170,18.34,1.33,2.54
2026-01-28,801160,20.04,1.65,1.96
2026-01-28,801150,37.61,2.82,1.16
2026-01-28,801050,37.33,4.61,0.85
2026-01-28,801110,14.61,2.46,4.19
2026-01-28,801080,75.71,5.74,0.35
2026-01-28,801040,35.12,1.29,1.21
2026-01-28,801030,34.61,2.56,1.02
2026-01-28,801010,23.35,2.55,1.67
2026-01-28,801120,20.16,3.66,3.73
2026-01-28,801710,32.81,1.55,2.35
2026-01-28,801890,42.5,3.43,0.93
2026-01-28,801880,30.08,2.77,1.3
2026-01-28,801790,13.14,1.36,1.93
2026-01-28,801770,51.68,5.12,0.7
2026-01-28,801760,49.44,3.48,0.97
2026-01-28,801750,93.18,4.82,0.48
2026-01-28,801730,42.0,3.49,0.7
2026-01-28,801780,5.91,0.5,4.61
2026-01-29,801180,63.33,0.88,0.66
2026-01-29,801170,18.4,1.33,2.53
2026-01-29,801160,20.03,1.65,1.96
2026-01-29,801150,37.71,2.82,1.16
2026-01-29,801050,37.95,4.69,0.84
2026-01-29,801110,14.74,2.49,4.15
2026-01-29,801080,73.04,5.53,0.36
2026-01-29,801040,35.21,1.29,1.21
2026-01-29,801030,34.32,2.54,1.04
2026-01-29,801010,23.7,2.59,1.64
2026-01-29,801120,21.48,3.9,3.5
2026-01-29,801710,33.15,1.57,2.3
2026-01-29,801890,41.78,3.37,0.95
2026-01-29,801880,29.7,2.73,1.32
2026-01-29,801790,13.44,1.39,1.89
2026-01-29,801770,51.19,5.07,0.7
2026-01-29,801760,51.14,3.6,0.94
2026-01-29,801750,93.25,4.82,0.48
2026-01-29,801730,41.25,3.43,0.71
2026-01-29,801780,6.0,0.51,4.54
2026-01-30,801170,18.35,1.33,2.57
2026-01-30,801160,19.98,1.64,1.97
2026-01-30,801150,37.27,2.79,1.17
2026-01-30,801120,20.88,3.79,3.65
2026-01-30,801050,34.99,4.32,0.91
2026-01-30,801080,73.52,5.57,0.36
2026-01-30,801040,34.21,1.26,1.24
2026-01-30,801030,34.21,2.53,1.04
2026-01-30,801010,23.73,2.61,1.63
2026-01-30,801180,61.76,0.85,0.68
2026-01-30,801110,14.67,2.47,4.17
2026-01-30,801890,41.85,3.38,0.95
2026-01-30,801790,13.23,1.37,1.92
2026-01-30,801780,5.98,0.51,4.56
2026-01-30,801880,29.58,2.72,1.33
2026-01-30,801760,51.03,3.59,0.94
2026-01-30,801750,91.35,4.72,0.49
2026-01-30,801730,41.05,3.41,0.72
2026-01-30,801710,32.69,1.55,2.33
2026-01-30,801770,52.96,5.25,0.68
2026-02-02,801180,63.45,0.83,0.71
2026-02-02,801170,18.06,1.31,2.61
2026-02-02,801160,19.74,1.62,1.99
2026-02-02,801150,36.36,2.72,1.2
2026-02-02,801110,14.6,2.46,4.19
2026-02-02,801080,70.58,5.35,0.37
2026-02-02,801050,32.31,3.99,0.98
2026-02-02,801040,32.17,1.18,1.32
2026-02-02,801030,32.25,2.38,1.1
2026-02-02,801010,22.89,2.51,1.69
2026-02-02,801120,21.12,3.84,3.61
2026-02-02,801710,31.36,1.49,2.43
2026-02-02,801890,41.06,3.32,0.97
2026-02-02,801880,28.84,2.65,1.36
2026-02-02,801790,13.03,1.35,1.95
2026-02-02,801770,51.44,5.1,0.7
2026-02-02,801760,49.93,3.51,0.96
2026-02-02,801750,89.1,4.6,0.51
2026-02-02,801730,40.74,3.38,0.72
2026-02-02,801780,5.99,0.51,4.55
2026-02-03,801180,64.65,0.84,0.69
2026-02-03,801170,18.29,1.32,2.57
2026-02-03,801160,19.87,1.63,1.98
2026-02-03,801150,36.89,2.76,1.18
2026-02-03,801050,33.36,4.12,0.95
2026-02-03,801110,14.72,2.48,4.16
2026-02-03,801080,72.04,5.46,0.36
2026-02-03,801040,33.23,1.22,1.28
2026-02-03,801030,33.28,2.46,1.07
2026-02-03,801010,23.11,2.54,1.68
2026-02-03,801120,21.41,3.89,3.56
2026-02-03,801710,32.45,1.54,2.35
2026-02-03,801890,42.71,3.45,0.93
2026-02-03,801880,29.5,2.72,1.33
2026-02-03,801790,13.06,1.35,1.94
2026-02-03,801770,52.55,5.21,0.69
2026-02-03,801760,51.38,3.62,0.94
2026-02-03,801750,91.47,4.72,0.49
2026-02-03,801730,42.05,3.49,0.7
2026-02-03,801780,5.93,0.5,4.59
2026-02-04,801170,18.8,1.36,2.51
2026-02-04,801160,20.17,1.66,1.95
2026-02-04,801150,37.25,2.79,1.17
2026-02-04,801120,21.91,3.98,3.48
2026-02-04,801050,33.43,4.13,0.95
2026-02-04,801080,71.01,5.37,0.37
2026-02-04,801040,33.93,1.25,1.25
2026-02-04,801030,33.4,2.47,1.06
2026-02-04,801010,23.43,2.57,1.66
2026-02-04,801180,66.63,0.87,0.67
2026-02-04,801110,14.92,2.52,4.11
2026-02-04,801890,42.85,3.46,0.93
2026-02-04,801880,29.9,2.75,1.31
2026-02-04,801790,13.23,1.37,1.92
2026-02-04,801780,6.02,0.51,4.53
2026-02-04,801760,49.84,3.51,0.97
2026-02-04,801750,89.96,4.64,0.5
2026-02-04,801730,42.95,3.57,0.69
2026-02-04,801710,33.58,1.59,2.27
2026-02-04,801770,51.13,5.07,0.71
2026-02-05,801180,66.47,0.87,0.67
2026-02-05,801170,18.84,1.36,2.51
2026-02-05,801160,19.96,1.64,1.97
2026-02-05,801150,37.33,2.8,1.17
2026-02-05,801050,31.91,3.94,1.0
2026-02-05,801110,14.93,2.52,4.1
2026-02-05,801080,70.17,5.31,0.37
2026-02-05,801040,33.19,1.22,1.28
2026-02-05,801030,32.83,2.43,1.08
2026-02-05,801010,23.34,2.56,1.67
2026-02-05,801120,22.2,4.03,3.44
2026-02-05,801710,33.47,1.58,2.31
2026-02-05,801880,29.73,2.74,1.32
2026-02-05,801790,13.24,1.37,1.92
2026-02-05,801890,42.06,3.4,0.94
2026-02-05,801770,49.85,4.93,0.72
2026-02-05,801760,49.93,3.51,0.97
2026-02-05,801750,89.19,4.6,0.51
2026-02-05,801730,41.48,3.45,0.71
2026-02-05,801780,6.11,0.52,4.52
2026-02-06,801180,65.76,0.86,0.68
2026-02-06,801170,18.7,1.35,2.53
2026-02-06,801160,20.01,1.64,1.96
2026-02-06,801150,37.31,2.79,1.18
2026-02-06,801110,14.84,2.5,4.13
2026-02-06,801080,69.76,5.28,0.38
2026-02-06,801050,32.01,3.96,0.99
2026-02-06,801040,33.07,1.22,1.29
2026-02-06,801030,33.51,2.48,1.06
2026-02-06,801010,23.29,2.55,1.67
2026-02-06,801120,21.79,3.96,3.52
2026-02-06,801710,33.18,1.57,2.33
2026-02-06,801890,42.04,3.4,0.94
2026-02-06,801880,29.67,2.73,1.32
2026-02-06,801780,6.08,0.52,4.83
2026-02-06,801770,49.22,4.87,0.73
2026-02-06,801760,49.52,3.49,0.98
2026-02-06,801750,88.58,4.57,0.51
2026-02-06,801730,42.01,3.49,0.7
2026-02-06,801790,13.15,1.36,1.94
2026-02-09,801180,67.05,0.87,0.67
2026-02-09,801170,18.91,1.37,2.51
2026-02-09,801160,20.11,1.65,1.96
2026-02-09,801150,37.52,2.81,1.17
2026-02-09,801050,32.69,4.04,0.97
2026-02-09,801110,14.92,2.51,4.1
2026-02-09,801080,71.85,5.44,0.36
2026-02-09,801040,33.76,1.24,1.26
2026-02-09,801030,33.99,2.51,1.05
2026-02-09,801010,23.39,2.57,1.66
2026-02-09,801120,21.87,3.97,3.51
2026-02-09,801710,33.73,1.59,2.29
2026-02-09,801890,43.09,3.48,0.92
2026-02-09,801880,30.02,2.76,1.31
2026-02-09,801790,13.35,1.38,2.0
2026-02-09,801770,51.77,5.12,0.7
2026-02-09,801760,51.19,3.61,0.94
2026-02-09,801750,91.15,4.7,0.5
2026-02-09,801730,42.98,3.57,0.69
2026-02-09,801780,6.1,0.52,4.83
2026-02-10,801170,18.87,1.37,2.51
2026-02-10,801160,20.01,1.64,1.97
2026-02-10,801150,37.77,2.83,1.16
2026-02-10,801120,21.64,3.93,3.55
2026-02-10,801050,32.63,4.03,0.97
2026-02-10,801080,72.01,5.45,0.36
2026-02-10,801040,33.76,1.24,1.26
2026-02-10,801030,33.96,2.51,1.05
2026-02-10,801010,23.22,2.55,1.67
2026-02-10,801180,66.11,0.86,0.68
2026-02-10,801110,15.09,2.54,4.06
2026-02-10,801890,43.23,3.49,0.92
2026-02-10,801880,30.11,2.77,1.3
2026-02-10,801790,13.29,1.38,2.01
2026-02-10,801780,6.11,0.52,4.81
2026-02-10,801760,53.4,3.76,0.9
2026-02-10,801750,91.75,4.74,0.5
2026-02-10,801730,42.68,3.55,0.69
2026-02-10,801710,33.76,1.6,2.29
2026-02-10,801770,51.84,5.13,0.69
2026-02-11,801180,66.02,0.86,0.68
2026-02-11,801170,18.83,1.36,2.54
2026-02-11,801160,20.0,1.64,1.98
2026-02-11,801150,37.65,2.82,1.17
2026-02-11,801050,33.41,4.13,0.96
2026-02-11,801110,14.99,2.53,4.09
2026-02-11,801080,71.23,5.39,0.37
2026-02-11,801040,34.34,1.26,1.24
2026-02-11,801030,34.45,2.55,1.03
2026-02-11,801010,23.27,2.55,1.67
2026-02-11,801120,21.62,3.93,3.56
2026-02-11,801710,34.8,1.64,2.22
2026-02-11,801880,30.11,2.77,1.3
2026-02-11,801790,13.23,1.37,2.02
2026-02-11,801890,42.97,3.47,0.92
2026-02-11,801770,50.71,5.02,0.71
2026-02-11,801760,52.33,3.69,0.92
2026-02-11,801750,91.77,4.74,0.5
2026-02-11,801730,42.66,3.54,0.69
2026-02-11,801780,6.13,0.52,4.81
2026-02-12,801180,65.57,0.85,0.68
2026-02-12,801170,18.76,1.36,2.55
2026-02-12,801160,20.02,1.64,2.15
2026-02-12,801150,37.43,2.8,1.19
2026-02-12,801110,14.96,2.52,4.09
2026-02-12,801080,72.44,5.48,0.37
2026-02-12,801050,33.69,4.16,0.95
2026-02-12,801040,34.38,1.26,1.24
2026-02-12,801030,34.39,2.54,1.04
2026-02-12,801010,22.93,2.51,1.7
2026-02-12,801120,21.33,3.88,3.6
2026-02-12,801710,35.12,1.66,2.2
2026-02-12,801890,43.54,3.52,0.91
2026-02-12,801880,30.32,2.79,1.29
2026-02-12,801780,6.04,0.51,4.88
2026-02-12,801770,51.48,5.09,0.7
2026-02-12,801760,51.95,3.66,0.93
2026-02-12,801750,93.2,4.81,0.49
2026-02-12,801730,43.36,3.6,0.68
2026-02-12,801790,13.11,1.36,2.04
2026-02-13,801170,18.44,1.34,2.6
2026-02-13,801160,19.76,1.62,2.18
2026-02-13,801150,37.01,2.77,1.21
2026-02-13,801120,21.3,3.87,3.61
2026-02-13,801050,32.55,4.02,0.99
2026-02-13,801080,72.22,5.46,0.37
2026-02-13,801040,33.51,1.23,1.27
2026-02-13,801030,33.8,2.5,1.05
2026-02-13,801010,22.82,2.5,1.71
2026-02-13,801180,65.31,0.85,0.69
2026-02-13,801110,14.88,2.51,4.12
2026-02-13,801880,30.19,2.78,1.3
2026-02-13,801890,43.17,3.49,0.92
2026-02-13,801790,12.95,1.34,2.07
2026-02-13,801780,6.0,0.51,4.91
2026-02-13,801760,51.24,3.61,0.94
2026-02-13,801750,92.69,4.79,0.49
2026-02-13,801730,42.46,3.53,0.69
2026-02-13,801710,34.01,1.61,2.27
2026-02-13,801770,50.61,5.01,0.71
2026-02-24,801160,20.0,1.64,2.12
2026-02-24,801180,65.5,0.85,0.69
2026-02-24,801150,37.08,2.78,1.2
2026-02-24,801170,18.65,1.35,2.57
2026-02-24,801010,23.0,2.52,1.69
2026-02-24,801120,21.12,3.84,3.64
2026-02-24,801110,14.96,2.52,4.09
2026-02-24,801080,73.19,5.54,0.37
2026-02-24,801050,33.63,4.16,0.95
2026-02-24,801040,34.33,1.26,1.24
2026-02-24,801030,34.99,2.59,1.02
2026-02-24,801710,35.18,1.66,2.18
2026-02-24,801890,43.83,3.54,0.9
2026-02-24,801880,30.63,2.82,1.28
2026-02-24,801780,5.98,0.51,4.93
2026-02-24,801770,52.18,5.16,0.69
2026-02-24,801760,49.56,3.49,0.97
2026-02-24,801750,90.98,4.7,0.5
2026-02-24,801730,42.96,3.57,0.68
2026-02-24,801790,12.89,1.34,2.08
2026-02-25,801180,67.16,0.87,0.67
2026-02-25,801170,18.87,1.37,2.54
2026-02-25,801160,20.11,1.65,2.11
2026-02-25,801150,37.39,2.8,1.19
2026-02-25,801010,23.26,2.55,1.67
2026-02-25,801110,14.98,2.52,4.09
2026-02-25,801080,74.21,5.61,0.36
2026-02-25,801050,34.8,4.3,0.92
2026-02-25,801040,35.94,1.32,1.18
2026-02-25,801030,35.77,2.65,1.0
2026-02-25,801120,21.29,3.87,3.61
2026-02-25,801710,36.14,1.71,2.13
2026-02-25,801890,44.2,3.57,0.9
2026-02-25,801880,30.34,2.81,1.29
2026-02-25,801780,5.96,0.51,4.95
2026-02-25,801770,52.31,5.18,0.69
2026-02-25,801760,49.01,3.45,0.98
2026-02-25,801750,91.19,4.71,0.5
2026-02-25,801730,43.51,3.61,0.68
2026-02-25,801790,12.97,1.34,2.07
2026-02-26,801180,65.68,0.85,0.69
2026-02-26,801170,18.94,1.37,2.53
2026-02-26,801160,20.28,1.67,2.1
2026-02-26,801150,37.07,2.78,1.2
2026-02-26,801110,14.87,2.51,4.12
2026-02-26,801080,75.67,5.72,0.36
2026-02-26,801050,34.66,4.28,0.93
2026-02-26,801040,36.45,1.34,1.17
2026-02-26,801030,35.93,2.66,0.99
2026-02-26,801010,23.26,2.55,1.67
2026-02-26,801120,21.03,3.82,3.65
2026-02-26,801770,53.8,5.32,0.67
2026-02-26,801710,35.94,1.7,2.14
2026-02-26,801890,44.81,3.62,0.88
2026-02-26,801880,30.25,2.8,1.3
2026-02-26,801780,5.94,0.5,4.96
2026-02-26,801760,48.28,3.4,1.0
2026-02-26,801750,91.5,4.72,0.5
2026-02-26,801730,43.22,3.59,0.68
2026-02-26,801790,12.78,1.32,2.1
2026-02-27,801180,65.75,0.85,0.69
2026-02-27,801160,20.74,1.7,2.05
2026-02-27,801150,37.2,2.79,1.19
2026-02-27,801120,20.97,3.81,3.66
2026-02-27,801050,35.74,4.42,0.9
2026-02-27,801080,75.19,5.68,0.36
2026-02-27,801040,37.68,1.39,1.13
2026-02-27,801030,36.28,2.68,0.98
2026-02-27,801010,23.74,2.6,1.64
2026-02-27,801110,14.81,2.5,4.13
2026-02-27,801170,19.11,1.38,2.5
2026-02-27,801710,35.48,1.68,2.17
2026-02-27,801890,44.93,3.63,0.88
2026-02-27,801880,30.13,2.79,1.3
2026-02-27,801790,12.79,1.33,2.09
2026-02-27,801770,53.04,5.25,0.68
2026-02-27,801760,48.59,3.42,0.99
2026-02-27,801750,93.17,4.81,0.49
2026-02-27,801730,43.23,3.59,0.68
2026-02-27,801780,5.94,0.5,4.96
2026-03-02,801180,64.42,0.84,0.7
2026-03-02,801160,20.99,1.73,2.03
2026-03-02,801150,36.41,2.73,1.22
2026-03-02,801120,20.7,3.76,3.71
2026-03-02,801050,36.88,4.56,0.87
2026-03-02,801080,73.7,5.59,0.36
2026-03-02,801040,37.83,1.39,1.12
2026-03-02,801030,36.49,2.7,0.98
2026-03-02,801010,23.66,2.59,1.65
2026-03-02,801110,14.54,2.45,4.21
2026-03-02,801170,19.1,1.38,2.51
2026-03-02,801710,35.79,1.69,2.16
2026-03-02,801890,44.57,3.6,0.89
2026-03-02,801880,29.96,2.77,1.31
2026-03-02,801790,12.62,1.31,2.12
2026-03-02,801780,5.98,0.51,4.93
2026-03-02,801760,46.67,3.29,1.03
2026-03-02,801750,90.46,4.67,0.5
2026-03-02,801730,43.03,3.57,0.68
2026-03-02,801770,54.08,5.35,0.67
2026-03-03,801180,62.67,0.81,0.72
2026-03-03,801170,19.32,1.4,2.48
2026-03-03,801160,21.09,1.73,2.02
2026-03-03,801150,35.46,2.66,1.25
2026-03-03,801080,69.78,5.3,0.38
2026-03-03,801120,20.55,3.74,3.74
2026-03-03,801110,14.22,2.4,4.3
2026-03-03,801050,34.82,4.3,0.92
2026-03-03,801040,36.25,1.33,1.17
2026-03-03,801030,35.2,2.6,1.01
2026-03-03,801010,23.56,2.58,1.65
2026-03-03,801710,34.29,1.62,2.25
2026-03-03,801890,42.69,3.45,0.93
2026-03-03,801880,28.99,2.68,1.35
2026-03-03,801780,6.04,0.51,4.88
2026-03-03,801770,52.59,5.2,0.69
2026-03-03,801760,44.69,3.15,1.08
2026-03-03,801750,85.99,4.44,0.53
2026-03-03,801730,42.01,3.49,0.7
2026-03-03,801790,12.55,1.3,2.13
2026-03-04,801180,62.04,0.81,0.73
2026-03-04,801160,21.09,1.73,2.02
2026-03-04,801150,35.06,2.63,1.26
2026-03-04,801120,20.17,3.67,3.81
2026-03-04,801080,69.57,5.28,0.38
2026-03-04,801050,34.64,4.28,0.93
2026-03-04,801040,35.97,1.33,1.18
2026-03-04,801030,34.93,2.58,1.02
2026-03-04,801010,23.87,2.62,1.63
2026-03-04,801110,14.13,2.38,4.33
2026-03-04,801170,18.76,1.36,2.55
2026-03-04,801710,33.96,1.6,2.27
2026-03-04,801890,42.44,3.43,0.93
2026-03-04,801880,28.77,2.66,1.36
2026-03-04,801790,12.28,1.27,2.18
2026-03-04,801780,5.98,0.51,4.93
2026-03-04,801760,44.3,3.12,1.09
2026-03-04,801750,85.31,4.4,0.53
2026-03-04,801730,42.14,3.5,0.7
2026-03-04,801770,51.85,5.13,0.7
2026-03-05,801180,62.45,0.81,0.72
2026-03-05,801170,18.75,1.36,2.55
2026-03-05,801150,35.33,2.65,1.26
2026-03-05,801080,71.0,5.39,0.38
2026-03-05,801110,14.25,2.4,4.29
2026-03-05,801050,34.41,4.25,0.93
2026-03-05,801040,36.13,1.33,1.18
2026-03-05,801030,35.18,2.6,1.01
2026-03-05,801010,23.39,2.56,1.67
2026-03-05,801120,20.19,3.67,3.8
2026-03-05,801160,21.29,1.75,2.0
2026-03-05,801710,33.99,1.6,2.27
2026-03-05,801890,43.33,3.5,0.92
2026-03-05,801880,29.12,2.7,1.35
2026-03-05,801790,12.32,1.28,2.17
2026-03-05,801770,53.32,5.28,0.68
2026-03-05,801760,44.96,3.17,1.07
2026-03-05,801750,86.77,4.48,0.52
2026-03-05,801730,43.09,3.58,0.68
2026-03-05,801780,6.03,0.51,4.89
2026-03-06,801180,62.53,0.81,0.72
2026-03-06,801170,18.92,1.37,2.53
2026-03-06,801160,21.45,1.76,1.98
2026-03-06,801150,36.18,2.71,1.23
2026-03-06,801080,70.95,5.38,0.38
2026-03-06,801120,20.37,3.69,3.79
2026-03-06,801110,14.37,2.42,4.26
2026-03-06,801050,33.78,4.17,0.95
2026-03-06,801040,36.24,1.34,1.17
2026-03-06,801030,36.19,2.68,0.99
2026-03-06,801010,24.26,2.66,1.61
2026-03-06,801890,43.68,3.53,0.91
2026-03-06,801880,29.38,2.72,1.33
2026-03-06,801710,34.0,1.6,2.27
2026-03-06,801780,6.04,0.51,4.88
2026-03-06,801770,52.68,5.22,0.68
2026-03-06,801760,45.3,3.19,1.07
2026-03-06,801750,88.08,4.55,0.51
2026-03-06,801730,43.37,3.61,0.68
2026-03-06,801790,12.46,1.29,2.15
2026-03-09,801180,61.54,0.8,0.73
2026-03-09,801170,18.48,1.34,2.59
2026-03-09,801160,21.65,1.78,1.96
2026-03-09,801150,35.9,2.69,1.24
2026-03-09,801080,68.9,5.28,0.38
2026-03-09,801120,20.25,3.67,3.81
2026-03-09,801110,14.16,2.39,4.32
2026-03-09,801050,33.47,4.14,0.96
2026-03-09,801040,36.01,1.33,1.18
2026-03-09,801030,35.74,2.64,1.0
2026-03-09,801010,24.32,2.67,1.6
2026-03-09,801710,33.37,1.58,2.31
2026-03-09,801890,42.92,3.47,0.92
2026-03-09,801880,28.93,2.68,1.36
2026-03-09,801780,6.0,0.51,4.91
2026-03-09,801770,51.56,5.09,0.7
2026-03-09,801760,45.26,3.18,1.07
2026-03-09,801750,89.46,4.62,0.51
2026-03-09,801730,43.85,3.65,0.67
2026-03-09,801790,12.24,1.27,2.19
2026-03-10,801180,62.19,0.81,0.72
2026-03-10,801170,18.66,1.35,2.56
2026-03-10,801150,36.66,2.74,1.21
2026-03-10,801120,20.35,3.69,3.79
2026-03-10,801080,71.25,5.46,0.37
2026-03-10,801050,33.84,4.18,0.95
2026-03-10,801040,35.81,1.32,1.19
2026-03-10,801030,35.66,2.63,1.0
2026-03-10,801010,24.23,2.67,1.61
2026-03-10,801110,14.41,2.43,4.24
2026-03-10,801160,21.65,1.78,1.96
2026-03-10,801710,34.05,1.61,2.27
2026-03-10,801890,44.11,3.56,0.9
2026-03-10,801880,29.49,2.73,1.33
2026-03-10,801790,12.35,1.28,2.17
2026-03-10,801780,6.01,0.51,4.9
2026-03-10,801760,45.72,3.22,1.05
2026-03-10,801750,89.69,4.67,0.5
2026-03-10,801730,42.71,3.68,0.66
2026-03-10,801770,53.79,5.31,0.67
2026-03-11,801180,62.32,0.81,0.72
2026-03-11,801160,22.01,1.81,1.93
2026-03-11,801150,36.51,2.73,1.22
2026-03-11,801120,20.31,3.69,3.8
2026-03-11,801050,33.71,4.17,0.95
2026-03-11,801080,70.16,5.42,0.37
2026-03-11,801040,35.69,1.32,1.19
2026-03-11,801030,36.43,2.69,0.98
2026-03-11,801010,24.87,2.71,1.6
2026-03-11,801110,14.51,2.44,4.22
2026-03-11,801170,18.71,1.36,2.56
2026-03-11,801710,34.03,1.61,2.27
2026-03-11,801890,43.99,3.55,0.9
2026-03-11,801880,29.5,2.73,1.33
2026-03-11,801790,12.38,1.28,2.16
2026-03-11,801770,54.02,5.33,0.67
2026-03-11,801760,45.2,3.18,1.07
2026-03-11,801750,89.17,4.65,0.5
2026-03-11,801730,43.71,3.77,0.64
2026-03-11,801780,6.06,0.52,4.86
2026-03-12,801180,62.07,0.81,0.73
2026-03-12,801170,18.74,1.36,2.55
2026-03-12,801150,36.23,2.71,1.23
2026-03-12,801080,69.46,5.36,0.38
2026-03-12,801110,14.48,2.44,4.23
2026-03-12,801050,33.44,4.13,0.96
2026-03-12,801040,35.95,1.33,1.18
2026-03-12,801030,36.54,2.7,0.97
2026-03-12,801010,25.2,2.74,1.58
2026-03-12,801120,20.23,3.67,3.81
2026-03-12,801160,22.43,1.84,1.9
2026-03-12,801710,33.83,1.59,2.29
2026-03-12,801890,43.18,3.49,0.92
2026-03-12,801880,29.13,2.7,1.35
2026-03-12,801790,12.33,1.28,2.17
2026-03-12,801770,53.19,5.25,0.68
2026-03-12,801760,44.62,3.14,1.08
2026-03-12,801750,88.67,4.62,0.51
2026-03-12,801730,43.62,3.76,0.64
2026-03-12,801780,6.1,0.52,4.83
2026-03-13,801180,62.14,0.81,0.73
2026-03-13,801170,18.7,1.35,2.56
2026-03-13,801150,36.12,2.7,1.23
2026-03-13,801080,68.37,5.31,0.38
2026-03-13,801110,14.45,2.43,4.24
2026-03-13,801050,32.54,4.02,0.98
2026-03-13,801040,35.65,1.31,1.19
2026-03-13,801030,36.32,2.69,0.98
2026-03-13,801010,24.97,2.72,1.59
2026-03-13,801120,20.41,3.7,3.78
2026-03-13,801160,22.11,1.82,1.92
2026-03-13,801710,33.6,1.58,2.3
2026-03-13,801890,42.61,3.44,0.93
2026-03-13,801880,28.84,2.67,1.36
2026-03-13,801790,12.22,1.27,2.19
2026-03-13,801770,52.77,5.21,0.68
2026-03-13,801760,43.86,3.08,1.1
2026-03-13,801750,86.25,4.49,0.52
2026-03-13,801730,43.33,3.73,0.65
2026-03-13,801780,6.12,0.52,4.81
2026-03-16,801180,63.09,0.81,0.72
2026-03-16,801170,18.83,1.36,2.54
2026-03-16,801160,21.65,1.78,1.95
2026-03-16,801150,36.3,2.72,1.22
2026-03-16,801080,69.55,5.41,0.37
2026-03-16,801120,20.81,3.78,3.7
2026-03-16,801110,14.41,2.43,4.25
2026-03-16,801050,31.6,3.91,1.01
2026-03-16,801040,34.51,1.27,1.23
2026-03-16,801030,35.49,2.63,1.0
2026-03-16,801010,25.15,2.74,1.58
2026-03-16,801890,42.33,3.42,0.93
2026-03-16,801880,28.97,2.68,1.35
2026-03-16,801710,33.06,1.56,2.34
2026-03-16,801780,6.15,0.52,4.8
2026-03-16,801770,53.15,5.25,0.68
2026-03-16,801760,44.11,3.1,1.09
2026-03-16,801750,86.44,4.5,0.52
2026-03-16,801730,43.16,3.72,0.65
2026-03-16,801790,12.17,1.26,2.2
2026-03-17,801180,71.94,0.82,0.72
2026-03-17,801160,21.5,1.77,1.97
2026-03-17,801150,36.25,2.71,1.23
2026-03-17,801080,67.34,5.25,0.38
2026-03-17,801110,14.34,2.42,4.27
2026-03-17,801050,31.07,3.85,1.03
2026-03-17,801040,33.96,1.26,1.24
2026-03-17,801030,34.61,2.56,1.02
2026-03-17,801010,24.73,2.69,1.61
2026-03-17,801120,20.93,3.8,3.68
2026-03-17,801170,18.73,1.36,2.56
2026-03-17,801710,32.57,1.53,2.37
2026-03-17,801890,41.33,3.34,0.96
2026-03-17,801880,28.68,2.66,1.37
2026-03-17,801790,12.33,1.28,2.17
2026-03-17,801770,50.67,5.0,0.71
2026-03-17,801780,6.2,0.53,4.75
2026-03-17,801730,42.17,3.63,0.66
2026-03-17,801750,84.62,4.41,0.53
2026-03-17,801760,43.77,3.08,1.1
2026-03-18,801180,71.19,0.81,0.73
2026-03-18,801170,18.77,1.36,2.55
2026-03-18,801160,21.51,1.77,1.96
2026-03-18,801150,36.46,2.73,1.22
2026-03-18,801120,20.74,3.76,3.72
2026-03-18,801080,68.93,5.37,0.38
2026-03-18,801040,33.73,1.25,1.25
2026-03-18,801030,34.55,2.55,1.02
2026-03-18,801010,24.56,2.67,1.62
2026-03-18,801110,14.42,2.43,4.24
2026-03-18,801050,30.89,3.82,1.04
2026-03-18,801710,32.77,1.54,2.36
2026-03-18,801890,41.85,3.38,0.95
2026-03-18,801880,28.67,2.66,1.36
2026-03-18,801790,12.31,1.28,2.17
2026-03-18,801770,53.28,5.26,0.68
2026-03-18,801760,44.18,3.11,1.09
2026-03-18,801750,86.67,4.52,0.52
2026-03-18,801730,42.28,3.64,0.66
2026-03-18,801780,6.17,0.52,4.78
2026-03-19,801180,69.23,0.79,0.75
2026-03-19,801170,18.4,1.33,2.6
2026-03-19,801160,21.59,1.78,1.96
2026-03-19,801150,35.77,2.68,1.24
2026-03-19,801080,67.19,5.23,0.38
2026-03-19,801120,20.49,3.72,3.76
2026-03-19,801110,14.16,2.39,4.32
2026-03-19,801050,29.0,3.59,1.1
2026-03-19,801040,32.35,1.2,1.3
2026-03-19,801030,33.24,2.46,1.06
2026-03-19,801010,24.11,2.62,1.65
2026-03-19,801710,31.74,1.49,2.45
2026-03-19,801890,40.65,3.28,0.97
2026-03-19,801880,27.99,2.59,1.4
2026-03-19,801780,6.16,0.52,4.78
2026-03-19,801770,53.07,5.24,0.68
2026-03-19,801760,43.5,3.06,1.11
2026-03-19,801750,85.42,4.45,0.52
2026-03-19,801730,41.41,3.56,0.67
2026-03-19,801790,12.14,1.26,2.21
2026-03-20,801150,35.19,2.63,1.26
2026-03-20,801180,68.03,0.78,0.76
2026-03-20,801010,23.88,2.6,1.66
2026-03-20,801170,18.8,1.32,2.62
2026-03-20,801160,21.54,1.77,1.96
2026-03-20,801030,32.44,2.4,1.09
2026-03-20,801120,20.31,3.68,3.8
2026-03-20,801110,13.98,2.36,4.38
2026-03-20,801080,65.86,5.16,0.39
2026-03-20,801050,28.66,3.55,1.11
2026-03-20,801040,31.67,1.18,1.33
2026-03-20,801730,42.03,3.62,0.66
2026-03-20,801710,31.29,1.46,2.5
2026-03-20,801890,39.93,3.23,0.99
2026-03-20,801770,54.09,5.31,0.67
2026-03-20,801790,11.94,1.23,2.25
2026-03-20,801780,6.15,0.52,4.8
2026-03-20,801760,42.18,2.97,1.14
2026-03-20,801750,82.2,4.29,0.55
2026-03-20,801880,27.56,2.55,1.42
2026-03-23,801180,64.63,0.74,0.8
2026-03-23,801160,21.13,1.74,2.0
2026-03-23,801150,33.46,2.5,1.33
2026-03-23,801120,19.64,3.57,3.93
2026-03-23,801050,25.96,3.33,1.17
2026-03-23,801080,62.3,4.88,0.41
2026-03-23,801040,30.26,1.13,1.39
2026-03-23,801030,31.5,2.33,1.12
2026-03-23,801010,22.49,2.45,1.76
2026-03-23,801110,13.48,2.27,4.55
2026-03-23,801170,18.02,1.26,2.74
2026-03-23,801710,30.14,1.41,2.59
2026-03-23,801890,38.01,3.07,1.04
2026-03-23,801880,26.77,2.48,1.46
2026-03-23,801790,11.46,1.19,2.34
2026-03-23,801770,51.88,5.09,0.7
2026-03-23,801760,40.04,2.81,1.21
2026-03-23,801750,77.68,4.06,0.58
2026-03-23,801730,41.04,3.54,0.68
2026-03-23,801780,5.95,0.5,4.96
2026-03-24,801180,66.5,0.76,0.77
2026-03-24,801160,21.83,1.8,1.93
2026-03-24,801150,33.4,2.57,1.29
2026-03-24,801120,19.82,3.6,3.89
2026-03-24,801050,26.87,3.44,1.13
2026-03-24,801080,63.66,5.0,0.4
2026-03-24,801040,31.24,1.16,1.35
2026-03-24,801030,32.33,2.37,1.11
2026-03-24,801010,22.59,2.46,1.75
2026-03-24,801110,13.67,2.3,4.48
2026-03-24,801170,18.58,1.3,2.66
2026-03-24,801710,31.23,1.46,2.5
2026-03-24,801890,39.05,3.15,1.01
2026-03-24,801880,27.19,2.51,1.44
2026-03-24,801790,11.6,1.2,2.31
2026-03-24,801780,6.07,0.51,5.23
2026-03-24,801760,40.93,2.88,1.18
2026-03-24,801750,79.25,4.15,0.56
2026-03-24,801730,41.32,3.56,0.67
2026-03-24,801770,52.92,5.19,0.68
2026-03-25,801180,68.49,0.77,0.76
2026-03-25,801170,18.85,1.32,2.62
2026-03-25,801160,22.32,1.84,1.89
2026-03-25,801150,33.73,2.6,1.28
2026-03-25,801080,65.11,5.12,0.39
2026-03-25,801120,19.97,3.62,3.87
2026-03-25,801110,13.86,2.34,4.42
2026-03-25,801050,27.67,3.54,1.1
2026-03-25,801040,31.83,1.19,1.32
2026-03-25,801030,32.87,2.41,1.09
2026-03-25,801010,22.95,2.5,1.73
2026-03-25,801710,32.61,1.48,2.45
2026-03-25,801890,39.93,3.22,0.99
2026-03-25,801880,27.66,2.56,1.42
2026-03-25,801780,6.11,0.52,5.2
2026-03-25,801770,55.07,5.38,0.66
2026-03-25,801760,41.81,2.94,1.16
2026-03-25,801750,80.7,4.22,0.55
2026-03-25,801730,41.82,3.6,0.67
2026-03-25,801790,11.74,1.21,2.29
2026-03-26,801180,67.4,0.76,0.77
2026-03-26,801170,18.7,1.32,2.63
2026-03-26,801150,33.26,2.56,1.29
2026-03-26,801120,19.8,3.59,3.9
2026-03-26,801080,63.66,5.01,0.4
2026-03-26,801050,27.11,3.48,1.11
2026-03-26,801040,31.27,1.16,1.35
2026-03-26,801030,32.73,2.4,1.09
2026-03-26,801010,22.73,2.47,1.75
2026-03-26,801110,13.77,2.32,4.45
2026-03-26,801160,22.24,1.83,1.9
2026-03-26,801710,32.58,1.46,2.48
2026-03-26,801890,39.22,3.16,1.01
2026-03-26,801880,27.2,2.51,1.44
2026-03-26,801790,11.46,1.18,2.35
2026-03-26,801780,6.13,0.52,5.18
2026-03-26,801760,41.06,2.89,1.18
2026-03-26,801750,78.4,4.1,0.57
2026-03-26,801730,41.44,3.57,0.67
2026-03-26,801770,53.78,5.26,0.67
2026-03-27,801180,68.29,0.76,0.77
2026-03-27,801170,18.62,1.31,2.63
2026-03-27,801150,34.51,2.66,1.24
2026-03-27,801080,64.12,5.04,0.4
2026-03-27,801110,13.86,2.32,4.45
2026-03-27,801050,28.04,3.59,1.08
2026-03-27,801040,31.75,1.18,1.33
2026-03-27,801030,33.52,2.46,1.06
2026-03-27,801010,23.11,2.52,1.72
2026-03-27,801120,20.09,3.64,3.84
2026-03-27,801160,22.19,1.82,1.91
2026-03-27,801710,32.81,1.47,2.47
2026-03-27,801890,40.23,3.2,1.0
2026-03-27,801880,27.84,2.54,1.43
2026-03-27,801790,11.62,1.18,2.34
2026-03-27,801770,53.69,5.22,0.68
2026-03-27,801760,41.3,2.92,1.16
2026-03-27,801750,79.01,4.13,0.57
2026-03-27,801730,41.94,3.62,0.66
2026-03-27,801780,6.1,0.52,5.2
2026-03-30,801180,68.76,0.76,0.77
2026-03-30,801170,18.62,1.31,2.63
2026-03-30,801160,21.56,1.77,1.97
2026-03-30,801150,34.76,2.68,1.23
2026-03-30,801080,63.35,5.02,0.4
2026-03-30,801120,20.21,3.67,3.82
2026-03-30,801110,13.64,2.28,4.52
2026-03-30,801050,28.45,3.65,1.06
2026-03-30,801040,31.95,1.19,1.32
2026-03-30,801030,33.69,2.47,1.06
2026-03-30,801010,25.72,2.52,1.71
2026-03-30,801890,40.57,3.18,1.0
2026-03-30,801880,28.25,2.54,1.42
2026-03-30,801710,33.33,1.49,2.43
2026-03-30,801780,6.12,0.52,5.18
2026-03-30,801770,54.4,5.28,0.67
2026-03-30,801760,41.21,2.92,1.16
2026-03-30,801750,78.14,4.13,0.54
2026-03-30,801730,41.22,3.56,0.67
2026-03-30,801790,11.5,1.16,2.36
2026-03-31,801180,68.6,0.76,0.78
2026-03-31,801170,18.47,1.3,2.65
2026-03-31,801160,21.07,1.73,2.01
2026-03-31,801150,34.45,2.67,1.23
2026-03-31,801080,61.49,4.86,0.41
2026-03-31,801110,14.0,2.31,4.45
2026-03-31,801050,27.81,3.58,1.08
2026-03-31,801040,31.56,1.18,1.34
2026-03-31,801030,32.23,2.4,1.08
2026-03-31,801120,20.33,3.67,3.81
2026-03-31,801010,25.2,2.47,1.75
2026-03-31,801710,33.69,1.48,2.46
2026-03-31,801880,28.12,2.51,1.42
2026-03-31,801790,11.44,1.16,2.36
2026-03-31,801890,40.0,3.11,1.01
2026-03-31,801770,51.34,5.09,0.68
2026-03-31,801760,40.94,2.91,1.17
2026-03-31,801750,76.99,4.07,0.55
2026-03-31,801730,39.63,3.44,0.69
2026-03-31,801780,6.16,0.52,5.14
2026-04-01,801150,35.82,2.78,1.19
2026-04-01,801180,68.96,0.81,0.78
2026-04-01,801010,25.28,2.48,1.74
2026-04-01,801170,18.81,1.33,2.6
2026-04-01,801160,20.96,1.72,2.02
2026-04-01,801030,32.63,2.43,1.07
2026-04-01,801120,20.51,3.7,3.78
2026-04-01,801110,14.19,2.34,4.39
2026-04-01,801080,63.63,5.01,0.4
2026-04-01,801050,28.43,3.67,1.05
2026-04-01,801040,32.07,1.2,1.32
2026-04-01,801730,40.28,3.46,0.69
2026-04-01,801710,34.46,1.52,2.41
2026-04-01,801890,41.02,3.18,0.99
2026-04-01,801770,53.05,5.26,0.66
2026-04-01,801790,11.65,1.18,2.32
2026-04-01,801780,6.17,0.52,5.14
2026-04-01,801760,42.19,2.99,1.13
2026-04-01,801750,79.07,4.15,0.54
2026-04-01,801880,28.53,2.55,1.4
2026-04-02,801180,67.19,0.79,0.79
2026-04-02,801160,20.82,1.71,2.03
2026-04-02,801150,35.79,2.78,1.19
2026-04-02,801120,20.53,3.71,3.77
2026-04-02,801050,27.9,3.6,1.07
2026-04-02,801080,61.88,4.86,0.41
2026-04-02,801040,31.72,1.18,1.34
2026-04-02,801030,32.16,2.4,1.09
2026-04-02,801010,25.68,2.52,1.71
2026-04-02,801110,14.1,2.32,4.42
2026-04-02,801170,18.81,1.33,2.6
2026-04-02,801710,34.09,1.5,2.05
2026-04-02,801890,40.22,3.12,1.01
2026-04-02,801880,27.46,2.51,1.42
2026-04-02,801790,11.43,1.16,2.35
2026-04-02,801770,52.02,5.15,0.68
2026-04-02,801760,41.06,2.92,1.16
2026-04-02,801750,76.6,4.02,0.56
2026-04-02,801730,39.47,3.39,0.7
2026-04-02,801780,6.2,0.52,5.11
2026-04-03,801180,65.66,0.77,0.81
2026-04-03,801170,18.62,1.31,2.63
2026-04-03,801150,35.01,2.72,1.21
2026-04-03,801120,20.34,3.67,3.81
2026-04-03,801050,27.58,3.56,1.08
2026-04-03,801080,62.0,4.87,0.41
2026-04-03,801040,31.33,1.17,1.36
2026-04-03,801030,31.69,2.36,1.1
2026-04-03,801010,24.95,2.44,1.76
2026-04-03,801110,13.91,2.29,4.48
2026-04-03,801160,20.26,1.67,2.09
2026-04-03,801710,33.61,1.47,2.09
2026-04-03,801890,39.95,3.1,1.01
2026-04-03,801880,27.02,2.47,1.44
2026-04-03,801790,11.36,1.15,2.36
2026-04-03,801780,6.13,0.52,5.17
2026-04-03,801760,40.12,2.85,1.19
2026-04-03,801750,75.75,3.99,0.56
2026-04-03,801730,38.4,3.3,0.72
2026-04-03,801770,53.4,5.28,0.66
2026-04-07,801180,66.12,0.78,0.81
2026-04-07,801170,18.65,1.31,2.63
2026-04-07,801160,20.27,1.67,2.09
2026-04-07,801150,35.04,2.72,1.21
2026-04-07,801080,62.74,4.93,0.41
2026-04-07,801120,20.23,3.65,3.83
2026-04-07,801110,13.89,2.28,4.49
2026-04-07,801050,27.79,3.59,1.08
2026-04-07,801040,31.55,1.18,1.35
2026-04-07,801030,32.89,2.45,1.06
2026-04-07,801010,25.42,2.49,1.73
2026-04-07,801710,33.91,1.48,2.07
2026-04-07,801890,39.99,3.1,1.01
2026-04-07,801880,26.89,2.46,1.45
2026-04-07,801780,6.07,0.51,5.22
2026-04-07,801770,53.61,5.3,0.66
2026-04-07,801760,40.54,2.88,1.18
2026-04-07,801750,75.97,4.0,0.57
2026-04-07,801730,38.45,3.3,0.72
2026-04-07,801790,11.31,1.14,2.37
2026-04-08,801150,35.64,2.77,1.19
2026-04-08,801180,68.58,0.81,0.78
2026-04-08,801010,25.81,2.53,1.71
2026-04-08,801170,19.06,1.34,2.57
2026-04-08,801160,20.6,1.7,2.05
2026-04-08,801030,33.41,2.49,1.05
2026-04-08,801120,20.55,3.71,3.77
2026-04-08,801110,14.22,2.34,4.38
2026-04-08,801080,66.82,5.25,0.38
2026-04-08,801050,29.32,3.8,1.02
2026-04-08,801040,32.57,1.22,1.3
2026-04-08,801730,39.95,3.43,0.69
2026-04-08,801710,35.17,1.54,2.0
2026-04-08,801890,42.38,3.29,0.96
2026-04-08,801770,57.22,5.67,0.61
2026-04-08,801790,11.8,1.19,2.28
2026-04-08,801780,6.12,0.52,5.18
2026-04-08,801760,43.12,3.07,1.11
2026-04-08,801750,80.86,4.26,0.54
2026-04-08,801880,27.95,2.56,1.39
2026-04-09,801180,67.99,0.8,0.78
2026-04-09,801170,18.77,1.32,2.61
2026-04-09,801150,35.09,2.73,1.21
2026-04-09,801120,20.34,3.67,3.81
2026-04-09,801050,29.14,3.78,1.02
2026-04-09,801080,66.88,5.27,0.38
2026-04-09,801040,32.46,1.21,1.31
2026-04-09,801030,33.35,2.49,1.05
2026-04-09,801010,25.49,2.5,1.73
2026-04-09,801110,14.07,2.31,4.43
2026-04-09,801160,20.4,1.68,2.07
2026-04-09,801710,34.92,1.53,2.01
2026-04-09,801890,42.3,3.28,0.96
2026-04-09,801790,11.56,1.17,2.32
2026-04-09,801880,27.81,2.55,1.4
2026-04-09,801770,57.8,5.73,0.61
2026-04-09,801760,42.18,3.0,1.13
2026-04-09,801750,79.4,4.18,0.55
2026-04-09,801730,39.7,3.41,0.7
2026-04-09,801780,6.07,0.51,5.22
2026-04-10,801180,69.45,0.81,0.78
2026-04-10,801010,25.42,2.48,1.74
2026-04-10,801170,18.75,1.32,2.62
2026-04-10,801160,20.41,1.68,2.07
2026-04-10,801150,35.31,2.74,1.2
2026-04-10,801030,33.53,2.5,1.04
2026-04-10,801120,20.33,3.67,3.81
2026-04-10,801110,14.16,2.33,4.4
2026-04-10,801080,68.25,5.37,0.37
2026-04-10,801050,28.93,3.76,1.02
2026-04-10,801040,31.7,1.21,1.31
2026-04-10,801730,41.05,3.53,0.67
2026-04-10,801710,35.26,1.55,1.99
2026-04-10,801890,42.8,3.32,0.95
2026-04-10,801770,58.97,5.85,0.59
2026-04-10,801790,11.85,1.2,2.27
2026-04-10,801780,6.06,0.51,5.23
2026-04-10,801760,42.84,3.03,1.12
2026-04-10,801750,80.23,4.23,0.58
2026-04-10,801880,28.26,2.59,1.37
2026-04-13,801180,70.41,0.82,0.77
2026-04-13,801170,18.49,1.3,2.65
2026-04-13,801160,20.56,1.69,2.06
2026-04-13,801150,35.07,2.72,1.21
2026-04-13,801120,20.25,3.65,3.83
2026-04-13,801110,14.08,2.31,4.43
2026-04-13,801080,69.97,5.42,0.37
2026-04-13,801050,29.01,3.77,1.02
2026-04-13,801040,32.16,1.22,1.29
2026-04-13,801030,33.94,2.52,1.03
2026-04-13,801730,41.46,3.57,0.66
2026-04-13,801710,36.28,1.59,1.93
2026-04-13,801750,80.88,4.25,0.58
2026-04-13,801760,42.16,2.97,1.14
2026-04-13,801780,6.06,0.51,5.23
2026-04-13,801790,11.83,1.2,2.27
2026-04-13,801880,28.83,2.59,1.37
2026-04-13,801890,42.83,3.31,0.95
2026-04-13,801010,25.76,2.51,1.72
2026-04-13,801770,58.8,5.83,0.6
2026-04-14,801010,26.28,2.56,1.69
2026-04-14,801030,33.99,2.52,1.03
2026-04-14,801040,31.98,1.22,1.3
2026-04-14,801050,29.61,3.84,1.0
2026-04-14,801080,71.83,5.56,0.36
2026-04-14,801110,14.21,2.34,4.38
2026-04-14,801150,35.31,2.74,1.2
2026-04-14,801160,20.59,1.69,2.05
2026-04-14,801170,18.54,1.3,2.65
2026-04-14,801180,73.9,0.84,0.75
2026-04-14,801120,20.3,3.66,3.82
2026-04-14,801890,43.44,3.36,0.93
2026-04-14,801880,28.89,2.6,1.37
2026-04-14,801790,11.94,1.21,2.25
2026-04-14,801770,59.84,5.94,0.59
2026-04-14,801780,6.12,0.52,5.18
2026-04-14,801750,81.91,4.31,0.57
2026-04-14,801730,42.11,3.63,0.65
2026-04-14,801710,37.3,1.6,1.92
2026-04-14,801760,42.68,3.01,1.13
2026-04-15,801180,72.11,0.83,0.76
2026-04-15,801170,18.65,1.31,2.63
2026-04-15,801160,20.59,1.69,2.05
2026-04-15,801150,35.77,2.78,1.19
2026-04-15,801010,26.34,2.56,1.68
2026-04-15,801110,14.3,2.35,4.35
2026-04-15,801080,70.95,5.51,0.38
2026-04-15,801050,29.24,3.79,1.01
2026-04-15,801040,31.41,1.2,1.31
2026-04-15,801030,33.44,2.47,1.05
2026-04-15,801120,20.4,3.69,3.8
2026-04-15,801770,59.03,5.85,0.59
2026-04-15,801710,36.85,1.58,1.94
2026-04-15,801890,42.9,3.32,0.94
2026-04-15,801880,28.8,2.59,1.37
2026-04-15,801790,11.87,1.2,2.26
2026-04-15,801760,42.41,2.99,1.14
2026-04-15,801750,81.02,4.26,0.58
2026-04-15,801730,41.78,3.6,0.66
2026-04-15,801780,6.18,0.52,5.13
2026-04-16,801180,72.49,0.83,0.76
2026-04-16,801170,18.67,1.31,2.63
2026-04-16,801160,20.7,1.7,2.04
2026-04-16,801150,35.7,2.77,1.19
2026-04-16,801080,71.99,5.59,0.37
2026-04-16,801110,14.39,2.36,4.33
2026-04-16,801050,30.07,3.9,0.98
2026-04-16,801040,32.08,1.23,1.29
2026-04-16,801030,33.98,2.51,1.03
2026-04-16,801010,26.48,2.57,1.68
2026-04-16,801120,20.41,3.69,3.8
2026-04-16,801770,61.39,6.09,0.57
2026-04-16,801710,37.56,1.61,1.91
2026-04-16,801890,43.51,3.37,0.93
2026-04-16,801880,29.29,2.63,1.35
2026-04-16,801790,11.92,1.21,2.25
2026-04-16,801760,43.11,3.07,1.11
2026-04-16,801750,82.73,4.36,0.56
2026-04-16,801730,42.59,3.66,0.64
2026-04-16,801780,6.16,0.52,5.14
2026-04-17,801180,73.39,0.84,0.75
2026-04-17,801170,18.55,1.3,2.64
2026-04-17,801160,20.64,1.7,2.04
2026-04-17,801150,35.05,2.73,1.21
2026-04-17,801080,72.97,5.67,0.36
2026-04-17,801110,14.44,2.37,4.32
2026-04-17,801050,30.12,3.9,1.02
2026-04-17,801040,31.99,1.23,1.29
2026-04-17,801030,33.87,2.51,1.03
2026-04-17,801120,20.68,3.64,3.88
2026-04-17,801010,26.1,2.54,1.7
2026-04-17,801710,37.32,1.61,1.91
2026-04-17,801880,29.26,2.62,1.35
2026-04-17,801790,11.83,1.2,2.23
2026-04-17,801890,43.87,3.39,0.92
2026-04-17,801770,64.08,6.29,0.48
2026-04-17,801760,43.27,3.06,1.11
2026-04-17,801750,82.58,4.36,0.56
2026-04-17,801730,42.64,3.66,0.65
2026-04-17,801780,6.14,0.52,5.16
2026-04-20,801180,67.96,0.85,0.75
2026-04-20,801170,18.31,1.31,2.63
2026-04-20,801160,20.98,1.72,2.01
2026-04-20,801150,35.11,2.72,1.21
2026-04-20,801110,14.61,2.4,4.27
2026-04-20,801080,74.45,5.75,0.36
2026-04-20,801050,30.17,3.91,1.01
2026-04-20,801040,32.78,1.22,1.29
2026-04-20,801030,33.84,2.51,1.03
2026-04-20,801010,25.88,2.54,1.69
2026-04-20,801120,20.78,3.65,3.84
2026-04-20,801770,64.51,6.33,0.48
2026-04-20,801710,37.28,1.6,1.92
2026-04-20,801890,44.13,3.41,0.91
2026-04-20,801880,29.25,2.62,1.35
2026-04-20,801790,11.88,1.2,2.23
2026-04-20,801760,43.67,3.09,1.1
2026-04-20,801750,82.3,4.38,0.55
2026-04-20,801730,42.7,3.67,0.64
2026-04-20,801780,6.21,0.52,4.96
2026-04-21,801180,68.75,0.85,0.75
2026-04-21,801160,21.13,1.74,1.99
2026-04-21,801150,34.83,2.7,1.22
2026-04-21,801080,74.27,5.73,0.36
2026-04-21,801110,14.62,2.4,4.27
2026-04-21,801050,30.43,3.91,1.01
2026-04-21,801040,34.14,1.22,1.3
2026-04-21,801030,33.66,2.51,1.03
2026-04-21,801010,25.86,2.53,1.7
2026-04-21,801120,20.81,3.65,3.86
2026-04-21,801170,18.41,1.32,2.62
2026-04-21,801710,37.33,1.61,1.92
2026-04-21,801890,44.25,3.39,0.92
2026-04-21,801880,29.21,2.62,1.35
2026-04-21,801790,11.8,1.19,2.29
2026-04-21,801770,64.56,6.31,0.48
2026-04-21,801780,6.23,0.53,4.94
2026-04-21,801730,43.06,3.7,0.64
2026-04-21,801750,80.69,4.3,0.56
2026-04-21,801760,43.74,3.08,1.1
2026-04-22,801180,70.31,0.85,0.75
2026-04-22,801170,18.29,1.31,2.63
2026-04-22,801160,21.13,1.74,1.99
2026-04-22,801150,35.22,2.72,1.21
2026-04-22,801120,20.74,3.64,3.88
2026-04-22,801080,76.64,5.91,0.35
2026-04-22,801040,34.43,1.23,1.29
2026-04-22,801030,33.82,2.52,1.03
2026-04-22,801010,28.48,2.51,1.71
2026-04-22,801110,14.64,2.4,4.26
2026-04-22,801050,30.52,3.87,1.0
2026-04-22,801710,37.42,1.62,1.91
2026-04-22,801890,44.67,3.42,0.91
2026-04-22,801880,29.28,2.63,1.34
2026-04-22,801790,11.87,1.2,2.28
2026-04-22,801770,67.38,6.57,0.46
2026-04-22,801760,43.9,3.07,1.11
2026-04-22,801750,82.25,4.37,0.55
2026-04-22,801730,42.89,3.69,0.97
2026-04-22,801780,6.19,0.52,4.97
2026-04-23,801180,72.3,0.85,0.75
2026-04-23,801170,18.2,1.3,2.65
2026-04-23,801160,21.42,1.76,1.96
2026-04-23,801150,34.62,2.69,1.22
2026-04-23,801080,75.57,5.82,0.35
2026-04-23,801120,21.02,3.66,3.83
2026-04-23,801110,14.71,2.4,4.25
2026-04-23,801050,29.41,3.73,1.04
2026-04-23,801040,33.86,1.21,1.31
2026-04-23,801030,33.56,2.49,1.03
2026-04-23,801010,29.47,2.47,1.73
2026-04-23,801710,37.26,1.61,1.91
2026-04-23,801890,44.06,3.37,0.92
2026-04-23,801880,29.25,2.61,1.35
2026-04-23,801780,6.2,0.52,4.96
2026-04-23,801770,66.72,6.5,0.47
2026-04-23,801760,43.73,3.05,1.12
2026-04-23,801750,81.38,4.34,0.55
2026-04-23,801730,42.47,3.66,0.87
2026-04-23,801790,11.79,1.19,2.3
2026-04-24,801180,76.83,0.85,0.75
2026-04-24,801170,18.14,1.29,2.66
2026-04-24,801160,21.19,1.73,2.0
2026-04-24,801150,34.7,2.68,1.22
2026-04-24,801110,14.64,2.39,4.27
2026-04-24,801080,75.05,5.79,0.35
2026-04-24,801050,29.61,3.73,1.06
2026-04-24,801040,34.03,1.2,1.32
2026-04-24,801030,34.12,2.52,1.02
2026-04-24,801010,29.75,2.45,1.75
2026-04-24,801120,21.26,3.7,3.79
2026-04-24,801770,61.89,6.17,0.48
2026-04-24,801710,37.01,1.6,1.92
2026-04-24,801890,43.74,3.34,0.93
2026-04-24,801880,28.92,2.57,1.37
2026-04-24,801790,11.7,1.18,2.31
2026-04-24,801760,42.79,3.0,1.14
2026-04-24,801750,81.02,4.31,0.55
2026-04-24,801730,42.68,3.65,0.87
2026-04-24,801780,6.19,0.52,4.97
2026-04-27,801180,76.84,0.85,0.75
2026-04-27,801160,21.13,1.73,2.0
2026-04-27,801150,34.63,2.67,1.22
2026-04-27,801120,20.87,3.63,3.86
2026-04-27,801050,29.34,3.7,1.07
2026-04-27,801080,77.93,6.0,0.34
2026-04-27,801040,33.71,1.19,1.17
2026-04-27,801030,34.2,2.53,1.01
2026-04-27,801010,29.48,2.42,1.77
2026-04-27,801110,14.72,2.4,4.25
2026-04-27,801170,18.1,1.28,2.67
2026-04-27,801710,37.23,1.61,1.91
2026-04-27,801890,44.22,3.37,0.92
2026-04-27,801880,29.18,2.6,1.35
2026-04-27,801790,11.69,1.18,2.32
2026-04-27,801770,61.75,6.15,0.48
2026-04-27,801760,42.94,3.01,1.14
2026-04-27,801750,81.14,4.31,0.56
2026-04-27,801730,42.45,3.63,0.88
2026-04-27,801780,6.17,0.52,4.89
2026-04-28,801180,77.02,0.85,0.75
2026-04-28,801160,21.28,1.74,1.99
2026-04-28,801150,34.79,2.69,1.22
2026-04-28,801080,77.14,5.92,0.35
2026-04-28,801110,14.72,2.4,4.25
2026-04-28,801050,28.67,3.61,1.1
2026-04-28,801040,33.69,1.19,1.17
2026-04-28,801030,34.1,2.52,1.06
2026-04-28,801010,29.7,2.44,1.75
2026-04-28,801120,20.89,3.64,3.85
2026-04-28,801170,18.09,1.28,2.67
2026-04-28,801710,37.55,1.62,1.9
2026-04-28,801890,43.73,3.34,0.93
2026-04-28,801880,28.77,2.56,1.37
2026-04-28,801790,11.78,1.19,2.3
2026-04-28,801770,60.37,6.02,0.49
2026-04-28,801760,42.57,2.99,1.15
2026-04-28,801750,79.37,4.22,0.57
2026-04-28,801730,41.76,3.57,0.89
2026-04-28,801780,6.19,0.52,4.87
2026-04-29,801180,19.89,0.92,0.74
2026-04-29,801160,21.4,1.73,1.99
2026-04-29,801150,34.78,2.69,1.22
2026-04-29,801080,76.89,5.84,0.35
2026-04-29,801110,15.48,2.38,4.19
2026-04-29,801050,29.76,3.66,1.05
2026-04-29,801040,34.89,1.22,1.14
2026-04-29,801030,35.01,2.53,1.04
2026-04-29,801010,32.88,2.54,1.72
2026-04-29,801120,21.38,3.56,3.86
2026-04-29,801170,18.58,1.29,2.65
2026-04-29,801710,38.7,1.64,1.86
2026-04-29,801890,44.56,3.36,0.91
2026-04-29,801880,28.72,2.56,1.35
2026-04-29,801790,11.95,1.18,2.28
2026-04-29,801770,61.2,6.01,0.49
2026-04-29,801780,6.23,0.52,4.89
2026-04-29,801730,43.7,3.69,0.87
2026-04-29,801750,81.0,4.22,0.57
2026-04-29,801760,45.45,3.06,1.12
2026-04-30,801180,20.12,0.95,0.73
2026-04-30,801170,18.64,1.27,2.66
2026-04-30,801160,20.88,1.7,2.0
2026-04-30,801150,34.88,2.67,1.26
2026-04-30,801120,20.5,3.48,3.88
2026-04-30,801080,78.53,5.93,0.34
2026-04-30,801040,33.69,1.2,1.16
2026-04-30,801030,34.76,2.51,1.05
2026-04-30,801010,33.41,2.57,1.7
2026-04-30,801110,15.51,2.36,4.18
2026-04-30,801050,29.6,3.63,1.06
2026-04-30,801710,38.01,1.62,1.88
2026-04-30,801890,44.96,3.37,0.91
2026-04-30,801880,28.54,2.55,1.35
2026-04-30,801790,11.98,1.17,2.27
2026-04-30,801770,61.13,5.99,0.52
2026-04-30,801760,42.05,2.99,1.14
2026-04-30,801750,81.9,4.26,0.57
2026-04-30,801730,43.44,3.68,0.88
2026-04-30,801780,6.18,0.51,4.92
2026-05-06,801180,20.55,0.97,0.71
2026-05-06,801170,18.13,1.28,2.64
2026-05-06,801150,34.66,2.68,1.23
2026-05-06,801080,72.68,6.16,0.33
2026-05-06,801110,15.77,2.37,4.16
2026-05-06,801050,25.01,3.76,1.03
2026-05-06,801040,35.92,1.22,1.14
2026-05-06,801030,33.98,2.54,1.04
2026-05-06,801010,46.78,2.58,1.68
2026-05-06,801120,22.13,3.5,3.85
2026-05-06,801160,21.78,1.73,1.96
2026-05-06,801710,40.27,1.68,1.81
2026-05-06,801890,46.35,3.46,0.89
2026-05-06,801880,29.98,2.58,1.33
2026-05-06,801790,11.91,1.18,2.25
2026-05-06,801770,57.59,6.11,0.51
2026-05-06,801760,42.48,3.06,1.12
2026-05-06,801750,80.22,4.4,0.52
2026-05-06,801730,42.35,3.8,0.85
2026-05-06,801780,6.08,0.51,4.91
2026-05-07,801180,20.64,0.98,0.71
2026-05-07,801170,18.24,1.29,2.62
2026-05-07,801160,21.99,1.75,1.94
2026-05-07,801150,34.79,2.69,1.22
2026-05-07,801080,74.65,6.33,0.31
2026-05-07,801120,22.09,3.5,3.86
2026-05-07,801110,15.8,2.38,4.15
2026-05-07,801050,25.14,3.78,1.02
2026-05-07,801040,35.76,1.21,1.15
2026-05-07,801030,33.55,2.5,1.05
2026-05-07,801010,46.37,2.56,1.7
2026-05-07,801890,47.66,3.56,0.86
2026-05-07,801880,30.42,2.62,1.31
2026-05-07,801710,40.95,1.71,1.78
2026-05-07,801780,6.07,0.51,4.92
2026-05-07,801770,60.12,6.38,0.49
2026-05-07,801760,43.41,3.12,1.09
2026-05-07,801750,81.68,4.48,0.51
2026-05-07,801730,42.25,3.79,0.85
2026-05-07,801790,11.93,1.18,2.25
2026-05-08,801180,20.91,0.99,0.7
2026-05-08,801170,18.47,1.31,2.59
2026-05-08,801160,22.0,1.75,1.95
2026-05-08,801150,34.62,2.68,1.23
2026-05-08,801080,74.07,6.28,0.33
2026-05-08,801110,15.97,2.4,4.1
2026-05-08,801050,25.17,3.78,1.02
2026-05-08,801040,35.74,1.21,1.15
2026-05-08,801030,33.49,2.5,1.05
2026-05-08,801120,22.05,3.49,3.87
2026-05-08,801010,46.16,2.55,1.7
2026-05-08,801710,40.95,1.71,1.83
2026-05-08,801880,30.61,2.64,1.3
2026-05-08,801790,11.87,1.18,2.26
2026-05-08,801890,48.06,3.59,0.85
2026-05-08,801770,60.86,6.46,0.48
2026-05-08,801760,43.35,3.12,1.09
2026-05-08,801750,82.09,4.5,0.51
2026-05-08,801730,41.61,3.74,0.86
2026-05-08,801780,6.06,0.51,4.93
2026-05-11,801180,21.28,1.01,0.69
2026-05-11,801170,18.3,1.29,2.55
2026-05-11,801160,22.23,1.77,1.93
2026-05-11,801150,35.15,2.72,1.21
2026-05-11,801110,16.04,2.41,4.09
2026-05-11,801080,77.57,6.58,0.32
2026-05-11,801050,25.18,3.78,1.01
2026-05-11,801040,35.84,1.21,1.07
2026-05-11,801030,33.65,2.51,1.05
2026-05-11,801010,46.46,2.57,1.69
2026-05-11,801120,22.01,3.48,3.88
2026-05-11,801770,62.85,6.67,0.47
2026-05-11,801710,41.52,1.73,1.8
2026-05-11,801890,49.13,3.67,0.85
2026-05-11,801880,30.6,2.64,1.19
2026-05-11,801790,12.01,1.19,2.23
2026-05-11,801760,42.98,3.09,1.1
2026-05-11,801750,82.6,4.53,0.52
2026-05-11,801730,41.85,3.84,0.83
2026-05-11,801780,6.06,0.5,4.84
2026-05-12,801180,21.3,1.01,0.69
2026-05-12,801160,22.39,1.78,1.92
2026-05-12,801150,34.86,2.69,1.22
2026-05-12,801120,21.8,3.45,3.92
2026-05-12,801050,25.01,3.76,1.03
2026-05-12,801080,77.69,6.59,0.32
2026-05-12,801040,35.27,1.19,1.09
2026-05-12,801030,33.38,2.49,1.06
2026-05-12,801010,45.36,2.5,1.73
2026-05-12,801110,15.9,2.39,4.12
2026-05-12,801170,18.2,1.29,2.57
2026-05-12,801710,41.63,1.74,1.8
2026-05-12,801890,48.65,3.63,0.86
2026-05-12,801880,30.34,2.61,1.2
2026-05-12,801790,11.99,1.19,2.24
2026-05-12,801770,64.6,6.85,0.45
2026-05-12,801760,42.37,3.05,1.12
2026-05-12,801750,81.15,4.45,0.52
2026-05-12,801730,41.38,3.79,0.86
2026-05-12,801780,6.04,0.5,4.87
2026-05-13,801180,21.04,1.0,0.7
2026-05-13,801160,22.79,1.81,1.88
2026-05-13,801150,34.66,2.68,1.23
2026-05-13,801120,21.66,3.43,3.94
2026-05-13,801050,25.17,3.78,1.0
2026-05-13,801080,80.32,6.81,0.31
2026-05-13,801040,35.15,1.19,1.09
2026-05-13,801030,33.6,2.51,1.05
2026-05-13,801010,45.27,2.5,1.75
2026-05-13,801110,15.98,2.4,4.1
2026-05-13,801170,18.25,1.29,2.57
2026-05-13,801710,41.36,1.72,1.81
2026-05-13,801890,49.52,3.7,0.84
2026-05-13,801880,30.52,2.63,1.28
2026-05-13,801790,11.87,1.18,2.26
2026-05-13,801780,6.02,0.5,5.18
2026-05-13,801760,42.83,3.08,1.1
2026-05-13,801750,82.57,4.53,0.51
2026-05-13,801730,42.09,3.86,0.84
2026-05-13,801770,66.6,7.07,0.44
2026-05-14,801180,20.53,0.97,0.71
2026-05-14,801170,18.1,1.28,2.6
2026-05-14,801160,22.44,1.78,1.91
2026-05-14,801150,33.85,2.62,1.26
2026-05-14,801080,78.36,6.64,0.32
2026-05-14,801120,21.67,3.43,3.94
2026-05-14,801110,15.92,2.39,4.12
2026-05-14,801050,24.32,3.65,1.03
2026-05-14,801040,34.27,1.16,1.12
2026-05-14,801030,32.94,2.46,1.08
2026-05-14,801010,45.22,2.5,1.76
2026-05-14,801710,40.72,1.7,1.84
2026-05-14,801890,48.49,3.62,0.87
2026-05-14,801880,30.0,2.58,1.28
2026-05-14,801780,6.03,0.5,5.16
2026-05-14,801770,66.61,7.07,0.44
2026-05-14,801760,41.1,2.96,1.15
2026-05-14,801750,79.59,4.36,0.53
2026-05-14,801730,40.89,3.75,0.88
2026-05-14,801790,11.61,1.15,2.31
2026-05-15,801180,20.24,0.96,0.72
2026-05-15,801160,22.26,1.77,1.93
2026-05-15,801150,33.61,2.6,1.26
2026-05-15,801010,44.75,2.47,1.77
2026-05-15,801110,16.05,2.41,4.09
2026-05-15,801080,77.47,6.57,0.31
2026-05-15,801050,23.31,3.5,1.1
2026-05-15,801040,33.61,1.14,1.14
2026-05-15,801030,32.96,2.46,1.09
2026-05-15,801120,21.36,3.38,4.0
2026-05-15,801170,17.82,1.26,2.63
2026-05-15,801710,39.3,1.64,1.92
2026-05-15,801890,48.92,3.65,0.86
2026-05-15,801880,30.07,2.59,1.34
2026-05-15,801790,11.36,1.13,2.36
2026-05-15,801770,65.1,6.91,0.45
2026-05-15,801760,41.28,2.97,1.14
2026-05-15,801750,78.67,4.31,0.54
2026-05-15,801730,40.52,3.72,0.89
2026-05-15,801780,6.01,0.5,5.19
2026-05-18,801180,20.0,0.95,0.73
2026-05-18,801160,22.28,1.77,1.92
2026-05-18,801150,33.11,2.56,1.27
2026-05-18,801120,21.23,3.36,4.05
2026-05-18,801050,23.08,3.47,1.08
2026-05-18,801080,78.68,6.67,0.31
2026-05-18,801040,33.15,1.12,1.16
2026-05-18,801030,32.66,2.44,1.09
2026-05-18,801010,43.75,2.41,1.8
2026-05-18,801110,16.04,2.41,3.72
2026-05-18,801170,17.65,1.25,2.61
2026-05-18,801710,39.16,1.63,1.92
2026-05-18,801890,48.93,3.66,0.85
2026-05-18,801880,29.78,2.56,1.35
2026-05-18,801790,11.29,1.12,2.37
2026-05-18,801770,65.6,6.96,0.45
2026-05-18,801760,41.1,2.96,1.15
2026-05-18,801750,79.64,4.37,0.53
2026-05-18,801730,40.54,3.72,0.89
2026-05-18,801780,5.95,0.5,5.22
2026-05-19,801180,20.18,0.96,0.73
2026-05-19,801160,22.91,1.82,1.87
2026-05-19,801150,33.27,2.57,1.26
2026-05-19,801080,80.51,6.82,0.31
2026-05-19,801110,15.92,2.39,3.75
2026-05-19,801050,22.82,3.43,1.12
2026-05-19,801040,33.14,1.12,1.16
2026-05-19,801030,32.48,2.42,1.1
2026-05-19,801010,43.67,2.41,1.81
2026-05-19,801120,21.26,3.36,4.05
2026-05-19,801170,17.83,1.26,2.7
2026-05-19,801710,39.2,1.63,1.92
2026-05-19,801890,49.52,3.7,0.85
2026-05-19,801880,29.95,2.58,1.35
2026-05-19,801790,11.35,1.12,2.36
2026-05-19,801770,65.2,6.92,0.46
2026-05-19,801760,41.72,3.0,1.13
2026-05-19,801750,81.33,4.46,0.53
2026-05-19,801730,40.83,3.74,0.89
2026-05-19,801780,5.97,0.5,5.2
2026-05-20,801180,20.03,0.95,0.73
2026-05-20,801160,22.11,1.76,1.94
2026-05-20,801150,33.03,2.56,1.28
2026-05-20,801080,82.28,6.97,0.3
2026-05-20,801110,15.91,2.39,3.76
2026-05-20,801050,22.81,3.43,1.15
2026-05-20,801040,32.77,1.11,1.17
2026-05-20,801030,32.65,2.44,1.08
2026-05-20,801010,43.09,2.38,1.82
2026-05-20,801120,21.23,3.36,4.05
2026-05-20,801170,17.83,1.26,2.69
2026-05-20,801710,39.34,1.64,1.91
2026-05-20,801890,49.6,3.71,0.84
2026-05-20,801880,29.55,2.54,1.37
2026-05-20,801790,11.26,1.12,2.38
2026-05-20,801770,65.34,6.93,0.46
2026-05-20,801780,5.92,0.49,5.25
2026-05-20,801730,41.15,3.77,0.87
2026-05-20,801750,79.83,4.38,0.55
2026-05-20,801760,40.73,2.93,1.16
2026-05-21,801180,19.34,0.92,0.76
2026-05-21,801170,17.79,1.26,2.71
2026-05-21,801160,21.69,1.72,1.98
2026-05-21,801150,32.94,2.55,1.28
2026-05-21,801120,21.03,3.33,4.09
2026-05-21,801080,79.26,6.71,0.31
2026-05-21,801040,32.05,1.08,1.3
2026-05-21,801030,31.62,2.36,1.13
2026-05-21,801010,42.19,2.33,1.9
2026-05-21,801110,15.83,2.38,3.78
2026-05-21,801050,22.31,3.35,1.16
2026-05-21,801710,38.86,1.62,1.94
2026-05-21,801890,48.34,3.61,0.86
2026-05-21,801880,29.61,2.55,1.37
2026-05-21,801790,11.23,1.11,2.39
2026-05-21,801770,61.89,6.57,0.48
2026-05-21,801760,39.71,2.86,1.22
2026-05-21,801750,77.0,4.22,0.47
2026-05-21,801730,39.97,3.67,0.9
2026-05-21,801780,5.94,0.49,5.24
2026-05-22,801180,19.49,0.92,0.75
2026-05-22,801160,21.76,1.73,2.03
2026-05-22,801150,32.75,2.53,1.23
2026-05-22,801120,20.75,3.28,4.15
2026-05-22,801050,23.12,3.48,1.14
2026-05-22,801080,82.69,7.0,0.31
2026-05-22,801040,32.22,1.09,1.29
2026-05-22,801030,32.45,2.42,1.08
2026-05-22,801010,41.9,2.31,1.9
2026-05-22,801110,15.81,2.37,3.79
2026-05-22,801170,17.76,1.25,2.66
2026-05-22,801710,40.25,1.68,1.75
2026-05-22,801890,49.67,3.71,0.83
2026-05-22,801880,29.91,2.58,1.4
2026-05-22,801790,11.11,1.1,2.41
2026-05-22,801770,64.45,6.84,0.46
2026-05-22,801760,39.59,2.85,1.24
2026-05-22,801750,77.95,4.27,0.46
2026-05-22,801730,40.55,3.72,0.9
2026-05-22,801780,5.92,0.49,5.25
2026-05-25,801180,19.63,0.93,0.75
2026-05-25,801170,17.86,1.26,2.66
2026-05-25,801150,32.54,2.52,1.22
2026-05-25,801080,86.72,7.35,0.29
2026-05-25,801110,15.73,2.36,3.76
2026-05-25,801050,23.26,3.5,1.11
2026-05-25,801040,32.15,1.09,1.32
2026-05-25,801030,32.05,2.39,0.97
2026-05-25,801010,41.62,2.3,1.81
2026-05-25,801120,20.8,3.29,4.12
2026-05-25,801160,22.15,1.76,1.99
2026-05-25,801710,40.97,1.71,1.72
2026-05-25,801890,50.26,3.75,0.81
2026-05-25,801880,29.99,2.58,1.4
2026-05-25,801790,11.22,1.11,2.39
2026-05-25,801770,66.92,7.09,0.45
2026-05-25,801760,39.22,2.82,1.24
2026-05-25,801750,78.42,4.3,0.41
2026-05-25,801730,40.31,3.7,0.89
2026-05-25,801780,5.92,0.49,5.25
2026-05-26,801180,19.38,0.92,0.76
2026-05-26,801170,17.77,1.26,2.68
2026-05-26,801150,32.32,2.5,1.26
2026-05-26,801080,86.14,7.3,0.3
2026-05-26,801110,15.68,2.36,3.78
2026-05-26,801050,23.92,3.6,1.1
2026-05-26,801040,32.33,1.09,1.32
2026-05-26,801030,32.2,2.4,0.97
2026-05-26,801010,41.48,2.29,1.94
2026-05-26,801120,20.64,3.27,4.15
2026-05-26,801160,22.27,1.77,1.99
2026-05-26,801710,41.31,1.72,1.71
2026-05-26,801890,49.54,3.7,0.83
2026-05-26,801880,29.83,2.57,1.41
2026-05-26,801790,11.28,1.12,2.38
2026-05-26,801770,66.69,7.06,0.45
2026-05-26,801760,38.94,2.8,1.27
2026-05-26,801750,77.01,4.22,0.45
2026-05-26,801730,40.09,3.68,0.9
2026-05-26,801780,5.94,0.5,5.24
2026-05-27,801180,18.9,0.89,0.73
2026-05-27,801170,17.46,1.23,2.8
2026-05-27,801160,22.44,1.78,1.98
2026-05-27,801150,32.15,2.49,1.27
2026-05-27,801080,84.91,7.19,0.3
2026-05-27,801120,20.89,3.31,4.09
2026-05-27,801110,15.46,2.32,3.83
2026-05-27,801050,23.03,3.46,1.22
2026-05-27,801040,31.46,1.06,1.35
2026-05-27,801030,31.37,2.34,1.09
2026-05-27,801010,40.74,2.25,1.97
2026-05-27,801890,48.27,3.61,0.84
2026-05-27,801880,29.07,2.5,1.46
2026-05-27,801710,40.27,1.68,1.85
2026-05-27,801780,5.92,0.49,5.26
2026-05-27,801770,66.21,7.01,0.45
2026-05-27,801760,38.57,2.77,1.24
2026-05-27,801750,74.69,4.09,0.46
2026-05-27,801730,40.37,3.7,0.91
2026-05-27,801790,11.11,1.1,2.41
2026-05-28,801180,19.09,0.9,0.72
2026-05-28,801160,22.66,1.8,1.95
2026-05-28,801150,31.69,2.45,1.31
2026-05-28,801080,86.37,7.32,0.3
2026-05-28,801110,15.22,2.29,3.89
2026-05-28,801050,22.92,3.45,1.24
2026-05-28,801040,31.45,1.06,1.54
2026-05-28,801030,31.44,2.35,1.13
2026-05-28,801010,40.32,2.23,2.0
2026-05-28,801120,20.48,3.24,4.18
2026-05-28,801170,17.34,1.23,2.85
2026-05-28,801710,41.66,1.74,1.73
2026-05-28,801890,49.2,3.68,0.83
2026-05-28,801880,28.92,2.49,1.48
2026-05-28,801790,10.92,1.08,2.47
2026-05-28,801770,69.22,7.33,0.43
2026-05-28,801780,5.88,0.49,5.29
2026-05-28,801730,40.59,3.72,0.9
2026-05-28,801750,74.81,4.1,0.48
2026-05-28,801760,38.31,2.76,1.21
2026-05-29,801180,19.19,0.91,0.72
2026-05-29,801170,17.43,1.23,2.83
2026-05-29,801160,23.19,1.84,1.91
2026-05-29,801150,31.94,2.47,1.46
2026-05-29,801120,21.09,3.34,4.08
2026-05-29,801080,82.51,7.0,0.33
2026-05-29,801040,31.24,1.06,1.54
2026-05-29,801030,30.54,2.28,1.18
2026-05-29,801010,40.54,2.24,1.99
2026-05-29,801110,15.24,2.29,3.88
2026-05-29,801050,22.48,3.39,1.31
2026-05-29,801710,40.9,1.71,1.8
2026-05-29,801890,47.38,3.54,0.85
2026-05-29,801880,28.32,2.44,1.51
2026-05-29,801790,11.05,1.09,2.44
2026-05-29,801770,68.14,7.22,0.45
2026-05-29,801760,38.24,2.75,1.27
2026-05-29,801750,72.2,3.95,0.49
2026-05-29,801730,39.58,3.63,0.92
2026-05-29,801780,5.98,0.5,5.21
2026-06-01,801180,19.26,0.91,0.72
2026-06-01,801170,17.57,1.24,2.73
2026-06-01,801160,23.45,1.86,1.81
2026-06-01,801150,31.77,2.46,1.42
2026-06-01,801080,79.09,6.71,0.33
2026-06-01,801120,21.03,3.33,4.09
2026-06-01,801110,15.29,2.3,3.86
2026-06-01,801050,22.3,3.36,1.3
2026-06-01,801040,31.46,1.06,1.53
2026-06-01,801030,30.98,2.31,1.1
2026-06-01,801010,41.28,2.28,1.94
2026-06-01,801710,39.82,1.66,1.79
2026-06-01,801890,46.86,3.5,0.82
2026-06-01,801880,28.15,2.42,1.51
2026-06-01,801780,6.05,0.5,5.15
2026-06-01,801770,65.88,6.98,0.44
2026-06-01,801760,39.49,2.84,1.25
2026-06-01,801750,73.63,4.03,0.57
2026-06-01,801730,39.47,3.62,0.89
2026-06-01,801790,11.08,1.1,2.42
2026-06-02,801180,18.95,0.9,0.73
2026-06-02,801170,17.4,1.23,2.76
2026-06-02,801160,23.29,1.85,1.83
2026-06-02,801150,31.35,2.43,1.45
2026-06-02,801010,40.32,2.23,1.99
2026-06-02,801110,15.38,2.31,3.84
2026-06-02,801080,81.18,6.89,0.32
2026-06-02,801050,23.03,3.47,1.26
2026-06-02,801040,31.13,1.05,1.54
2026-06-02,801030,30.95,2.31,1.11
2026-06-02,801120,20.81,3.3,4.14
2026-06-02,801710,39.74,1.66,1.79
2026-06-02,801890,47.42,3.54,0.83
2026-06-02,801880,28.23,2.43,1.52
2026-06-02,801790,11.09,1.1,2.42
2026-06-02,801770,69.66,7.38,0.42
2026-06-02,801760,38.29,2.76,1.33
2026-06-02,801750,73.02,4.0,0.57
2026-06-02,801730,39.43,3.62,0.9
2026-06-02,801780,6.09,0.51,5.12
2026-06-03,801180,18.81,0.89,0.74
2026-06-03,801170,17.12,1.21,2.8
2026-06-03,801160,23.37,1.86,1.83
2026-06-03,801150,30.89,2.39,1.5
2026-06-03,801050,23.17,3.49,1.26
2026-06-03,801110,15.34,2.31,3.88
2026-06-03,801080,83.15,7.04,0.32
2026-06-03,801040,31.06,1.05,1.55
2026-06-03,801030,31.0,2.31,1.11
2026-06-03,801010,39.96,2.21,2.01
2026-06-03,801120,20.47,3.24,4.25
2026-06-03,801710,39.11,1.63,1.82
2026-06-03,801890,47.75,3.56,0.83
2026-06-03,801880,28.06,2.42,1.56
2026-06-03,801790,11.03,1.09,2.43
2026-06-03,801770,73.29,7.76,0.4
2026-06-03,801760,37.72,2.71,1.35
2026-06-03,801750,72.3,3.96,0.58
2026-06-03,801730,39.04,3.58,0.91
2026-06-03,801780,6.03,0.5,5.17
2026-06-04,801170,16.91,1.2,2.84
2026-06-04,801160,23.12,1.84,1.84
2026-06-04,801150,30.46,2.36,1.52
2026-06-04,801120,20.15,3.19,4.39
2026-06-04,801050,22.52,3.39,1.3
2026-06-04,801080,85.01,7.2,0.31
2026-06-04,801040,30.69,1.04,1.56
2026-06-04,801030,30.66,2.29,1.14
2026-06-04,801010,39.02,2.15,2.05
2026-06-04,801180,18.63,0.88,0.75
2026-06-04,801110,15.28,2.3,3.89
2026-06-04,801890,48.2,3.6,0.86
2026-06-04,801880,28.02,2.41,1.58
2026-06-04,801790,10.93,1.08,2.45
2026-06-04,801780,5.97,0.5,5.23
2026-06-04,801760,37.02,2.66,1.43
2026-06-04,801750,71.02,3.89,0.59
2026-06-04,801730,38.33,3.52,0.94
2026-06-04,801710,38.91,1.62,1.84
2026-06-04,801770,73.38,7.77,0.4
2026-06-05,801180,18.51,0.87,0.75
2026-06-05,801170,16.99,1.2,2.82
2026-06-05,801160,22.37,1.78,1.89
2026-06-05,801150,30.46,2.36,1.53
2026-06-05,801050,22.13,3.33,1.32
2026-06-05,801110,15.25,2.29,3.88
2026-06-05,801080,81.92,6.94,0.33
2026-06-05,801040,30.78,1.04,1.67
2026-06-05,801030,30.81,2.3,1.14
2026-06-05,801010,38.92,2.15,2.05
2026-06-05,801120,20.11,3.18,4.71
2026-06-05,801710,38.93,1.62,1.79
2026-06-05,801880,27.78,2.39,1.61
2026-06-05,801790,10.89,1.08,2.47
2026-06-05,801890,48.37,3.61,0.87
2026-06-05,801770,71.06,7.52,0.45
2026-06-05,801760,37.27,2.68,1.42
2026-06-05,801750,70.69,3.87,0.61
2026-06-05,801730,37.6,3.45,0.97
2026-06-05,801780,6.05,0.5,5.16
2026-06-08,801180,18.05,0.85,0.77
2026-06-08,801170,16.59,1.17,2.83
2026-06-08,801160,21.8,1.73,1.94
2026-06-08,801150,29.75,2.3,1.51
2026-06-08,801110,15.18,2.28,3.88
2026-06-08,801080,78.41,6.64,0.33
2026-06-08,801050,20.93,3.15,1.41
2026-06-08,801040,29.94,1.01,1.67
2026-06-08,801030,29.85,2.23,1.12
2026-06-08,801010,38.2,2.11,2.04
2026-06-08,801120,19.86,3.14,4.15
2026-06-08,801710,37.61,1.57,1.85
2026-06-08,801890,47.63,3.55,0.84
2026-06-08,801880,27.25,2.35,1.61
2026-06-08,801790,10.75,1.06,2.49
2026-06-08,801770,68.92,7.31,0.42
2026-06-08,801760,36.39,2.62,1.38
2026-06-08,801750,68.59,3.75,0.6
2026-06-08,801730,36.19,3.32,1.0
2026-06-08,801780,6.08,0.51,5.11
2026-06-09,801170,16.63,1.18,2.87
2026-06-09,801160,21.98,1.75,1.93
2026-06-09,801150,29.78,2.31,1.52
2026-06-09,801120,19.77,3.13,4.18
2026-06-09,801050,21.52,3.24,1.37
2026-06-09,801080,82.74,7.0,0.32
2026-06-09,801040,30.1,1.02,1.67
2026-06-09,801030,30.5,2.28,1.1
2026-06-09,801010,38.12,2.1,2.06
2026-06-09,801180,18.06,0.85,0.77
2026-06-09,801110,15.16,2.28,3.89
2026-06-09,801890,48.69,3.63,0.83
2026-06-09,801790,10.81,1.07,2.48
2026-06-09,801780,6.11,0.51,5.1
2026-06-09,801880,27.4,2.36,1.6
2026-06-09,801760,36.78,2.65,1.39
2026-06-09,801750,69.75,3.82,0.62
2026-06-09,801730,37.12,3.41,0.97
2026-06-09,801710,38.92,1.62,1.79
2026-06-09,801770,72.23,7.66,0.4
2026-06-10,801180,18.01,0.85,0.78
2026-06-10,801170,16.64,1.18,2.87
2026-06-10,801160,21.55,1.71,1.97
2026-06-10,801150,29.89,2.32,1.53
2026-06-10,801110,15.15,2.28,3.9
2026-06-10,801080,80.94,6.85,0.32
2026-06-10,801050,21.17,3.19,1.43
2026-06-10,801040,29.81,1.01,1.68
2026-06-10,801030,30.71,2.29,1.07
2026-06-10,801010,38.23,2.11,2.06
2026-06-10,801120,20.0,3.17,4.14
2026-06-10,801710,38.43,1.6,1.86
2026-06-10,801890,47.23,3.52,0.85
2026-06-10,801880,26.63,2.29,1.65
2026-06-10,801790,10.9,1.08,3.33
2026-06-10,801770,70.23,7.45,0.44
2026-06-10,801760,36.44,2.62,1.38
2026-06-10,801750,68.51,3.75,0.63
2026-06-10,801730,36.14,3.32,1.01
2026-06-10,801780,6.21,0.52,5.09
2026-06-11,801180,17.95,0.85,0.77
2026-06-11,801170,16.43,1.16,2.93
2026-06-11,801160,21.56,1.71,1.97
2026-06-11,801150,29.71,2.3,1.57
2026-06-11,801050,21.56,3.25,1.43
2026-06-11,801110,15.27,2.3,3.86
2026-06-11,801080,81.45,6.89,0.34
2026-06-11,801040,29.82,1.01,1.69
2026-06-11,801030,30.84,2.3,1.1
2026-06-11,801010,38.17,2.11,2.08
2026-06-11,801120,20.01,3.17,4.13
2026-06-11,801710,38.81,1.62,1.84
2026-06-11,801890,46.58,3.48,0.87
2026-06-11,801880,26.21,2.26,1.66
2026-06-11,801790,10.79,1.07,3.36
2026-06-11,801770,68.75,7.29,0.47
2026-06-11,801760,35.22,2.53,1.43
2026-06-11,801750,66.37,3.63,0.65
2026-06-11,801730,35.8,3.29,1.01
2026-06-11,801780,6.19,0.52,5.09
2026-06-12,801170,16.8,1.19,2.88
2026-06-12,801160,21.76,1.73,1.96
2026-06-12,801150,30.33,2.35,1.48
2026-06-12,801120,20.15,3.19,4.12
2026-06-12,801050,22.49,3.39,1.36
2026-06-12,801080,80.54,6.82,0.35
2026-06-12,801040,30.61,1.04,1.5
2026-06-12,801030,31.32,2.34,1.11
2026-06-12,801010,38.85,2.14,2.03
2026-06-12,801180,18.11,0.86,0.77
2026-06-12,801110,15.13,2.28,3.86
2026-06-12,801890,46.57,3.48,0.84
2026-06-12,801880,26.51,2.28,1.62
2026-06-12,801790,11.15,1.1,3.22
2026-06-12,801780,6.26,0.52,5.4
2026-06-12,801760,35.4,2.55,1.46
2026-06-12,801750,67.24,3.68,0.65
2026-06-12,801730,36.45,3.35,0.98
2026-06-12,801710,38.9,1.62,2.0
2026-06-12,801770,68.12,7.22,0.46
2026-06-15,801180,18.22,0.86,0.74
2026-06-15,801170,17.01,1.2,2.81
2026-06-15,801160,21.86,1.73,1.94
2026-06-15,801150,30.26,2.34,1.45
2026-06-15,801050,23.59,3.56,1.14
2026-06-15,801110,15.01,2.26,2.26
2026-06-15,801080,85.85,7.27,0.32
2026-06-15,801040,31.32,1.05,1.54
2026-06-15,801030,32.2,2.4,1.07
2026-06-15,801010,38.99,2.15,2.01
2026-06-15,801120,19.98,3.16,4.22
2026-06-15,801710,40.62,1.69,1.71
2026-06-15,801890,48.52,3.62,0.79
2026-06-15,801880,27.1,2.34,1.55
2026-06-15,801790,11.38,1.13,3.16
2026-06-15,801770,72.53,7.69,0.43
2026-06-15,801760,35.89,2.58,1.35
2026-06-15,801750,69.18,3.79,0.61
2026-06-15,801730,37.25,3.42,0.89
2026-06-15,801780,6.16,0.51,5.33
2026-06-16,801180,18.01,0.85,0.76
2026-06-16,801170,16.69,1.18,2.87
2026-06-16,801160,21.76,1.72,1.92
2026-06-16,801150,29.89,2.31,1.53
2026-06-16,801050,23.48,3.54,1.15
2026-06-16,801110,14.81,2.23,2.29
2026-06-16,801080,87.72,7.42,0.32
2026-06-16,801040,31.12,1.05,1.55
2026-06-16,801030,32.31,2.41,1.07
2026-06-16,801010,38.56,2.13,2.05
2026-06-16,801120,19.7,3.12,4.28
2026-06-16,801710,42.17,1.76,1.67
2026-06-16,801890,49.31,3.68,0.78
2026-06-16,801880,26.81,2.31,1.58
2026-06-16,801790,11.38,1.13,3.16
2026-06-16,801770,74.37,7.89,0.42
2026-06-16,801760,35.58,2.56,1.36
2026-06-16,801750,69.69,3.82,0.61
2026-06-16,801730,38.25,3.51,0.86
2026-06-16,801780,6.08,0.51,5.42
2026-06-17,801170,16.73,1.18,2.9
2026-06-17,801160,21.57,1.71,1.94
2026-06-17,801150,29.64,2.3,1.55
2026-06-17,801120,19.5,3.09,4.32
2026-06-17,801050,23.39,3.53,1.15
2026-06-17,801080,91.98,7.78,0.31
2026-06-17,801040,30.49,1.02,1.69
2026-06-17,801030,32.24,2.41,1.08
2026-06-17,801010,37.92,2.09,2.22
2026-06-17,801180,17.95,0.85,0.77
2026-06-17,801110,14.73,2.22,2.3
2026-06-17,801880,26.6,2.29,1.6
2026-06-17,801890,49.8,3.72,0.79
2026-06-17,801790,11.35,1.12,3.15
2026-06-17,801780,6.02,0.5,5.47
2026-06-17,801760,34.96,2.51,1.43
2026-06-17,801750,69.85,3.82,0.62
2026-06-17,801730,38.15,3.5,0.87
2026-06-17,801710,44.0,1.84,1.61
2026-06-17,801770,75.44,8.0,0.41
2026-06-18,801160,20.94,1.66,2.01
2026-06-18,801180,17.85,0.84,0.77
2026-06-18,801150,29.95,2.32,1.53
2026-06-18,801170,16.42,1.16,2.93
2026-06-18,801010,37.26,2.06,2.25
2026-06-18,801120,19.12,3.03,4.4
2026-06-18,801110,14.56,2.19,2.37
2026-06-18,801080,94.82,8.02,0.32
2026-06-18,801050,23.41,3.53,1.15
2026-06-18,801040,30.45,1.02,1.71
2026-06-18,801030,31.88,2.38,1.08
2026-06-18,801710,42.97,1.79,1.65
2026-06-18,801890,50.58,3.78,0.82
2026-06-18,801880,26.65,2.3,1.62
2026-06-18,801780,5.86,0.49,5.62
2026-06-18,801770,78.3,8.31,0.39
2026-06-18,801760,35.16,2.53,1.43
2026-06-18,801750,70.31,3.85,0.61
2026-06-18,801730,37.79,3.47,0.89
2026-06-18,801790,10.9,1.08,3.28
2026-06-22,801170,16.59,1.17,2.79
2026-06-22,801160,21.06,1.67,1.89
2026-06-22,801150,30.07,2.33,1.45
2026-06-22,801120,19.4,3.07,4.28
2026-06-22,801050,24.51,3.69,1.03
2026-06-22,801080,96.54,8.17,0.29
2026-06-22,801040,30.89,1.04,1.65
2026-06-22,801030,33.24,2.48,0.98
2026-06-22,801010,37.39,2.06,2.24
2026-06-22,801180,17.86,0.84,0.78
2026-06-22,801110,14.58,2.19,2.37
2026-06-22,801880,26.45,2.28,1.57
2026-06-22,801890,50.43,3.77,0.8
2026-06-22,801790,11.65,1.15,3.09
2026-06-22,801780,5.91,0.49,5.03
2026-06-22,801760,35.96,2.59,1.37
2026-06-22,801750,71.85,3.94,0.6
2026-06-22,801730,39.1,3.59,0.84
2026-06-22,801710,44.36,1.85,1.54
2026-06-22,801770,79.65,8.45,0.37
2026-06-23,801160,20.92,1.66,1.9
2026-06-23,801180,17.79,0.84,0.78
2026-06-23,801150,30.47,2.36,1.43
2026-06-23,801170,16.63,1.18,2.8
2026-06-23,801010,37.14,2.05,2.26
2026-06-23,801120,19.17,3.03,4.35
2026-06-23,801110,14.49,2.18,2.38
2026-06-23,801080,94.15,7.96,0.3
2026-06-23,801050,22.73,3.43,1.11
2026-06-23,801040,30.08,1.01,1.69
2026-06-23,801030,32.6,2.43,1.0
2026-06-23,801710,43.35,1.81,1.58
2026-06-23,801890,49.44,3.69,0.82
2026-06-23,801880,26.04,2.24,1.59
2026-06-23,801780,5.98,0.5,4.97
2026-06-23,801770,77.15,8.18,0.38
2026-06-23,801760,35.4,2.55,1.4
2026-06-23,801750,70.39,3.86,0.61
2026-06-23,801730,37.56,3.45,0.88
2026-06-23,801790,11.58,1.15,3.11
2026-06-24,801180,17.51,0.83,0.79
2026-06-24,801170,16.59,1.17,2.91
2026-06-24,801160,20.57,1.63,1.95
2026-06-24,801150,30.62,2.37,1.44
2026-06-24,801010,36.06,1.99,2.55
2026-06-24,801110,14.3,2.15,2.42
2026-06-24,801080,98.22,8.3,0.29
2026-06-24,801050,22.95,3.46,1.07
2026-06-24,801040,29.73,1.0,1.62
2026-06-24,801030,33.27,2.48,0.96
2026-06-24,801120,18.92,2.99,4.39
2026-06-24,801710,44.85,1.87,1.52
2026-06-24,801890,49.84,3.72,0.81
2026-06-24,801880,25.73,2.22,1.59
2026-06-24,801780,5.83,0.49,5.11
2026-06-24,801770,77.78,8.25,0.38
2026-06-24,801760,35.07,2.52,1.42
2026-06-24,801750,70.22,3.85,0.61
2026-06-24,801730,37.64,3.46,0.88
2026-06-24,801790,11.33,1.12,3.18
2026-06-25,801180,17.33,0.82,0.8
2026-06-25,801170,16.59,1.17,2.92
2026-06-25,801160,20.19,1.6,2.01
2026-06-25,801150,30.54,2.36,1.46
2026-06-25,801110,14.3,2.15,2.4
2026-06-25,801080,102.16,8.63,0.28
2026-06-25,801050,22.42,3.38,1.1
2026-06-25,801040,29.38,0.99,1.89
2026-06-25,801030,33.16,2.47,0.97
2026-06-25,801010,35.72,1.97,2.57
2026-06-25,801120,19.02,3.01,4.36
2026-06-25,801770,79.92,8.48,0.37
2026-06-25,801710,46.55,1.94,1.46
2026-06-25,801890,50.21,3.75,0.79
2026-06-25,801880,25.39,2.19,1.63
2026-06-25,801780,5.78,0.48,5.15
2026-06-25,801760,35.11,2.53,1.42
2026-06-25,801750,69.75,3.82,0.63
2026-06-25,801730,37.57,3.45,0.88
2026-06-25,801790,11.63,1.15,3.1
2026-06-26,801170,16.15,1.14,2.78
2026-06-26,801160,20.03,1.59,2.13
2026-06-26,801150,29.54,2.29,1.52
2026-06-26,801120,18.49,2.93,5.43
2026-06-26,801050,21.47,3.23,1.35
2026-06-26,801080,100.26,8.47,0.27
2026-06-26,801040,28.46,0.96,2.07
2026-06-26,801030,32.31,2.41,1.0
2026-06-26,801010,35.87,1.98,2.57
2026-06-26,801180,17.17,0.81,0.85
2026-06-26,801110,14.25,2.14,2.42
2026-06-26,801890,48.93,3.65,0.82
2026-06-26,801790,11.15,1.1,3.37
2026-06-26,801780,5.72,0.48,5.3
2026-06-26,801880,24.58,2.12,1.69
2026-06-26,801760,34.15,2.46,1.48
2026-06-26,801750,66.55,3.65,0.66
2026-06-26,801730,36.02,3.31,0.92
2026-06-26,801710,47.28,1.97,1.44
2026-06-26,801770,74.72,7.93,0.41
2026-06-29,801180,20.56,0.8,0.81
2026-06-29,801170,16.07,1.14,2.73
2026-06-29,801160,20.06,1.59,2.11
2026-06-29,801150,31.3,2.43,1.4
2026-06-29,801110,14.3,2.15,4.17
2026-06-29,801080,102.11,8.63,0.26
2026-06-29,801050,21.71,3.27,1.23
2026-06-29,801040,28.44,0.96,1.97
2026-06-29,801030,32.1,2.39,1.01
2026-06-29,801010,36.93,2.04,2.06
2026-06-29,801120,18.84,2.98,4.24
2026-06-29,801710,45.78,1.91,1.18
2026-06-29,801890,48.75,3.64,0.8
2026-06-29,801880,24.47,2.11,1.67
2026-06-29,801790,11.34,1.12,3.28
2026-06-29,801770,72.66,7.71,0.4
2026-06-29,801760,34.41,2.48,1.47
2026-06-29,801750,66.33,3.64,0.66
2026-06-29,801730,36.44,3.35,0.87
2026-06-29,801780,5.75,0.48,5.07
2026-06-30,801180,20.71,0.8,0.86
2026-06-30,801170,15.81,1.12,2.8
2026-06-30,801160,19.96,1.58,2.12
2026-06-30,801150,30.88,2.39,1.46
2026-06-30,801050,21.62,3.26,1.24
2026-06-30,801110,14.35,2.16,4.16
2026-06-30,801080,106.44,8.99,0.25
2026-06-30,801040,28.5,0.96,2.0
2026-06-30,801030,32.2,2.4,1.02
2026-06-30,801010,36.44,2.01,2.09
2026-06-30,801120,18.65,2.95,4.34
2026-06-30,801710,46.19,1.93,1.17
2026-06-30,801890,50.24,3.75,0.77
2026-06-30,801880,24.82,2.14,1.64
2026-06-30,801790,11.29,1.12,3.29
2026-06-30,801770,76.15,8.08,0.38
2026-06-30,801760,34.71,2.5,1.46
2026-06-30,801750,68.59,3.76,0.64
2026-06-30,801730,37.23,3.42,0.89
2026-06-30,801780,5.61,0.47,5.19
2026-07-01,801170,16.12,1.14,2.78
2026-07-01,801160,20.26,1.6,2.1
2026-07-01,801150,32.09,2.49,1.39
2026-07-01,801120,18.86,2.99,4.29
2026-07-01,801050,21.66,3.26,1.24
2026-07-01,801080,104.56,8.84,0.26
2026-07-01,801040,29.07,0.98,1.95
2026-07-01,801030,32.95,2.46,0.98
2026-07-01,801010,38.23,2.11,1.98
2026-07-01,801180,21.22,0.82,0.84
2026-07-01,801110,14.51,2.18,4.11
2026-07-01,801890,49.94,3.73,0.77
2026-07-01,801880,25.1,2.16,1.61
2026-07-01,801790,11.81,1.17,2.51
2026-07-01,801780,5.65,0.47,5.16
2026-07-01,801760,35.05,2.52,1.41
2026-07-01,801750,69.62,3.82,0.63
2026-07-01,801730,36.63,3.36,0.9
2026-07-01,801710,45.74,1.91,1.19
2026-07-01,801770,73.36,7.78,0.4
2026-07-02,801180,19.47,0.77,0.9
2026-07-02,801170,16.17,1.15,2.78
2026-07-02,801160,20.71,1.57,2.01
2026-07-02,801150,32.04,2.48,1.4
2026-07-02,801050,21.65,3.24,1.2
2026-07-02,801110,14.47,2.17,4.14
2026-07-02,801080,97.45,8.2,0.28
2026-07-02,801040,29.08,0.98,1.98
2026-07-02,801030,32.54,2.47,1.03
2026-07-02,801010,38.4,2.12,1.98
2026-07-02,801120,18.87,2.99,4.28
2026-07-02,801710,44.23,1.85,1.46
2026-07-02,801880,25.35,2.18,1.59
2026-07-02,801790,11.54,1.14,2.57
2026-07-02,801890,49.05,3.66,0.79
2026-07-02,801770,68.23,7.23,0.43
2026-07-02,801760,35.44,2.55,1.39
2026-07-02,801750,67.8,3.72,0.64
2026-07-02,801730,35.67,3.27,0.92
2026-07-02,801780,5.71,0.48,5.15
2026-07-03,801180,19.5,0.77,
2026-07-03,801170,16.32,1.16,
2026-07-03,801160,20.72,1.57,
2026-07-03,801150,32.7,2.53,
2026-07-03,801010,38.25,2.11,
2026-07-03,801110,14.76,2.21,
2026-07-03,801080,96.87,8.14,
2026-07-03,801050,21.86,3.27,
2026-07-03,801040,29.04,0.98,
2026-07-03,801030,31.93,2.42,
2026-07-03,801120,18.87,2.99,
2026-07-03,801710,45.17,1.89,
2026-07-03,801890,50.25,3.75,
2026-07-03,801880,26.47,2.27,
2026-07-03,801780,5.7,0.48,
2026-07-03,801770,67.94,7.2,
2026-07-03,801760,34.85,2.51,
2026-07-03,801750,67.98,3.73,
2026-07-03,801730,35.83,3.28,
2026-07-03,801790,11.61,1.15,
2026-07-06,801180,19.67,0.77,0.89
2026-07-06,801170,16.55,1.17,2.71
2026-07-06,801160,20.65,1.57,2.07
2026-07-06,801150,32.94,2.55,1.31
2026-07-06,801010,39.24,2.16,1.94
2026-07-06,801110,14.82,2.22,4.03
2026-07-06,801080,95.43,8.02,0.28
2026-07-06,801050,21.49,3.21,1.16
2026-07-06,801040,28.89,0.97,1.98
2026-07-06,801030,31.6,2.39,1.1
2026-07-06,801120,19.07,3.02,4.24
2026-07-06,801710,42.77,1.78,1.52
2026-07-06,801890,49.27,3.68,0.84
2026-07-06,801880,26.39,2.27,1.54
2026-07-06,801780,5.81,0.48,5.04
2026-07-06,801770,65.83,6.98,0.44
2026-07-06,801760,34.67,2.49,1.44
2026-07-06,801750,67.31,3.69,0.64
2026-07-06,801730,35.25,3.23,0.94
2026-07-06,801790,11.71,1.16,2.53
2026-07-07,801180,19.22,0.76,0.91
2026-07-07,801170,16.21,1.15,2.77
2026-07-07,801160,20.28,1.54,2.11
2026-07-07,801150,31.73,2.46,1.36
2026-07-07,801110,14.57,2.19,4.1
2026-07-07,801080,94.88,7.97,0.28
2026-07-07,801050,20.9,3.13,1.2
2026-07-07,801040,28.39,0.96,2.02
2026-07-07,801030,30.74,2.33,1.17
2026-07-07,801010,38.65,2.13,1.98
2026-07-07,801120,18.73,2.96,4.32
2026-07-07,801770,65.85,6.98,0.44
2026-07-07,801710,41.21,1.72,1.57
2026-07-07,801890,48.46,3.62,0.86
2026-07-07,801880,25.84,2.22,1.58
2026-07-07,801780,5.82,0.49,5.05
2026-07-07,801760,34.66,2.49,1.44
2026-07-07,801750,65.68,3.6,0.66
2026-07-07,801730,34.69,3.18,0.97
2026-07-07,801790,11.41,1.13,2.59
2026-07-08,801180,19.31,0.76,0.96
2026-07-08,801170,16.14,1.14,2.8
2026-07-08,801160,20.22,1.54,2.12
2026-07-08,801150,31.31,2.42,1.4
2026-07-08,801050,20.24,3.03,1.23
2026-07-08,801110,14.42,2.16,4.16
2026-07-08,801080,93.98,7.89,0.29
2026-07-08,801040,28.02,0.95,2.1
2026-07-08,801030,29.7,2.25,1.26
2026-07-08,801010,37.73,2.08,2.03
2026-07-08,801120,18.79,2.97,4.16
2026-07-08,801710,39.72,1.65,1.64
2026-07-08,801890,46.81,3.49,0.89
2026-07-08,801880,25.13,2.16,1.62
2026-07-08,801790,11.32,1.12,2.62
2026-07-08,801770,65.72,6.97,0.45
2026-07-08,801760,34.52,2.48,1.45
2026-07-08,801750,67.43,3.7,0.64
2026-07-08,801730,33.29,3.05,1.03
2026-07-08,801780,5.88,0.49,5.02
2026-07-09,801170,16.02,1.13,2.82
2026-07-09,801160,20.47,1.54,2.18
2026-07-09,801150,31.59,2.45,1.4
2026-07-09,801120,18.53,2.93,4.22
2026-07-09,801050,20.16,3.02,1.28
2026-07-09,801080,100.97,8.48,0.27
2026-07-09,801040,27.53,0.93,2.14
2026-07-09,801030,29.78,2.26,1.26
2026-07-09,801010,37.64,2.07,2.04
2026-07-09,801180,19.54,0.77,0.94
2026-07-09,801110,14.44,2.17,4.17
2026-07-09,801890,48.07,3.59,0.87
2026-07-09,801790,11.47,1.14,2.62
2026-07-09,801780,5.82,0.49,5.07
2026-07-09,801880,25.12,2.16,1.62
2026-07-09,801760,34.73,2.5,1.67
2026-07-09,801750,69.12,3.79,0.63
2026-07-09,801730,33.69,3.09,1.01
2026-07-09,801710,40.36,1.68,1.62
2026-07-09,801770,69.28,7.34,0.42
2026-07-10,801180,19.91,0.78,0.93
2026-07-10,801170,16.07,1.14,3.08
2026-07-10,801160,20.67,1.55,2.11
2026-07-10,801150,32.38,2.51,1.38
2026-07-10,801110,14.5,2.17,4.14
2026-07-10,801080,95.55,8.02,0.29
2026-07-10,801050,20.19,3.02,1.28
2026-07-10,801040,27.94,0.94,2.13
2026-07-10,801030,29.33,2.22,1.29
2026-07-10,801120,18.88,2.99,4.16
2026-07-10,801010,38.39,2.11,1.99
2026-07-10,801710,39.82,1.66,1.61
2026-07-10,801890,47.41,3.54,0.86
2026-07-10,801880,25.4,2.18,1.6
2026-07-10,801780,5.81,0.48,5.97
2026-07-10,801770,66.85,7.09,0.44
2026-07-10,801760,35.62,2.56,1.64
2026-07-10,801750,70.06,3.85,0.62
2026-07-10,801730,32.75,3.0,1.04
2026-07-10,801790,11.32,1.12,2.65
2026-07-13,801180,19.33,0.76,0.99
2026-07-13,801170,15.94,1.13,2.98
2026-07-13,801160,20.44,1.54,2.07
2026-07-13,801150,32.16,2.49,1.38
2026-07-13,801110,14.44,2.17,4.15
2026-07-13,801080,90.12,7.57,0.3
2026-07-13,801050,19.33,2.89,1.32
2026-07-13,801040,27.41,0.92,2.15
2026-07-13,801030,28.11,2.13,1.34
2026-07-13,801010,38.17,2.1,2.0
2026-07-13,801120,18.87,2.99,4.15
2026-07-13,801770,64.78,6.86,0.46
2026-07-13,801710,37.51,1.56,1.69
2026-07-13,801890,44.71,3.34,0.89
2026-07-13,801880,24.36,2.09,1.69
2026-07-13,801780,5.91,0.49,5.04
2026-07-13,801760,34.06,2.45,1.72
2026-07-13,801750,67.31,3.7,0.65
2026-07-13,801730,31.7,2.91,1.04
2026-07-13,801790,11.23,1.11,2.64
2026-07-14,801170,16.19,1.15,2.94
2026-07-14,801160,20.64,1.55,2.13
2026-07-14,801150,32.99,2.56,1.35
2026-07-14,801120,18.97,3.0,4.13
2026-07-14,801050,20.32,3.04,1.26
2026-07-14,801080,92.66,7.78,0.29
2026-07-14,801040,28.15,0.95,2.1
2026-07-14,801030,28.82,2.18,1.31
2026-07-14,801010,38.26,2.11,2.0
2026-07-14,801180,19.46,0.76,0.98
2026-07-14,801110,14.54,2.18,4.12
2026-07-14,801880,24.74,2.13,1.67
2026-07-14,801890,45.44,3.39,0.87
2026-07-14,801790,11.28,1.12,2.65
2026-07-14,801780,5.92,0.49,5.04
2026-07-14,801760,33.63,2.42,1.74
2026-07-14,801750,66.62,3.66,0.66
2026-07-14,801730,32.12,2.94,1.03
2026-07-14,801710,39.14,1.63,1.61
2026-07-14,801770,68.22,7.23,0.44
2026-07-15,801180,19.55,0.77,1.0
2026-07-15,801170,16.38,1.16,2.92
2026-07-15,801160,20.78,1.56,2.09
2026-07-15,801150,34.12,2.64,1.3
2026-07-15,801010,39.11,2.15,1.96
2026-07-15,801120,19.62,3.11,3.99
2026-07-15,801110,14.72,2.21,4.13
2026-07-15,801080,88.42,7.42,0.31
2026-07-15,801050,19.89,2.97,1.29
2026-07-15,801040,28.53,0.96,2.07
2026-07-15,801030,28.69,2.17,1.32
2026-07-15,801770,66.89,7.09,0.47
2026-07-15,801710,38.54,1.6,1.64
2026-07-15,801880,24.85,2.14,1.69
2026-07-15,801890,44.89,3.35,0.89
2026-07-15,801780,5.99,0.5,4.93
2026-07-15,801760,34.9,2.51,1.68
2026-07-15,801750,66.6,3.66,0.66
2026-07-15,801730,32.02,2.93,1.04
2026-07-15,801790,11.58,1.15,2.58
2026-07-16,801180,19.78,0.78,0.99
2026-07-16,801170,16.19,1.15,2.83
2026-07-16,801160,20.47,1.54,2.18
2026-07-16,801150,34.24,2.65,1.3
2026-07-16,801030,27.96,2.12,1.35
2026-07-16,801120,19.67,3.11,4.32
2026-07-16,801110,14.65,2.2,4.15
2026-07-16,801080,85.06,7.13,0.32
2026-07-16,801050,19.64,2.94,1.31
2026-07-16,801040,28.29,0.95,2.09
2026-07-16,801770,64.46,6.83,0.48
2026-07-16,801710,36.89,1.54,1.71
2026-07-16,801730,31.24,2.86,1.07
2026-07-16,801750,67.16,3.69,0.65
2026-07-16,801760,35.48,2.55,1.65
2026-07-16,801780,5.92,0.49,5.28
2026-07-16,801790,11.42,1.13,2.66
2026-07-16,801880,24.9,2.14,1.71
2026-07-16,801890,43.55,3.25,0.92
2026-07-16,801010,39.73,2.19,1.93
