event_date,industry_code,event_type,real_dir,final_dir,prob_up,confidence,abstain,dir_correct,committed_dir_correct
2020-01-01,801780,monetary_policy,-,+,0.531858961611417,0.06371792322283398,True,0,0
2020-01-01,801790,monetary_policy,-,+,0.7134993110414125,0.426998622082825,False,0,0
2020-01-01,801180,monetary_policy,-,+,0.6074292792427815,0.2148585584855629,False,0,0
2020-02-03,801780,monetary_policy,-,-,0.1228051696075284,0.7543896607849432,False,1,1
2020-02-03,801790,monetary_policy,-,-,0.4219059818403615,0.15618803631927702,False,1,1
2020-02-03,801180,monetary_policy,-,-,0.2205900641587084,0.5588198716825832,False,1,1
2020-02-17,801780,monetary_policy,-,-,0.0579845960060704,0.8840308079878592,False,1,1
2020-02-17,801790,monetary_policy,+,-,0.1282579528506272,0.7434840942987456,False,0,0
2020-02-17,801180,monetary_policy,-,-,0.0645334813392449,0.8709330373215102,False,1,1
2020-02-20,801780,monetary_policy,-,-,0.1084409574864619,0.7831180850270762,False,1,1
2020-02-20,801790,monetary_policy,+,-,0.203625395606007,0.592749208787986,False,0,0
2020-02-20,801180,monetary_policy,-,-,0.1219247468720246,0.7561505062559508,False,1,1
2020-03-13,801780,monetary_policy,+,-,0.3508345896647757,0.2983308206704486,False,0,0
2020-03-13,801790,monetary_policy,-,+,0.5815073057469631,0.16301461149392615,False,0,0
2020-03-13,801180,monetary_policy,-,+,0.5488988492572231,0.0977976985144462,True,0,0
2020-03-30,801790,monetary_policy,-,-,0.1056306025739601,0.7887387948520798,False,1,1
2020-03-30,801180,monetary_policy,-,-,0.1300744703593418,0.7398510592813163,False,1,1
2020-03-30,801780,monetary_policy,-,-,0.0959631032725493,0.8080737934549014,False,1,1
2020-04-03,801780,monetary_policy,-,-,0.012568608198363,0.974862783603274,False,1,1
2020-04-03,801790,monetary_policy,-,-,0.0551338445549843,0.8897323108900314,False,1,1
2020-04-03,801180,monetary_policy,-,-,0.0124947425266142,0.9750105149467716,False,1,1
2020-04-15,801780,monetary_policy,-,-,0.2439021760611778,0.5121956478776444,False,1,1
2020-04-15,801790,monetary_policy,-,-,0.2863689761717421,0.42726204765651576,False,1,1
2020-04-15,801180,monetary_policy,-,-,0.2442238386997854,0.5115523226004293,False,1,1
2020-04-20,801180,monetary_policy,-,-,0.4952156002149702,0.009568799570059627,True,1,0
2020-04-20,801710,monetary_policy,+,-,0.4135592355163719,0.17288152896725617,False,0,0
2020-04-20,801790,monetary_policy,-,-,0.4708581340448106,0.05828373191037883,True,1,0
2020-04-20,801780,monetary_policy,+,+,0.5093618846134731,0.018723769226946185,True,1,0
2020-06-12,801790,capital_market_policy,-,-,0.4023528873976441,0.19529422520471185,False,1,1
2020-06-12,801780,capital_market_policy,-,-,0.4252712348206243,0.14945753035875142,False,1,1
2020-06-12,801750,capital_market_policy,-,-,0.2533604238937405,0.49327915221251895,False,1,1
2020-08-04,801080,industry_policy,-,-,0.20239318683961638,0.5952136263207672,False,1,1
2020-08-04,801750,industry_policy,-,-,0.230199037900259,0.539601924199482,False,1,1
2020-08-04,801770,industry_policy,-,-,0.28490225222674836,0.43019549554650327,False,1,1
2020-08-17,801770,geopolitical,-,-,0.48923514019964015,0.0215297196007197,True,1,0
2020-08-17,801890,geopolitical,+,-,0.42494942789801204,0.1501011442039759,True,0,0
2020-08-17,801750,geopolitical,-,-,0.4223167823924665,0.155366435215067,True,1,0
2020-08-17,801880,geopolitical,-,-,0.38566280460444924,0.22867439079110152,True,1,0
2020-08-17,801110,geopolitical,-,+,0.8560304319848908,0.7120608639697816,False,0,0
2020-08-17,801080,geopolitical,+,+,0.8519225512968309,0.7038451025936618,False,1,1
2020-09-22,801730,industry_policy,+,+,0.5667067055463091,0.13341341109261817,False,1,1
2020-09-22,801160,industry_policy,-,+,0.5359286348372573,0.07185726967451456,True,0,0
2020-09-22,801050,industry_policy,-,+,0.5639720664620504,0.1279441329241009,False,0,0
2020-09-22,801770,industry_policy,-,+,0.5170798627065648,0.034159725413129616,True,0,0
2020-11-05,801150,industry_policy,-,+,0.5703769572369752,0.14075391447395047,False,0,0
2020-11-10,801750,industry_policy,-,+,0.5203713154554348,0.040742630910869604,True,0,0
2020-11-10,801760,industry_policy,-,-,0.48480232230384146,0.03039535539231708,True,1,0
2020-12-18,801080,geopolitical,+,+,0.5774349117612168,0.1548698235224335,False,1,1
2020-12-18,801880,geopolitical,+,+,0.5720656961960147,0.14413139239202932,False,1,1
2020-12-18,801110,geopolitical,+,+,0.546840012776758,0.09368002555351596,True,1,0
2020-12-18,801890,geopolitical,+,-,0.45882660896685923,0.08234678206628154,True,0,0
2020-12-18,801750,geopolitical,-,-,0.4533831731132547,0.09323365377349058,True,1,0
2020-12-18,801770,geopolitical,-,+,0.7253476912475814,0.4506953824951627,False,0,0
2020-12-31,801780,capital_market_policy,-,-,0.3622982520902337,0.2754034958195326,False,1,1
2020-12-31,801790,capital_market_policy,-,-,0.421765370974744,0.15646925805051204,False,1,1
2020-12-31,801750,capital_market_policy,-,-,0.46667628448020654,0.06664743103958692,True,1,0
2021-02-07,801750,industry_policy,+,-,0.4894066771160438,0.021186645767912404,True,0,0
2021-02-07,801760,industry_policy,+,-,0.4961422916440717,0.007715416711856604,True,0,0
2021-04-10,801760,industry_policy,+,+,0.6897318952270619,0.3794637904541238,False,1,1
2021-04-10,801750,industry_policy,+,+,0.7135069789946281,0.42701395798925623,False,1,1
2021-06-23,801150,industry_policy,-,+,0.530471896868659,0.060943793737318064,True,0,0
2021-07-09,801780,monetary_policy,-,-,0.3210340701550185,0.357931859689963,False,1,1
2021-07-09,801790,monetary_policy,+,-,0.3785039968615451,0.24299200627690976,False,0,0
2021-07-09,801180,monetary_policy,-,-,0.31507880242769626,0.3698423951446075,False,1,1
2021-07-26,801760,industry_policy,-,+,0.5637036723503897,0.1274073447007793,False,0,0
2021-09-02,801750,capital_market_policy,+,-,0.47353754412655913,0.05292491174688174,True,0,0
2021-09-02,801790,capital_market_policy,+,-,0.4990108641945368,0.001978271610926452,True,0,0
2021-09-02,801780,capital_market_policy,+,-,0.44935071250083336,0.10129857499833328,True,0,0
2021-10-08,801760,industry_policy,+,+,0.7187897390275427,0.43757947805508546,False,1,1
2021-10-08,801750,industry_policy,+,+,0.778492176360934,0.5569843527218681,False,1,1
2021-11-26,801150,industry_policy,-,+,0.618985199898858,0.23797039979771606,False,0,0
2021-12-03,801150,industry_policy,-,+,0.5840321891264542,0.16806437825290832,False,0,0
2021-12-06,801790,monetary_policy,+,-,0.21205732448085615,0.5758853510382878,False,0,0
2021-12-06,801780,monetary_policy,-,-,0.12265838887663601,0.754683222246728,False,1,1
2021-12-06,801180,monetary_policy,-,-,0.14574592174917,0.70850815650166,False,1,1
2021-12-20,801790,monetary_policy,-,+,0.6503547193644889,0.3007094387289777,False,0,0
2021-12-20,801780,monetary_policy,-,-,0.34798450717729357,0.30403098564541287,False,1,1
2022-01-17,801790,monetary_policy,+,-,0.4350189181454089,0.12996216370918223,False,0,0
2022-01-17,801180,monetary_policy,+,-,0.3262164177544553,0.3475671644910894,False,0,0
2022-01-17,801780,monetary_policy,+,-,0.2901314245948591,0.41973715081028184,False,0,0
2022-01-20,801780,monetary_policy,+,-,0.34046608975571174,0.3190678204885765,False,0,0
2022-01-20,801790,monetary_policy,+,-,0.46584238876776507,0.06831522246446986,True,0,0
2022-01-20,801180,monetary_policy,-,-,0.32284620136614484,0.35430759726771033,False,1,1
2022-01-20,801710,monetary_policy,-,-,0.36447062881950065,0.2710587423609987,False,1,1
2022-01-24,801780,monetary_policy,+,-,0.33642109732639774,0.3271578053472045,False,0,0
2022-01-24,801790,monetary_policy,-,-,0.40783234279399183,0.18433531441201634,False,1,1
2022-01-24,801180,monetary_policy,+,-,0.3155054702411534,0.36898905951769323,False,0,0
2022-04-15,801180,monetary_policy,-,-,0.2776461840164488,0.4447076319671024,False,1,1
2022-04-15,801780,monetary_policy,+,-,0.3226251074620019,0.3547497850759962,False,0,0
2022-04-15,801790,monetary_policy,+,-,0.3929138158516206,0.21417236829675879,False,0,0
2022-04-25,801780,monetary_policy,-,-,0.4910900802871951,0.01781983942560983,True,1,0
2022-04-25,801790,monetary_policy,-,+,0.5879176552949441,0.17583531058988822,False,0,0
2022-04-25,801180,monetary_policy,-,-,0.37811184215561777,0.24377631568876446,False,1,1
2022-05-20,801710,monetary_policy,-,-,0.399147279811494,0.201705440377012,False,1,1
2022-05-20,801180,monetary_policy,-,-,0.3330754410066787,0.33384911798664263,False,1,1
2022-08-15,801790,monetary_policy,-,-,0.30115446714001526,0.3976910657199695,False,1,1
2022-08-15,801180,monetary_policy,+,-,0.19403500333360296,0.6119299933327941,False,0,0
2022-08-15,801780,monetary_policy,-,-,0.284396312421342,0.431207375157316,False,1,1
2022-08-22,801780,monetary_policy,+,+,0.5566204805570276,0.11324096111405524,True,1,0
2022-08-22,801790,monetary_policy,+,+,0.5867620414167077,0.17352408283341547,False,1,1
2022-08-22,801180,monetary_policy,-,-,0.3729016942333687,0.25419661153326256,False,1,1
2022-08-22,801710,monetary_policy,-,-,0.4067112527411261,0.18657749451774785,False,1,1
2022-09-05,801780,monetary_policy,+,-,0.4797795002261499,0.040440999547700196,True,0,0
2022-09-05,801790,monetary_policy,+,+,0.5861434371207839,0.17228687424156774,False,1,1
2022-09-05,801180,monetary_policy,+,-,0.28046893920781896,0.4390621215843621,False,0,0
2022-10-07,801880,geopolitical,+,+,0.5812527029885881,0.16250540597717622,False,1,1
2022-10-07,801080,geopolitical,+,+,0.7010686387629823,0.4021372775259646,False,1,1
2022-10-07,801110,geopolitical,-,+,0.7824085981844846,0.5648171963689692,False,0,0
2022-10-07,801890,geopolitical,+,+,0.6426093577606463,0.28521871552129263,False,1,1
2022-10-07,801750,geopolitical,+,+,0.7328328144524998,0.46566562890499963,False,1,1
2022-10-07,801770,geopolitical,+,+,0.7326861794971202,0.46537235899424045,False,1,1
2022-10-07,801030,geopolitical,+,+,0.8001622441817233,0.6003244883634467,False,1,1
2022-11-25,801180,monetary_policy,+,-,0.16597063740565565,0.6680587251886887,False,0,0
2022-11-25,801710,monetary_policy,+,-,0.27454371453808923,0.45091257092382153,False,0,0
2022-11-25,801780,monetary_policy,+,-,0.37677203670069326,0.24645592659861348,False,0,0
2022-11-25,801790,monetary_policy,+,-,0.4266093547572153,0.14678129048556943,False,0,0
2022-11-28,801710,industry_policy,+,-,0.39621942123825027,0.20756115752349946,False,0,0
2022-11-28,801180,industry_policy,-,-,0.3494736297631269,0.3010527404737462,False,1,1
2022-11-28,801780,industry_policy,-,-,0.44288686009424627,0.11422627981150746,True,1,0
2023-02-01,801790,capital_market_policy,-,+,0.5592586880269803,0.11851737605396062,True,0,0
2023-02-01,801780,capital_market_policy,-,+,0.5676792661356319,0.13535853227126382,False,0,0
2023-02-01,801750,capital_market_policy,+,+,0.6078885892707802,0.2157771785415603,False,1,1
2023-02-17,801790,capital_market_policy,+,-,0.1841455449693734,0.6317089100612532,False,0,0
2023-02-17,801780,capital_market_policy,+,-,0.14975260835713544,0.7004947832857291,False,0,0
2023-02-17,801750,capital_market_policy,-,-,0.30533513338776846,0.38932973322446307,False,1,1
2023-03-17,801180,monetary_policy,-,-,0.1619985695895107,0.6760028608209786,False,1,1
2023-03-17,801790,monetary_policy,+,-,0.28530006851690837,0.42939986296618327,False,0,0
2023-03-17,801780,monetary_policy,-,-,0.32883721270330873,0.34232557459338253,False,1,1
2023-05-21,801080,geopolitical,+,+,0.630966722469223,0.26193344493844606,False,1,1
2023-05-21,801750,geopolitical,+,+,0.5801587511383237,0.16031750227664743,False,1,1
2023-05-21,801770,geopolitical,+,+,0.7268771355215013,0.4537542710430027,False,1,1
2023-06-13,801780,monetary_policy,-,-,0.318475426247012,0.36304914750597606,False,1,1
2023-06-13,801790,monetary_policy,-,-,0.4340173127623852,0.1319653744752296,False,1,1
2023-06-13,801180,monetary_policy,-,-,0.190528899205629,0.618942201588742,False,1,1
2023-06-15,801180,monetary_policy,-,-,0.21453807699610805,0.5709238460077839,False,1,1
2023-06-15,801780,monetary_policy,-,-,0.35523946176970106,0.2895210764605979,False,1,1
2023-06-15,801790,monetary_policy,-,-,0.37846712615255784,0.24306574769488432,False,1,1
2023-06-20,801780,monetary_policy,+,-,0.31092657683473923,0.37814684633052154,False,0,0
2023-06-20,801790,monetary_policy,-,-,0.4555969019194229,0.08880619616115415,True,1,0
2023-06-20,801180,monetary_policy,-,-,0.28999609951383243,0.42000780097233514,False,1,1
2023-06-20,801710,monetary_policy,-,-,0.4082840109097633,0.1834319781804734,False,1,1
2023-06-21,801730,industry_policy,+,+,0.5006767321802562,0.0013534643605124241,True,1,0
2023-06-21,801160,industry_policy,+,-,0.23726461256784104,0.5254707748643179,False,0,0
2023-06-21,801880,industry_policy,+,-,0.47254642900722654,0.054907141985546914,True,0,0
2023-06-21,801050,industry_policy,+,-,0.48520067274345313,0.029598654513093736,True,0,0
2023-07-03,801030,geopolitical,+,+,0.809626048610423,0.619252097220846,False,1,1
2023-07-03,801080,geopolitical,+,+,0.65754416996576,0.3150883399315201,False,1,1
2023-07-03,801880,geopolitical,+,+,0.7678745562936024,0.5357491125872047,False,1,1
2023-07-03,801110,geopolitical,-,+,0.8407935951145066,0.6815871902290132,False,0,0
2023-07-03,801890,geopolitical,-,+,0.6994055515120268,0.39881110302405354,False,0,0
2023-07-03,801050,geopolitical,+,+,0.7941012761519011,0.5882025523038021,False,1,1
2023-07-21,801710,industry_policy,+,-,0.4702897125451291,0.05942057490974184,True,0,0
2023-07-21,801780,industry_policy,+,+,0.5974588928716638,0.19491778574332752,False,1,1
2023-07-21,801180,industry_policy,+,-,0.4694086495288059,0.0611827009423882,True,0,0
2023-07-24,801750,capital_market_policy,-,-,0.38169146481726757,0.23661707036546487,False,1,1
2023-07-24,801760,capital_market_policy,-,-,0.34302387814429125,0.3139522437114175,False,1,1
2023-07-24,801790,capital_market_policy,+,+,0.6040680796386768,0.20813615927735363,False,1,1
2023-07-24,801780,capital_market_policy,+,-,0.44850312555333044,0.10299374889333912,True,0,0
2023-08-09,801750,geopolitical,-,+,0.5419170391408885,0.08383407828177702,True,0,0
2023-08-09,801770,geopolitical,-,+,0.5985438393751364,0.1970876787502729,False,0,0
2023-08-09,801080,geopolitical,-,+,0.5154246875547732,0.03084937510954644,True,0,0
2023-08-15,801780,monetary_policy,+,-,0.3202172620055119,0.35956547598897615,False,0,0
2023-08-15,801790,monetary_policy,+,-,0.47462916045498726,0.05074167909002547,True,0,0
2023-08-15,801180,monetary_policy,+,-,0.27819678366387685,0.4436064326722463,False,0,0
2023-08-15,801710,monetary_policy,+,-,0.30146706869411966,0.3970658626117607,False,0,0
2023-08-21,801780,monetary_policy,+,+,0.663201880444863,0.3264037608897259,False,1,1
2023-08-21,801790,monetary_policy,+,+,0.7395404822815063,0.4790809645630125,False,1,1
2023-08-25,801710,industry_policy,+,-,0.29443777620134437,0.41112444759731126,False,0,0
2023-08-25,801780,industry_policy,-,-,0.43026730043150296,0.13946539913699407,False,1,1
2023-08-25,801180,industry_policy,+,-,0.2978225516362018,0.4043548967275964,False,0,0
2023-08-27,801790,capital_market_policy,-,-,0.3536484057044684,0.29270318859106315,False,1,1
2023-08-27,801780,capital_market_policy,-,-,0.37885363455128584,0.2422927308974283,False,1,1
2023-09-01,801790,capital_market_policy,+,-,0.4595487928008206,0.08090241439835877,True,0,0
2023-09-01,801780,capital_market_policy,+,-,0.46251778818455735,0.07496442363088529,True,0,0
2023-09-01,801750,capital_market_policy,-,-,0.4915474075083896,0.0169051849832208,True,1,0
2023-09-15,801180,monetary_policy,-,-,0.12976312163938614,0.7404737567212277,False,1,1
2023-09-15,801780,monetary_policy,+,-,0.3556565013194557,0.2886869973610886,False,0,0
2023-09-15,801790,monetary_policy,+,-,0.32121942760330285,0.3575611447933943,False,0,0
2023-10-07,801040,geopolitical,+,-,0.49610182030106553,0.007796359397868935,True,0,0
2023-10-07,801030,geopolitical,-,+,0.5522119993527951,0.10442399870559016,True,0,0
2023-10-17,801080,geopolitical,-,+,0.5151479581638793,0.03029591632775852,True,0,0
2023-10-17,801880,geopolitical,-,+,0.6572327735249838,0.31446554704996754,False,0,0
2023-10-17,801110,geopolitical,+,+,0.6217677715441907,0.24353554308838143,False,1,1
2023-10-17,801890,geopolitical,-,+,0.5243135710327693,0.04862714206553864,True,0,0
2023-10-17,801750,geopolitical,-,-,0.4761512440231096,0.0476975119537808,True,1,0
2023-10-17,801770,geopolitical,-,+,0.6082280390881274,0.21645607817625478,False,0,0
2023-10-17,801030,geopolitical,+,+,0.5317042024038614,0.0634084048077228,True,1,0
2023-10-20,801030,geopolitical,+,-,0.4266104836955257,0.14677903260894865,False,0,0
2023-10-20,801050,geopolitical,+,+,0.5145515257021736,0.029103051404347102,True,1,0
2023-10-20,801890,geopolitical,+,+,0.5190351395282728,0.0380702790565457,True,1,0
2023-10-20,801880,geopolitical,+,+,0.5799205181307407,0.1598410362614815,False,1,1
2023-10-20,801080,geopolitical,-,+,0.5082326381193236,0.016465276238647242,True,0,0
2023-10-20,801110,geopolitical,-,+,0.5100883646696419,0.020176729339283828,True,0,0
2023-10-31,801180,industry_policy,+,-,0.3038106913495715,0.392378617300857,False,0,0
2023-10-31,801780,industry_policy,-,-,0.4528395190545256,0.09432096189094885,True,1,0
2023-10-31,801790,industry_policy,+,-,0.2945797940303785,0.41084041193924303,False,0,0
2024-01-24,801180,monetary_policy,+,-,0.24197640233112094,0.5160471953377581,False,0,0
2024-01-24,801710,monetary_policy,+,-,0.29860175010291645,0.4027964997941671,False,0,0
2024-01-24,801780,monetary_policy,+,+,0.6183089454617419,0.23661789092348373,False,1,1
2024-01-24,801790,monetary_policy,+,-,0.3787620426905396,0.24247591461892082,False,0,0
2024-02-05,801790,market_event,-,+,0.6426773659773186,0.28535473195463723,False,0,0
2024-02-05,801780,market_event,-,+,0.7250841946146157,0.4501683892292314,False,0,0
2024-02-05,801750,market_event,+,+,0.5905276917457111,0.18105538349142214,False,1,1
2024-02-05,801080,market_event,+,+,0.5086185074749219,0.017237014949843754,True,1,0
2024-02-07,801790,capital_market_policy,-,+,0.6884926050828124,0.3769852101656248,False,0,0
2024-02-07,801780,capital_market_policy,-,+,0.6846984202386919,0.36939684047738375,False,0,0
2024-02-20,801710,monetary_policy,+,-,0.3506662759040226,0.2986674481919548,False,0,0
2024-02-20,801780,monetary_policy,-,+,0.6087644324157004,0.21752886483140088,False,0,0
2024-02-20,801180,monetary_policy,+,-,0.3631897344026169,0.27362053119476615,False,0,0
2024-03-13,801040,industry_policy,+,-,0.36576805359739045,0.2684638928052191,False,0,0
2024-03-13,801030,industry_policy,+,+,0.5020489785102513,0.0040979570205026405,True,1,0
2024-03-13,801880,industry_policy,+,-,0.48009636451492577,0.03980727097014847,True,0,0
2024-03-13,801890,industry_policy,+,-,0.462971079337378,0.07405784132524396,True,0,0
2024-04-12,801790,capital_market_policy,-,-,0.43552879903546393,0.12894240192907214,False,1,1
2024-04-12,801780,capital_market_policy,+,+,0.5209263063187718,0.041852612637543585,True,1,0
2024-05-14,801080,geopolitical,+,+,0.6518412464189853,0.30368249283797066,False,1,1
2024-05-14,801880,geopolitical,-,+,0.7985372669859475,0.597074533971895,False,0,0
2024-05-14,801730,geopolitical,-,+,0.8014343440395286,0.6028686880790572,False,0,0
2024-05-17,801780,industry_policy,+,-,0.46761302003899763,0.06477395992200474,True,0,0
2024-05-17,801180,industry_policy,+,-,0.39012359013934883,0.21975281972130234,False,0,0
2024-05-17,801710,industry_policy,-,-,0.40033750869906076,0.19932498260187848,False,1,1
2024-05-24,801790,capital_market_policy,-,+,0.5607371169288293,0.12147423385765865,False,0,0
2024-05-24,801780,capital_market_policy,+,+,0.5805581147893037,0.1611162295786075,False,1,1
2024-05-24,801750,capital_market_policy,-,+,0.6196928952340945,0.23938579046818909,False,0,0
2024-06-19,801790,capital_market_policy,-,-,0.4406095846465412,0.11878083070691758,True,1,0
2024-06-19,801780,capital_market_policy,+,-,0.4104493859467383,0.1791012281065234,False,0,0
2024-07-10,801750,capital_market_policy,-,+,0.5619817714532733,0.12396354290654665,False,0,0
2024-07-10,801790,capital_market_policy,+,-,0.46961008716264674,0.06077982567470652,True,0,0
2024-07-10,801780,capital_market_policy,-,+,0.5672225980391097,0.13444519607821936,False,0,0
2024-07-22,801710,monetary_policy,+,-,0.33744983425347025,0.3251003314930595,False,0,0
2024-07-22,801180,monetary_policy,+,-,0.27527514774060946,0.4494497045187811,False,0,0
2024-07-22,801780,monetary_policy,+,+,0.5445661189824311,0.08913223796486225,True,1,0
2024-07-22,801790,monetary_policy,+,-,0.4952121599696375,0.009575680060724956,True,0,0
2024-08-05,801790,market_event,-,+,0.7407330704302049,0.48146614086040973,False,0,0
2024-08-05,801080,market_event,-,+,0.6126100437926241,0.22522008758524814,False,0,0
2024-08-05,801750,market_event,-,+,0.7036333574399742,0.4072667148799485,False,0,0
2024-08-05,801770,market_event,-,+,0.6580517767248587,0.3161035534497174,False,0,0
2024-08-15,801050,geopolitical,+,-,0.47490819642219306,0.050183607155613874,True,0,0
2024-08-15,801030,geopolitical,-,+,0.5136059235322257,0.027211847064451344,True,0,0
2024-08-15,801890,geopolitical,-,+,0.6188686851772586,0.23773737035451714,False,0,0
2024-08-15,801880,geopolitical,-,+,0.5308830493024856,0.06176609860497129,True,0,0
2024-08-15,801080,geopolitical,-,-,0.451488944671546,0.09702211065690802,True,1,0
2024-08-15,801110,geopolitical,+,+,0.6056475478417069,0.21129509568341387,False,1,1
2024-09-09,801080,capital_market_policy,-,-,0.4784113619886663,0.04317727602266741,True,1,0
2024-09-09,801750,capital_market_policy,+,+,0.5747361857781303,0.1494723715562607,False,1,1
2024-09-09,801770,capital_market_policy,+,+,0.5819277806551301,0.16385556131026013,False,1,1
2024-09-09,801790,capital_market_policy,+,+,0.6461391034308048,0.29227820686160966,False,1,1
2024-09-24,801750,monetary_policy,+,+,0.6881863833266813,0.3763727666533625,False,1,1
2024-09-24,801180,monetary_policy,+,+,0.5466604882209458,0.09332097644189163,True,1,0
2024-09-24,801780,monetary_policy,-,-,0.4660293015122787,0.06794139697544255,True,1,0
2024-09-24,801790,monetary_policy,+,+,0.7138429122867148,0.42768582457342963,False,1,1
2024-09-26,801180,capital_market_policy,-,+,0.5022210625910957,0.0044421251821913366,True,0,0
2024-09-26,801710,capital_market_policy,-,-,0.4538115166674756,0.0923769666650488,True,1,0
2024-09-26,801780,capital_market_policy,-,-,0.46362199719793273,0.07275600560413453,True,1,0
2024-09-27,801790,capital_market_policy,+,+,0.5817663035276435,0.16353260705528694,False,1,1
2024-09-27,801080,capital_market_policy,+,+,0.5466822698240419,0.09336453964808378,True,1,0
2024-09-27,801750,capital_market_policy,+,+,0.6551261790189491,0.3102523580378982,False,1,1
2024-09-27,801030,capital_market_policy,-,+,0.5440991907054809,0.0881983814109617,True,0,0
2024-10-21,801790,monetary_policy,-,-,0.4442737275927737,0.11145254481445255,True,1,0
2024-10-21,801750,monetary_policy,+,-,0.42450942600158836,0.15098114799682327,False,0,0
2024-10-21,801710,monetary_policy,+,-,0.3801200486658216,0.23975990266835678,False,0,0
2024-10-21,801780,monetary_policy,-,-,0.4220717203293499,0.15585655934130016,False,1,1
2024-10-21,801180,monetary_policy,+,-,0.3438157182500595,0.31236856349988096,False,0,0
2024-10-29,801880,geopolitical,+,+,0.6275137525814829,0.2550275051629658,False,1,1
2024-10-29,801730,geopolitical,+,+,0.6029161133540601,0.2058322267081203,False,1,1
2024-11-08,801780,industry_policy,+,-,0.3899648655872199,0.22007026882556024,False,0,0
2024-11-08,801710,industry_policy,-,-,0.4131254359317291,0.17374912813654175,False,1,1
2024-11-08,801180,industry_policy,-,-,0.4582923912536728,0.08341521749265435,True,1,0
2024-12-02,801080,geopolitical,-,+,0.5584825162865079,0.11696503257301583,True,0,0
2024-12-02,801770,geopolitical,-,+,0.5476965072624564,0.09539301452491289,True,0,0
2024-12-03,801050,geopolitical,-,+,0.5322023694932576,0.06440473898651522,True,0,0
2024-12-03,801080,geopolitical,-,+,0.510704733733979,0.02140946746795791,True,0,0
2024-12-03,801880,geopolitical,+,+,0.6137223281280925,0.22744465625618493,False,1,1
2024-12-03,801110,geopolitical,+,+,0.5791660204087337,0.15833204081746732,False,1,1
2024-12-03,801890,geopolitical,+,+,0.5606338753349558,0.12126775066991158,False,1,1
2024-12-03,801030,geopolitical,-,+,0.5815333438416131,0.1630666876832263,False,0,0
2024-12-09,801710,industry_policy,+,-,0.3937829956415896,0.21243400871682083,False,0,0
2024-12-09,801180,industry_policy,-,-,0.3997193253895341,0.20056134922093183,False,1,1
2024-12-09,801790,industry_policy,-,-,0.3289966826578577,0.3420066346842846,False,1,1
2024-12-09,801780,industry_policy,+,-,0.47536810788332295,0.04926378423335409,True,0,0
2024-12-12,801780,industry_policy,+,+,0.5103979927805378,0.020795985561075536,True,1,0
2024-12-12,801790,industry_policy,-,-,0.3751127231732952,0.24977455365340961,False,1,1
2024-12-12,801180,industry_policy,-,-,0.4710614526746639,0.057877094650672145,True,1,0
2024-12-12,801710,industry_policy,-,-,0.47469880048309954,0.05060239903380093,True,1,0
2024-12-12,801880,industry_policy,-,-,0.4975436887890291,0.0049126224219417924,True,1,0
2025-01-13,801750,geopolitical,+,+,0.5172559109795065,0.034511821959013034,True,1,0
2025-01-13,801770,geopolitical,+,+,0.5789822487820655,0.157964497564131,False,1,1
2025-01-13,801080,geopolitical,+,+,0.5307395766707284,0.061479153341456705,True,1,0
2025-01-15,801080,geopolitical,+,+,0.5358772545042155,0.07175450900843106,True,1,0
2025-01-15,801770,geopolitical,+,-,0.4882487018091761,0.023502596381647756,True,0,0
2025-01-15,801750,geopolitical,+,-,0.4372036567878551,0.12559268642428978,False,0,0
2025-01-27,801760,industry_policy,+,-,0.4759967587300987,0.04800648253980255,True,0,0
2025-01-27,801080,industry_policy,+,-,0.49274346936372093,0.014513061272558136,True,0,0
2025-01-27,801750,industry_policy,+,-,0.49792124564174595,0.004157508716508107,True,0,0
2025-01-27,801770,industry_policy,-,+,0.5203081917535306,0.040616383507061204,True,0,0
2025-03-05,801180,industry_policy,-,-,0.49240351261548243,0.015192974769035139,True,1,0
2025-03-05,801790,industry_policy,+,-,0.4131751577063402,0.17364968458731955,False,0,0
2025-03-05,801780,industry_policy,-,-,0.43265390336493076,0.13469219327013848,False,1,1
2025-04-02,801080,geopolitical,-,-,0.45965608822236564,0.08068782355526871,True,1,0
2025-04-02,801110,geopolitical,-,+,0.5824357426923605,0.16487148538472107,False,0,0
2025-04-02,801880,geopolitical,-,+,0.5554492928446477,0.11089858568929545,True,0,0
2025-04-02,801030,geopolitical,-,+,0.5960461231230361,0.19209224624607213,False,0,0
2025-04-02,801050,geopolitical,-,+,0.58746949193431,0.17493898386861995,False,0,0
2025-04-02,801890,geopolitical,-,+,0.5719873354414156,0.1439746708828311,True,0,0
2025-04-04,801080,geopolitical,-,+,0.5435789216186999,0.08715784323739983,True,0,0
2025-04-04,801050,geopolitical,+,+,0.591265994759929,0.18253198951985805,False,1,1
2025-04-04,801030,geopolitical,-,+,0.606254213069687,0.21250842613937393,False,0,0
2025-04-04,801010,geopolitical,+,+,0.6520134946638367,0.30402698932767347,False,1,1
2025-04-07,801080,market_event,-,-,0.4661275600806925,0.06774487983861499,True,1,0
2025-04-07,801790,market_event,-,+,0.578671864306404,0.1573437286128081,False,0,0
2025-04-07,801750,market_event,-,-,0.499761754441016,0.00047649111796799204,True,1,0
2025-04-07,801730,market_event,-,+,0.5191599212816336,0.03831984256326715,True,0,0
2025-04-07,801880,market_event,-,+,0.518472354586681,0.0369447091733619,True,0,0
2025-05-07,801180,monetary_policy,-,-,0.42223984370252843,0.15552031259494314,False,1,1
2025-05-07,801710,monetary_policy,-,-,0.4476223652403851,0.10475526951922975,True,1,0
2025-05-07,801780,monetary_policy,+,-,0.44167125286264564,0.11665749427470873,True,0,0
2025-05-07,801790,monetary_policy,+,+,0.5535857604831864,0.10717152096637284,True,1,0
2025-05-20,801790,monetary_policy,-,+,0.575021036253379,0.15004207250675794,False,0,0
2025-05-20,801180,monetary_policy,-,-,0.41135507825661255,0.1772898434867749,False,1,1
2025-05-20,801780,monetary_policy,+,-,0.4794887260384439,0.04102254792311222,True,0,0
2025-05-20,801710,monetary_policy,-,-,0.4658371107047976,0.06832577859040478,True,1,0
