event_date,event_name,industry_code,real_CAR,real_dir,final_dir,dir_correct,MAE,RMSE,DirectionAcc,Coverage_95,Sharpe,WinRate,triggered,ts_pre_signal,llm_signal,disagreement,debate_abstained,debate_confidence,event_VaR,expected_MDD,tail_prob,risk_lo,risk_hi,dispersion,CAR_dir_T1,CAR_dir_T3,CAR_dir_T5,CAR_dir_T10
2020-01-01,央行宣布全面下调金融机构存款准备金率0.5个百分点（自1月6日起实施）,801780,-0.010662,-,+,False,0.0104,0.0166,0.5417,0.875,2.0438,0.3333,False,+,,False,,,-0.07197,0.00093,0.05,-0.07197,0.10523,0.0,True,True,True,False
2020-01-01,央行宣布全面下调金融机构存款准备金率0.5个百分点（自1月6日起实施）,801790,-0.019126,-,+,False,0.0133,0.0223,0.5,0.8333,-4.0027,0.5,False,+,+,False,,,-0.08158,0.0,0.05,-0.08158,0.1416,0.0,True,True,False,False
2020-01-01,央行宣布全面下调金融机构存款准备金率0.5个百分点（自1月6日起实施）,801180,-0.010388,-,+,False,0.0324,0.0395,0.4583,0.9167,-3.0413,0.4583,False,+,+,False,,,-0.09288,0.0,0.05,-0.09288,0.12901,0.0,True,False,False,False
2020-02-03,央行开展1.2万亿元逆回购操作并下调7天、14天逆回购中标利率10个基,801780,-0.026806,-,+,False,0.0117,0.0173,0.5833,0.875,4.1761,0.5417,False,+,,False,,,-0.06874,0.00191,0.05,-0.06874,0.10897,0.0,True,False,False,False
2020-02-03,央行开展1.2万亿元逆回购操作并下调7天、14天逆回购中标利率10个基,801790,-0.027079,-,+,False,0.0165,0.0256,0.7083,0.75,3.9159,0.5833,False,+,,False,,,-0.09222,0.00375,0.05,-0.09222,0.12768,0.0,True,False,False,False
2020-02-03,央行开展1.2万亿元逆回购操作并下调7天、14天逆回购中标利率10个基,801180,-0.02662,-,+,False,0.0211,0.0309,0.7083,0.8333,1.8787,0.7083,False,+,+,False,,,-0.10399,0.0,0.05,-0.10399,0.15245,0.0,False,False,False,False
2020-02-17,央行开展中期借贷便利（MLF）操作，1年期中标利率下调10个基点至3.,801780,-0.032234,-,+,False,0.0141,0.0184,0.625,0.875,2.9892,0.5833,False,+,,False,,,-0.10167,0.0,0.05,-0.10167,0.169,0.0,True,True,True,False
2020-02-17,央行开展中期借贷便利（MLF）操作，1年期中标利率下调10个基点至3.,801790,0.020116,+,+,True,0.0338,0.0385,0.375,0.875,-2.3403,0.375,False,+,+,False,,,-0.14825,0.0,0.05,-0.14825,0.21665,0.0,True,True,True,False
2020-02-17,央行开展中期借贷便利（MLF）操作，1年期中标利率下调10个基点至3.,801180,-0.046862,-,+,False,0.0345,0.0378,0.4167,0.9583,-3.5664,0.4167,False,+,+,False,,,-0.18404,0.0,0.05,-0.18404,0.21881,0.0,True,True,True,False
2020-02-20,LPR下调：1年期降至4.05%(-10bp)，5年期降至4.75%(,801780,-0.012185,-,+,False,0.0153,0.0191,0.5833,0.6667,0.5706,0.5417,False,+,,False,,,-0.07183,0.0,0.05,-0.07183,0.1482,0.0,True,False,False,False
2020-02-20,LPR下调：1年期降至4.05%(-10bp)，5年期降至4.75%(,801790,0.0052,+,+,True,0.0218,0.0254,0.5833,0.7083,3.3578,0.5833,False,+,+,False,,,-0.11802,0.00198,0.05,-0.11802,0.17969,0.0,False,True,True,False
2020-02-20,LPR下调：1年期降至4.05%(-10bp)，5年期降至4.75%(,801180,-0.008532,-,+,False,0.0207,0.0243,0.4167,0.75,-4.141,0.4167,False,+,,False,,,-0.12735,0.0,0.05,-0.12735,0.18841,0.0,True,False,True,True
2020-03-13,央行宣布定向降准：对达到普惠金融考核标准的银行下调存款准备金率0.5-,801780,0.006871,+,-,False,0.0295,0.0342,0.625,0.7917,2.3361,0.625,False,+,+,False,,,-0.11336,0.19641,0.05,-0.11336,0.14559,0.0,True,True,True,True
2020-03-13,央行宣布定向降准：对达到普惠金融考核标准的银行下调存款准备金率0.5-,801790,-0.008571,-,+,False,0.0159,0.0214,0.4583,0.9167,-4.6674,0.4167,False,+,+,False,,,-0.18967,0.00622,0.05,-0.18967,0.26375,0.0,True,False,False,True
2020-03-13,央行宣布定向降准：对达到普惠金融考核标准的银行下调存款准备金率0.5-,801180,-0.008969,-,-,True,0.0269,0.0323,0.625,0.9583,1.9568,0.625,False,+,+,False,,,-0.19427,0.14402,0.05,-0.19427,0.27949,0.0,True,True,True,True
2020-03-30,央行开展500亿元7天逆回购操作，中标利率下调20个基点至2.2%,801780,-0.027682,-,-,True,0.0528,0.0548,0.625,1.0,-1.521,0.625,True,+,+,False,,,-0.17804,0.33803,0.05,-0.17804,0.19501,0.0,True,True,True,True
2020-03-30,央行开展500亿元7天逆回购操作，中标利率下调20个基点至2.2%,801790,-0.018241,-,-,True,0.0236,0.0263,0.5,1.0,-1.89,0.5,False,+,+,False,,,-0.22792,0.12588,0.05,-0.22792,0.24352,0.0,True,True,True,True
2020-03-30,央行开展500亿元7天逆回购操作，中标利率下调20个基点至2.2%,801180,-0.01619,-,-,True,0.0271,0.03,0.5417,1.0,-1.412,0.5417,False,-,+,True,,,-0.22125,0.19026,0.05,-0.22125,0.20901,0.0,True,True,True,True
2020-04-03,央行宣布对中小银行定向降准1个百分点（分4月15日、5月15日两次实施,801780,-0.013809,-,-,True,0.0299,0.0322,0.625,1.0,-1.9477,0.625,False,+,+,False,,,-0.13308,0.17842,0.05,-0.13308,0.16683,0.0,True,True,True,False
2020-04-03,央行宣布对中小银行定向降准1个百分点（分4月15日、5月15日两次实施,801790,-0.011272,-,-,True,0.0354,0.0386,0.4583,1.0,-2.0889,0.4583,False,+,+,False,,,-0.24093,0.21906,0.05,-0.24093,0.23841,0.0,True,False,False,False
2020-04-03,央行宣布对中小银行定向降准1个百分点（分4月15日、5月15日两次实施,801180,-0.004635,-,-,True,0.041,0.0442,0.5417,1.0,-1.3464,0.5,True,-,+,True,,,-0.19793,0.29187,0.05,-0.19793,0.19006,0.0,True,False,False,False
2020-04-15,央行开展中期借贷便利（MLF）操作，1年期中标利率下调20个基点至2.,801780,-0.011559,-,-,True,0.0345,0.037,0.625,0.9583,-1.5892,0.625,False,+,+,False,,,-0.1675,0.21711,0.05,-0.1675,0.18192,0.0,True,True,True,False
2020-04-15,央行开展中期借贷便利（MLF）操作，1年期中标利率下调20个基点至2.,801790,-0.004653,-,-,True,0.0408,0.043,0.5,1.0,0.3033,0.5,False,+,+,False,,,-0.20132,0.24055,0.05,-0.20132,0.25506,0.0,True,False,True,True
2020-04-15,央行开展中期借贷便利（MLF）操作，1年期中标利率下调20个基点至2.,801180,-0.017715,-,-,True,0.0506,0.0527,0.5,1.0,1.4012,0.5,True,+,+,False,,,-0.1998,0.35118,0.05,-0.1998,0.22061,0.0,True,True,True,True
2020-04-20,LPR下调：1年期降至3.85%(-20bp)，5年期降至4.65%(,801780,0.007995,+,-,False,0.0359,0.0389,0.625,1.0,-0.2493,0.625,False,+,+,False,,,-0.18598,0.23595,0.05,-0.18598,0.20066,0.0,True,True,True,False
2020-04-20,LPR下调：1年期降至3.85%(-20bp)，5年期降至4.65%(,801790,-0.022017,-,-,True,0.0301,0.0327,0.5417,1.0,2.1495,0.5417,False,+,+,False,,,-0.18971,0.1773,0.05,-0.18971,0.2412,0.0,False,True,True,False
2020-04-20,LPR下调：1年期降至3.85%(-20bp)，5年期降至4.65%(,801180,-0.007232,-,-,True,0.028,0.0305,0.5,1.0,0.5716,0.4583,False,+,+,False,,,-0.20249,0.18917,0.05,-0.20249,0.23818,0.0,True,True,True,False
2020-04-20,LPR下调：1年期降至3.85%(-20bp)，5年期降至4.65%(,801710,0.019768,+,+,True,0.0483,0.0527,0.5833,1.0,0.6645,0.5833,True,+,+,False,,,-0.18418,0.0,0.05,-0.18418,0.29785,0.0,True,True,True,True
2020-06-12,证监会发布创业板改革并试点注册制相关制度规则（首发注册管理办法等，试行,801790,-0.006679,-,+,False,0.0329,0.0372,0.5417,0.8333,3.719,0.5417,False,+,+,False,,,-0.28717,0.0,0.05,-0.28717,0.2834,0.0,False,False,True,True
2020-06-12,证监会发布创业板改革并试点注册制相关制度规则（首发注册管理办法等，试行,801780,-0.032675,-,+,False,0.044,0.0474,0.4167,0.9167,0.8691,0.375,True,-,+,True,,,-0.23451,0.0,0.05,-0.23451,0.21308,0.0,True,False,False,False
2020-06-12,证监会发布创业板改革并试点注册制相关制度规则（首发注册管理办法等，试行,801750,-0.0005,-,+,False,0.0204,0.0253,0.625,1.0,3.6562,0.625,False,-,+,True,,,-0.38142,0.0,0.05,-0.38142,0.36977,0.0,False,True,True,True
2020-08-04,国务院印发《新时期促进集成电路产业和软件产业高质量发展的若干政策》（国,801080,-0.036086,-,+,False,0.029,0.0345,0.4583,1.0,-1.4675,0.4583,True,+,+,False,,,-0.30178,0.0,0.05,-0.30178,0.39705,0.0,False,False,False,False
2020-08-04,国务院印发《新时期促进集成电路产业和软件产业高质量发展的若干政策》（国,801750,-0.026273,-,+,False,0.0289,0.0343,0.5417,1.0,-1.6062,0.5417,False,+,+,False,,,-0.3267,0.0,0.05,-0.3267,0.36565,0.0,False,True,False,False
2020-08-04,国务院印发《新时期促进集成电路产业和软件产业高质量发展的若干政策》（国,801770,-0.023326,-,+,False,0.0247,0.0293,0.4583,1.0,-2.1548,0.4583,False,+,+,False,,,-0.40625,0.0,0.05,-0.40625,0.40771,0.0,False,False,False,False
2020-08-17,美国商务部BIS扩大对华为的外国直接产品规则(FDPR)，并新增38家,801080,0.001334,+,+,True,0.0423,0.0476,0.4583,1.0,-1.6019,0.4583,True,+,+,False,,,-0.35434,0.0,0.05,-0.35434,0.47848,0.0,True,False,False,False
2020-08-17,美国商务部BIS扩大对华为的外国直接产品规则(FDPR)，并新增38家,801880,-0.002362,-,-,True,0.0405,0.0437,0.4167,1.0,-3.3028,0.4167,False,+,-,True,,,-0.23991,0.23737,0.05,-0.23991,0.29155,0.0,False,False,False,False
2020-08-17,美国商务部BIS扩大对华为的外国直接产品规则(FDPR)，并新增38家,801110,-0.023078,-,-,True,0.0438,0.0462,0.5,1.0,0.8292,0.5,True,+,-,True,,,-0.24918,0.27937,0.05,-0.24918,0.32657,0.0,False,True,True,True
2020-08-17,美国商务部BIS扩大对华为的外国直接产品规则(FDPR)，并新增38家,801890,0.009132,+,-,False,0.0395,0.0431,0.4167,1.0,-1.3274,0.4167,True,+,-,True,,,-0.2116,0.25197,0.05,-0.2116,0.26008,0.0,False,False,False,False
2020-08-17,美国商务部BIS扩大对华为的外国直接产品规则(FDPR)，并新增38家,801750,-0.005062,-,-,True,0.043,0.0465,0.4167,1.0,1.7873,0.4167,False,+,-,True,,,-0.31916,0.25002,0.05,-0.31916,0.42176,0.0,False,True,True,False
2020-08-17,美国商务部BIS扩大对华为的外国直接产品规则(FDPR)，并新增38家,801770,-0.010742,-,-,True,0.0223,0.0261,0.4583,1.0,2.9632,0.4583,False,+,-,True,,,-0.31675,0.11353,0.05,-0.31675,0.37426,0.0,False,True,True,True
2020-09-22,双碳目标宣布：2030年碳达峰、2060年碳中和,801730,0.009221,+,+,True,0.0348,0.0412,0.625,0.9583,2.7244,0.625,True,+,+,False,,,-0.21617,0.0,0.05,-0.21617,0.31449,0.0,False,False,False,True
2020-09-22,双碳目标宣布：2030年碳达峰、2060年碳中和,801160,-0.02192,-,+,False,0.0367,0.0394,0.375,1.0,-3.6698,0.375,True,+,+,False,,,-0.1665,0.0,0.05,-0.1665,0.20325,0.0,False,False,False,False
2020-09-22,双碳目标宣布：2030年碳达峰、2060年碳中和,801050,-0.044047,-,+,False,0.0287,0.0339,0.375,1.0,-1.9226,0.375,True,+,+,False,,,-0.24622,0.0,0.05,-0.24622,0.3262,0.0,False,False,False,False
2020-09-22,双碳目标宣布：2030年碳达峰、2060年碳中和,801770,-0.026561,-,+,False,0.042,0.0465,0.375,1.0,-4.3119,0.375,True,+,+,False,,,-0.30599,0.0,0.05,-0.30599,0.38893,0.0,False,False,False,True
2020-11-05,国家组织冠脉支架集中带量采购在天津开标并产生拟中选结果（首次高值医用耗,801150,-0.04837,-,+,False,0.0433,0.0475,0.4583,1.0,-1.4588,0.4583,True,+,+,False,,,-0.3165,0.0,0.05,-0.3165,0.4198,0.0,True,True,False,False
2020-11-10,市场监管总局发布《关于平台经济领域的反垄断指南（征求意见稿）》公开征求,801760,-0.026394,-,+,False,0.0473,0.0512,0.375,1.0,-5.0964,0.375,True,+,+,False,,,-0.25525,0.0,0.05,-0.25525,0.30938,0.0,False,False,False,False
2020-11-10,市场监管总局发布《关于平台经济领域的反垄断指南（征求意见稿）》公开征求,801750,-0.033221,-,+,False,0.0435,0.0481,0.375,1.0,-5.953,0.375,True,+,+,False,,,-0.27637,0.0,0.05,-0.27637,0.34847,0.0,False,False,False,False
2020-12-18,美国商务部BIS将中芯国际(SMIC)等逾60家中国实体列入出口管制实,801080,0.004487,+,+,True,0.0411,0.0466,0.6667,1.0,5.3326,0.6667,True,+,+,False,,,-0.28436,0.0,0.05,-0.28436,0.36693,0.0,False,False,True,True
2020-12-18,美国商务部BIS将中芯国际(SMIC)等逾60家中国实体列入出口管制实,801880,0.010864,+,+,True,0.0367,0.0422,0.7083,1.0,3.4489,0.7083,True,+,+,False,,,-0.24356,0.0,0.05,-0.24356,0.32421,0.0,True,True,True,True
2020-12-18,美国商务部BIS将中芯国际(SMIC)等逾60家中国实体列入出口管制实,801110,0.005345,+,+,True,0.0435,0.0478,0.5833,1.0,3.2248,0.5833,True,+,+,False,,,-0.26461,0.0,0.05,-0.26461,0.3248,0.0,False,False,True,True
2020-12-18,美国商务部BIS将中芯国际(SMIC)等逾60家中国实体列入出口管制实,801890,0.002826,+,+,True,0.0387,0.0424,0.5417,1.0,3.9898,0.5417,True,+,+,False,,,-0.20149,0.0,0.05,-0.20149,0.27271,0.0,False,False,False,True
2020-12-18,美国商务部BIS将中芯国际(SMIC)等逾60家中国实体列入出口管制实,801750,-0.056282,-,+,False,0.0343,0.0406,0.625,1.0,1.1985,0.625,True,+,+,False,,,-0.26328,0.0,0.05,-0.26328,0.29475,0.0,False,False,False,False
2020-12-18,美国商务部BIS将中芯国际(SMIC)等逾60家中国实体列入出口管制实,801770,-0.051321,-,+,False,0.0435,0.0487,0.5,1.0,-0.1375,0.5,True,+,+,False,,,-0.25497,0.0,0.05,-0.25497,0.29612,0.0,False,False,False,False
2020-12-31,沪深交易所发布退市制度改革相关业务规则（退市新规），当日施行,801790,-0.040732,-,+,False,0.0456,0.0481,0.375,0.9583,-2.1254,0.375,True,+,+,False,,,-0.24264,0.0,0.05,-0.24264,0.28992,0.0,True,True,True,True
2020-12-31,沪深交易所发布退市制度改革相关业务规则（退市新规），当日施行,801780,-0.054139,-,-,True,0.0155,0.0186,0.4167,1.0,-5.2611,0.4167,False,+,-,True,,,-0.16054,0.0564,0.05,-0.16054,0.18724,0.0,False,True,False,False
2020-12-31,沪深交易所发布退市制度改革相关业务规则（退市新规），当日施行,801750,-0.059735,-,-,True,0.0454,0.0499,0.4583,1.0,0.7518,0.4583,True,+,-,True,,,-0.22909,0.28137,0.05,-0.22909,0.25224,0.0,False,False,True,False
2021-02-07,国务院反垄断委员会印发《关于平台经济领域的反垄断指南》正式稿,801760,0.026054,+,+,True,0.0434,0.0456,0.5,1.0,-0.9376,0.5,False,+,+,False,,,-0.24602,0.0,0.05,-0.24602,0.2598,0.0,True,True,True,True
2021-02-07,国务院反垄断委员会印发《关于平台经济领域的反垄断指南》正式稿,801750,0.048968,+,+,True,0.0499,0.0519,0.4583,1.0,-0.8676,0.4583,True,+,+,False,,,-0.27943,0.0,0.05,-0.27943,0.25997,0.0,True,True,True,True
2021-04-10,市场监管总局对阿里巴巴集团作出反垄断行政处罚决定（罚款182.28亿元,801760,0.001891,+,+,True,0.0201,0.0227,0.5,1.0,0.6795,0.5,False,+,+,False,,,-0.22725,0.0,0.05,-0.22725,0.2359,0.0,False,False,True,True
2021-04-10,市场监管总局对阿里巴巴集团作出反垄断行政处罚决定（罚款182.28亿元,801750,0.025236,+,-,False,0.0379,0.0402,0.5417,1.0,-0.9094,0.5417,False,+,-,True,,,-0.23735,0.23969,0.05,-0.23735,0.26482,0.0,True,True,False,False
2021-06-23,第五批国家组织药品集中带量采购在上海开标（251个品种、148家企业中,801150,-0.00406,-,-,True,0.0238,0.0264,0.5,1.0,2.8796,0.4583,False,+,+,False,,,-0.28488,0.10953,0.05,-0.28488,0.30018,0.0,True,False,False,True
2021-07-09,央行宣布全面下调金融机构存款准备金率0.5个百分点（自7月15日起实施,801780,-0.014248,-,-,True,0.0479,0.0512,0.7083,1.0,2.0677,0.7083,True,-,+,True,,,-0.25784,0.34346,0.05,-0.25784,0.23769,0.0,True,True,True,True
2021-07-09,央行宣布全面下调金融机构存款准备金率0.5个百分点（自7月15日起实施,801790,0.004619,+,-,False,0.0435,0.0474,0.625,1.0,0.8287,0.5833,True,-,+,True,,,-0.23329,0.30062,0.05,-0.23329,0.21743,0.0,True,False,False,False
2021-07-09,央行宣布全面下调金融机构存款准备金率0.5个百分点（自7月15日起实施,801180,-0.019353,-,-,True,0.0282,0.0309,0.5833,0.9583,1.9555,0.5833,False,+,+,False,,,-0.19359,0.19343,0.05,-0.19359,0.20514,0.0,True,True,True,True
2021-07-26,教育双减政策：学科类培训机构不得上市融资,801760,-0.01686,-,+,False,0.0145,0.0179,0.375,0.5417,-2.5903,0.375,False,-,-,False,,,-0.0817,0.0,0.05,-0.0817,0.05858,0.0,False,False,False,False
2021-09-02,国家在服贸会致辞中宣布设立北京证券交易所,801790,0.018625,+,-,False,0.0504,0.0544,0.5833,0.9167,1.0856,0.5833,True,-,-,False,,,-0.16169,0.35285,0.05,-0.16169,0.13303,0.0,False,False,False,False
2021-09-02,国家在服贸会致辞中宣布设立北京证券交易所,801780,0.0032,+,-,False,0.0544,0.058,0.5417,0.9583,-1.3127,0.5417,True,+,-,True,,,-0.17838,0.37189,0.05,-0.17838,0.17859,0.0,False,False,False,False
2021-09-02,国家在服贸会致辞中宣布设立北京证券交易所,801750,0.002422,+,-,False,0.0516,0.0545,0.5,0.9583,-0.2114,0.5,True,+,-,True,,,-0.12644,0.34631,0.05,-0.12644,0.16201,0.0,True,False,False,False
2021-10-08,市场监管总局对美团作出反垄断行政处罚决定（罚款34.42亿元，按202,801760,0.019664,+,+,True,0.0108,0.014,0.4583,0.9167,-2.4479,0.4583,False,+,-,True,,,-0.13708,0.00371,0.05,-0.13708,0.13927,0.0,True,True,True,True
2021-10-08,市场监管总局对美团作出反垄断行政处罚决定（罚款34.42亿元，按202,801750,0.017407,+,+,True,0.0088,0.011,0.5833,0.9583,2.1013,0.5833,False,-,-,False,,,-0.10762,0.0,0.05,-0.10762,0.09688,0.0,True,True,True,True
2021-11-26,国家组织胰岛素专项集中带量采购产生拟中选结果（42个产品、11家企业中,801150,-0.01842,-,+,False,0.0221,0.0259,0.5417,1.0,-0.4512,0.5417,False,+,-,True,,,-0.13223,0.0,0.05,-0.13223,0.1764,0.0,False,True,False,True
2021-12-03,2021年国家医保药品目录谈判调整结果公布（新增74种药品，谈判新增药,801150,-0.025461,-,+,False,0.0458,0.0489,0.5833,0.9583,-0.3401,0.5833,True,+,-,True,,,-0.14521,0.0,0.05,-0.14521,0.15726,0.0,True,False,True,False
2021-12-06,央行全面降准0.5个百分点，释放长期资金约1.2万亿元,801780,-0.022146,-,+,False,0.0512,0.0529,0.5,1.0,0.8588,0.5,True,-,-,False,,,-0.23793,0.0,0.05,-0.23793,0.19438,0.0,True,True,True,True
2021-12-06,央行全面降准0.5个百分点，释放长期资金约1.2万亿元,801790,0.004962,+,+,True,0.0373,0.0388,0.5417,1.0,1.2986,0.5417,False,-,-,False,,,-0.13317,0.0,0.05,-0.13317,0.13469,0.0,True,True,True,True
2021-12-06,央行全面降准0.5个百分点，释放长期资金约1.2万亿元,801180,-0.022505,-,+,False,0.0478,0.0512,0.5,0.9583,3.5438,0.4583,True,-,-,False,,,-0.18046,0.0,0.05,-0.18046,0.14218,0.0,True,True,True,True
2021-12-20,LPR下调：1年期降至3.80%(-5bp)，5年期维持4.65%不变,801780,-0.006363,-,-,True,0.0428,0.0445,0.5,1.0,-3.1358,0.4583,True,-,+,True,,,-0.18204,0.28594,0.05,-0.18204,0.15588,0.0,True,True,True,True
2021-12-20,LPR下调：1年期降至3.80%(-5bp)，5年期维持4.65%不变,801790,-0.007883,-,-,True,0.0204,0.0226,0.5,0.9167,1.047,0.5,False,+,+,False,,,-0.09304,0.13746,0.05,-0.09304,0.10325,0.0,True,True,True,True
2022-01-17,中国人民银行下调1年期MLF利率10个基点至2.85%、7天期逆回购利,801780,0.029316,+,-,False,0.0117,0.0144,0.4167,0.6667,-3.4213,0.375,False,-,+,True,,,-0.08021,0.02542,0.05,-0.08021,0.06508,0.0,True,False,False,False
2022-01-17,中国人民银行下调1年期MLF利率10个基点至2.85%、7天期逆回购利,801790,0.006263,+,-,False,0.0195,0.022,0.4583,0.7083,2.0426,0.4583,False,-,+,True,,,-0.09641,0.11555,0.05,-0.09641,0.09027,0.0,False,False,False,True
2022-01-17,中国人民银行下调1年期MLF利率10个基点至2.85%、7天期逆回购利,801180,0.018132,+,-,False,0.0329,0.0377,0.4583,0.9583,0.5062,0.4583,True,-,+,True,,,-0.18862,0.23645,0.05,-0.18862,0.19114,0.0,False,False,False,True
2022-01-20,LPR双降：1年期降至3.70%(-10bp)，5年期降至4.60%(,801780,0.029385,+,-,False,0.0337,0.0374,0.5833,0.875,-0.2151,0.5833,False,-,+,True,,,-0.0943,0.23351,0.05,-0.0943,0.09037,0.0,False,False,False,False
2022-01-20,LPR双降：1年期降至3.70%(-10bp)，5年期降至4.60%(,801790,0.003165,+,-,False,0.0219,0.0254,0.5,0.7917,2.2644,0.5,False,-,+,True,,,-0.09219,0.15057,0.05,-0.09219,0.09246,0.0,False,False,True,True
2022-01-20,LPR双降：1年期降至3.70%(-10bp)，5年期降至4.60%(,801180,-0.020592,-,-,True,0.0251,0.0294,0.5417,0.8333,2.0384,0.5417,False,-,+,True,,,-0.13642,0.19657,0.05,-0.13642,0.12272,0.0,True,True,True,True
2022-01-20,LPR双降：1年期降至3.70%(-10bp)，5年期降至4.60%(,801710,-0.040695,-,-,True,0.0136,0.0175,0.4583,0.7917,-0.2236,0.4167,False,+,+,False,,,-0.11541,0.02166,0.05,-0.11541,0.12534,0.0,True,True,True,True
2022-01-24,中国人民银行下调14天期逆回购利率10个基点,801780,0.024658,+,-,False,0.0231,0.0264,0.625,0.9167,1.1378,0.5833,False,-,+,True,,,-0.08396,0.17202,0.05,-0.08396,0.07641,0.0,True,True,True,False
2022-01-24,中国人民银行下调14天期逆回购利率10个基点,801790,-0.001646,-,-,True,0.012,0.0158,0.5417,0.8333,3.8395,0.5417,False,-,+,True,,,-0.11158,0.04654,0.05,-0.11158,0.11204,0.0,True,True,True,False
2022-01-24,中国人民银行下调14天期逆回购利率10个基点,801180,0.004332,+,-,False,0.0393,0.0424,0.4583,0.9583,1.1124,0.4583,False,-,+,True,,,-0.17581,0.28285,0.05,-0.17581,0.15583,0.0,False,True,True,True
2022-04-15,央行降准0.25个百分点：释放长期资金约5300亿元,801780,0.025073,+,-,False,0.0273,0.0308,0.6667,0.9583,3.5534,0.6667,False,-,+,True,,,-0.19237,0.20687,0.05,-0.19237,0.16446,0.0,False,True,True,True
2022-04-15,央行降准0.25个百分点：释放长期资金约5300亿元,801790,0.004824,+,-,False,0.0205,0.0242,0.5,0.9167,3.217,0.5,False,-,+,True,,,-0.19191,0.12343,0.05,-0.19191,0.16361,0.0,False,True,True,True
2022-04-15,央行降准0.25个百分点：释放长期资金约5300亿元,801180,-0.011641,-,-,True,0.0364,0.044,0.5417,1.0,2.3734,0.5417,False,-,+,True,,,-0.37707,0.26725,0.05,-0.37707,0.3671,0.0,False,False,True,True
2022-04-25,中国人民银行下调金融机构外汇存款准备金率1个百分点（9%→8%），5月,801780,-0.032975,-,+,False,0.0426,0.0465,0.3333,1.0,-3.8739,0.3333,True,-,+,True,,,-0.23389,0.0,0.05,-0.23389,0.22896,0.0,False,False,False,False
2022-04-25,中国人民银行下调金融机构外汇存款准备金率1个百分点（9%→8%），5月,801790,-0.045323,-,+,False,0.0132,0.0178,0.5833,0.9583,3.4596,0.5833,False,-,+,True,,,-0.21793,0.00551,0.05,-0.21793,0.18367,0.0,False,False,False,False
2022-04-25,中国人民银行下调金融机构外汇存款准备金率1个百分点（9%→8%），5月,801180,-0.038942,-,-,True,0.0491,0.0566,0.5833,1.0,1.957,0.5833,True,-,+,True,,,-0.53329,0.38227,0.05,-0.53329,0.51275,0.0,True,True,True,True
2022-05-20,LPR非对称下调：1年期维持3.70%，5年期大降至4.45%(-15,801180,-0.046473,-,-,True,0.0377,0.0406,0.5833,1.0,1.9315,0.5833,True,-,+,True,,,-0.38423,0.29106,0.05,-0.38423,0.34782,0.0,True,True,True,True
2022-05-20,LPR非对称下调：1年期维持3.70%，5年期大降至4.45%(-15,801710,-0.003947,-,-,True,0.0118,0.0151,0.5417,1.0,-2.184,0.5417,False,+,+,False,,,-0.28139,0.03685,0.05,-0.28139,0.28156,0.0,False,True,False,False
2022-08-15,中国人民银行下调1年期MLF利率10个基点至2.75%、7天期逆回购利,801780,-0.008638,-,-,True,0.0204,0.0227,0.5,1.0,-0.508,0.5,False,-,+,True,,,-0.16063,0.14226,0.05,-0.16063,0.12473,0.0,True,True,True,True
2022-08-15,中国人民银行下调1年期MLF利率10个基点至2.75%、7天期逆回购利,801790,-0.006747,-,-,True,0.0124,0.0151,0.6667,1.0,2.6788,0.625,False,+,+,False,,,-0.31818,0.07855,0.05,-0.31818,0.3039,0.0,True,False,True,False
2022-08-15,中国人民银行下调1年期MLF利率10个基点至2.75%、7天期逆回购利,801180,0.039362,+,-,False,0.0569,0.0608,0.5,1.0,-2.7121,0.5,True,-,+,True,,,-0.46303,0.38225,0.05,-0.46303,0.4217,0.0,True,False,False,False
2022-08-22,LPR双降：1年期降至3.65%(-5bp)，5年期降至4.30%(-,801780,0.005133,+,-,False,0.0247,0.0262,0.5,1.0,-1.1348,0.5,False,+,+,False,,,-0.10926,0.13239,0.05,-0.10926,0.16488,0.0,True,True,False,False
2022-08-22,LPR双降：1年期降至3.65%(-5bp)，5年期降至4.30%(-,801790,0.017386,+,-,False,0.0244,0.0261,0.625,1.0,2.3599,0.625,False,+,+,False,,,-0.19702,0.14577,0.05,-0.19702,0.22128,0.0,True,True,False,False
2022-08-22,LPR双降：1年期降至3.65%(-5bp)，5年期降至4.30%(-,801180,-0.013031,-,-,True,0.0427,0.0453,0.5417,1.0,-0.3124,0.5417,False,-,+,True,,,-0.30539,0.26981,0.05,-0.30539,0.28025,0.0,False,True,True,True
2022-08-22,LPR双降：1年期降至3.65%(-5bp)，5年期降至4.30%(-,801710,-0.02968,-,-,True,0.0312,0.0345,0.6667,0.9583,5.6572,0.6667,False,-,+,True,,,-0.19307,0.25701,0.05,-0.19307,0.12923,0.0,False,True,True,True
2022-09-05,中国人民银行下调金融机构外汇存款准备金率2个百分点（8%→6%），9月,801780,0.003115,+,+,True,0.0346,0.0363,0.5417,1.0,-2.1814,0.5417,False,-,+,True,,,-0.12834,0.0,0.05,-0.12834,0.08646,0.0,True,False,True,True
2022-09-05,中国人民银行下调金融机构外汇存款准备金率2个百分点（8%→6%），9月,801790,0.005172,+,-,False,0.0168,0.0198,0.5417,0.9583,2.9424,0.5417,False,-,+,True,,,-0.19117,0.10048,0.05,-0.19117,0.16437,0.0,False,False,False,True
2022-09-05,中国人民银行下调金融机构外汇存款准备金率2个百分点（8%→6%），9月,801180,0.031812,+,-,False,0.0339,0.0402,0.5417,1.0,0.9799,0.5417,True,+,+,False,,,-0.40143,0.23864,0.05,-0.40143,0.38952,0.0,False,False,False,False
2022-10-07,美国商务部BIS发布对华先进计算芯片及半导体制造设备出口管制新规(EA,801080,0.032727,+,+,True,0.0261,0.0336,0.5,0.875,1.8674,0.5,False,+,+,False,,,-0.18634,0.0,0.05,-0.18634,0.1841,0.0,False,False,True,True
2022-10-07,美国商务部BIS发布对华先进计算芯片及半导体制造设备出口管制新规(EA,801880,0.02913,+,+,True,0.0296,0.0339,0.4583,1.0,2.0382,0.4583,False,+,+,False,,,-0.28309,0.0,0.05,-0.28309,0.28933,0.0,False,True,True,True
2022-10-07,美国商务部BIS发布对华先进计算芯片及半导体制造设备出口管制新规(EA,801110,-0.019249,-,-,True,0.0362,0.0405,0.6667,0.7083,2.4484,0.6667,True,+,-,True,,,-0.09154,0.27123,0.05,-0.09154,0.10523,0.0,True,True,True,True
2022-10-07,美国商务部BIS发布对华先进计算芯片及半导体制造设备出口管制新规(EA,801890,0.074072,+,+,True,0.0328,0.0369,0.625,0.9583,4.1972,0.625,False,-,+,True,,,-0.1902,0.0,0.05,-0.1902,0.1844,0.0,False,True,True,True
2022-10-07,美国商务部BIS发布对华先进计算芯片及半导体制造设备出口管制新规(EA,801750,0.080184,+,+,True,0.0253,0.0298,0.625,0.875,5.4759,0.625,False,+,+,False,,,-0.15718,0.0,0.05,-0.15718,0.1596,0.0,False,True,True,True
2022-10-07,美国商务部BIS发布对华先进计算芯片及半导体制造设备出口管制新规(EA,801770,0.051686,+,+,True,0.0213,0.0247,0.5417,0.9167,2.5018,0.5417,False,-,+,True,,,-0.13578,0.0,0.05,-0.13578,0.12199,0.0,False,True,True,True
2022-10-07,美国商务部BIS发布对华先进计算芯片及半导体制造设备出口管制新规(EA,801030,0.031977,+,+,True,0.0326,0.0372,0.5,0.9583,0.8112,0.5,False,+,+,False,,,-0.16853,0.0,0.05,-0.16853,0.17288,0.0,False,True,True,True
2022-11-25,央行降准0.25个百分点：释放长期资金约5000亿元,801780,0.003452,+,+,True,0.0286,0.0325,0.5,0.7917,2.3633,0.5,False,-,+,True,,,-0.11423,0.0,0.05,-0.11423,0.08204,0.0,True,True,True,True
2022-11-25,央行降准0.25个百分点：释放长期资金约5000亿元,801790,0.012493,+,+,True,0.031,0.035,0.5,0.9167,1.235,0.5,False,+,+,False,,,-0.17701,0.0,0.05,-0.17701,0.1881,0.0,True,True,True,True
2022-11-25,央行降准0.25个百分点：释放长期资金约5000亿元,801180,0.052558,+,-,False,0.0474,0.0563,0.5417,0.9167,-1.028,0.5417,True,+,+,False,,,-0.23567,0.30978,0.05,-0.23567,0.24776,0.0,False,False,False,False
2022-11-25,央行降准0.25个百分点：释放长期资金约5000亿元,801710,0.003928,+,-,False,0.0347,0.0403,0.5833,0.9167,-0.5001,0.5833,True,+,+,False,,,-0.18823,0.2337,0.05,-0.18823,0.17104,0.0,False,False,False,False
2022-11-28,房地产金融16条：支持房企合理融资需求,801180,-0.000644,-,+,False,0.0484,0.0519,0.4167,0.9583,-1.2057,0.4167,True,+,+,False,,,-0.29491,0.0,0.05,-0.29491,0.32079,0.0,False,True,True,True
2022-11-28,房地产金融16条：支持房企合理融资需求,801780,-0.006354,-,+,False,0.0417,0.0452,0.4583,0.875,1.1762,0.4583,True,+,+,False,,,-0.10405,0.0,0.05,-0.10405,0.09767,0.0,False,True,True,True
2022-11-28,房地产金融16条：支持房企合理融资需求,801710,0.002945,+,+,True,0.0395,0.0433,0.375,0.9583,-1.1248,0.375,False,-,+,True,,,-0.24778,0.0,0.05,-0.24778,0.22286,0.0,False,True,True,True
2023-02-01,证监会就全面实行股票发行注册制主要制度规则公开征求意见,801790,-0.008788,-,-,True,0.0236,0.0276,0.5417,0.9583,0.7529,0.5417,False,-,+,True,,,-0.17782,0.15191,0.05,-0.17782,0.17231,0.0,False,True,True,True
2023-02-01,证监会就全面实行股票发行注册制主要制度规则公开征求意见,801780,-0.009393,-,-,True,0.0235,0.0251,0.5833,1.0,2.0457,0.5833,False,-,+,True,,,-0.14763,0.17349,0.05,-0.14763,0.14132,0.0,True,True,True,True
2023-02-01,证监会就全面实行股票发行注册制主要制度规则公开征求意见,801750,0.059277,+,-,False,0.0247,0.0294,0.5,0.7917,-3.3307,0.5,False,+,+,False,,,-0.11937,0.10998,0.05,-0.11937,0.15301,0.0,False,False,False,False
2023-02-17,证监会发布全面实行股票发行注册制相关制度规则（主板注册制正式落地）,801790,0.008809,+,-,False,0.0305,0.0349,0.5833,0.9583,1.4365,0.5833,False,-,+,True,,,-0.19541,0.22198,0.05,-0.19541,0.17632,0.0,True,False,False,False
2023-02-17,证监会发布全面实行股票发行注册制相关制度规则（主板注册制正式落地）,801780,0.012383,+,-,False,0.0356,0.0381,0.5,0.9583,0.2814,0.5,True,-,+,True,,,-0.14983,0.25029,0.05,-0.14983,0.13617,0.0,True,False,False,False
2023-02-17,证监会发布全面实行股票发行注册制相关制度规则（主板注册制正式落地）,801750,-0.011665,-,-,True,0.0174,0.0228,0.5,0.875,-3.4007,0.5,False,-,+,True,,,-0.23091,0.02494,0.05,-0.23091,0.20453,0.0,True,True,True,False
2023-03-17,央行降准0.25个百分点：释放长期资金约5000亿元,801780,-0.023531,-,+,False,0.0424,0.0446,0.5417,1.0,3.4625,0.5417,True,-,+,True,,,-0.12437,0.0,0.05,-0.12437,0.12553,0.0,False,False,True,False
2023-03-17,央行降准0.25个百分点：释放长期资金约5000亿元,801790,0.000899,+,+,True,0.0281,0.0306,0.625,1.0,3.9604,0.625,False,-,+,True,,,-0.22732,0.0,0.05,-0.22732,0.22142,0.0,True,True,True,True
2023-03-17,央行降准0.25个百分点：释放长期资金约5000亿元,801180,-0.011634,-,-,True,0.054,0.0565,0.6667,1.0,0.3664,0.6667,True,-,+,True,,,-0.25033,0.3695,0.05,-0.25033,0.23373,0.0,False,False,False,True
2023-05-21,中国网信办宣布美光公司(Micron)在华销售产品未通过网络安全审查,801080,0.031436,+,+,True,0.0407,0.044,0.6667,0.9583,0.0888,0.6667,True,-,+,True,,,-0.1934,0.0,0.05,-0.1934,0.13692,0.0,False,False,False,True
2023-05-21,中国网信办宣布美光公司(Micron)在华销售产品未通过网络安全审查,801750,0.01449,+,-,False,0.0166,0.0222,0.625,1.0,-0.5818,0.625,False,-,+,True,,,-0.38227,0.00665,0.05,-0.38227,0.32883,0.0,False,True,True,True
2023-05-21,中国网信办宣布美光公司(Micron)在华销售产品未通过网络安全审查,801770,0.045626,+,-,False,0.0263,0.029,0.25,1.0,-4.89,0.25,False,-,+,True,,,-0.41798,0.11778,0.05,-0.41798,0.33495,0.0,True,True,False,False
2023-06-13,中国人民银行下调7天期逆回购利率10个基点至1.90%,801780,-0.054936,-,+,False,0.0447,0.0467,0.3333,0.9583,-5.0433,0.3333,True,-,+,True,,,-0.10298,0.0,0.05,-0.10298,0.07923,0.0,True,False,False,False
2023-06-13,中国人民银行下调7天期逆回购利率10个基点至1.90%,801790,-0.029759,-,+,False,0.0422,0.0451,0.4167,1.0,-0.4553,0.4167,True,+,+,False,,,-0.20434,0.0,0.05,-0.20434,0.21004,0.0,True,True,False,False
2023-06-13,中国人民银行下调7天期逆回购利率10个基点至1.90%,801180,-0.053735,-,-,True,0.0502,0.0529,0.5833,0.9583,2.2902,0.5833,True,-,+,True,,,-0.12831,0.35523,0.05,-0.12831,0.08375,0.0,False,False,True,True
2023-06-15,中国人民银行下调1年期MLF利率10个基点至2.65%（含2370亿元,801780,-0.0257,-,-,True,0.0167,0.019,0.625,1.0,3.2603,0.625,False,-,+,True,,,-0.09878,0.13122,0.05,-0.09878,0.07588,0.0,False,True,True,True
2023-06-15,中国人民银行下调1年期MLF利率10个基点至2.65%（含2370亿元,801790,-0.028583,-,+,False,0.0411,0.0441,0.4167,1.0,-0.5124,0.4167,True,-,+,True,,,-0.20168,0.0,0.05,-0.20168,0.16136,0.0,True,True,False,False
2023-06-15,中国人民银行下调1年期MLF利率10个基点至2.65%（含2370亿元,801180,-0.040061,-,-,True,0.0517,0.0541,0.5417,0.9583,1.0634,0.5417,True,-,+,True,,,-0.12815,0.3584,0.05,-0.12815,0.08822,0.0,False,True,True,True
2023-06-20,LPR双降：1年期降至3.55%(-10bp)，5年期降至4.20%(,801780,0.006226,+,-,False,0.025,0.0269,0.625,0.9583,0.1245,0.625,False,-,+,True,,,-0.1058,0.17623,0.05,-0.1058,0.088,0.0,True,True,True,True
2023-06-20,LPR双降：1年期降至3.55%(-10bp)，5年期降至4.20%(,801790,-0.009731,-,+,False,0.0295,0.0321,0.375,0.9583,1.7934,0.375,False,-,+,True,,,-0.20877,0.0,0.05,-0.20877,0.14115,0.0,False,False,False,False
2023-06-20,LPR双降：1年期降至3.55%(-10bp)，5年期降至4.20%(,801180,-0.000245,-,-,True,0.0503,0.0535,0.5417,0.9167,-2.1954,0.5417,True,-,+,True,,,-0.17342,0.32137,0.05,-0.17342,0.14707,0.0,True,True,True,True
2023-06-20,LPR双降：1年期降至3.55%(-10bp)，5年期降至4.20%(,801710,-0.01003,-,-,True,0.0187,0.0243,0.5417,0.875,-0.7082,0.5417,False,-,+,True,,,-0.11188,0.11971,0.05,-0.11188,0.09845,0.0,True,True,True,True
2023-06-21,财政部、税务总局、工信部公告延续和优化新能源汽车车辆购置税减免政策（2,801730,0.038536,+,+,True,0.0273,0.0303,0.4167,1.0,-1.6906,0.4167,False,+,+,False,,,-0.12117,0.0,0.05,-0.12117,0.15459,0.0,False,False,True,True
2023-06-21,财政部、税务总局、工信部公告延续和优化新能源汽车车辆购置税减免政策（2,801160,0.047139,+,-,False,0.0207,0.0233,0.5833,0.9583,-0.1399,0.5833,False,-,+,True,,,-0.11544,0.14445,0.05,-0.11544,0.08928,0.0,False,False,False,False
2023-06-21,财政部、税务总局、工信部公告延续和优化新能源汽车车辆购置税减免政策（2,801880,0.032289,+,+,True,0.0421,0.0453,0.4167,0.875,0.8957,0.4167,True,+,+,False,,,-0.08784,0.0,0.05,-0.08784,0.09849,0.0,False,False,True,True
2023-06-21,财政部、税务总局、工信部公告延续和优化新能源汽车车辆购置税减免政策（2,801050,0.011856,+,-,False,0.0217,0.0252,0.5,1.0,-1.9735,0.5,False,-,+,True,,,-0.21845,0.14713,0.05,-0.21845,0.17613,0.0,True,True,True,False
2023-07-03,商务部、海关总署发布对镓、锗相关物项实施出口管制的公告（自8月1日起施,801080,0.001228,+,+,True,0.032,0.0348,0.4583,0.9583,-0.2173,0.4583,False,-,+,True,,,-0.18072,0.0,0.05,-0.18072,0.13356,0.0,True,True,True,True
2023-07-03,商务部、海关总署发布对镓、锗相关物项实施出口管制的公告（自8月1日起施,801880,0.018994,+,-,False,0.0203,0.0262,0.5833,0.8333,-2.0745,0.5833,False,+,-,True,,,-0.11948,0.11735,0.05,-0.11948,0.13324,0.0,False,False,False,False
2023-07-03,商务部、海关总署发布对镓、锗相关物项实施出口管制的公告（自8月1日起施,801110,-0.02663,-,-,True,0.0178,0.0214,0.625,0.9583,-0.0266,0.625,False,-,+,True,,,-0.16658,0.12503,0.05,-0.16658,0.14884,0.0,False,True,True,True
2023-07-03,商务部、海关总署发布对镓、锗相关物项实施出口管制的公告（自8月1日起施,801890,-0.015626,-,+,False,0.024,0.0261,0.4167,0.9167,-1.857,0.4167,False,+,+,False,,,-0.07174,0.0,0.05,-0.07174,0.08623,0.0,False,True,False,False
2023-07-03,商务部、海关总署发布对镓、锗相关物项实施出口管制的公告（自8月1日起施,801050,0.022423,+,+,True,0.0307,0.0332,0.5417,0.9167,2.4282,0.5417,False,+,+,False,,,-0.11321,0.0,0.05,-0.11321,0.111,0.0,True,True,True,True
2023-07-03,商务部、海关总署发布对镓、锗相关物项实施出口管制的公告（自8月1日起施,801030,0.004753,+,+,True,0.0113,0.0129,0.4583,0.9583,2.7461,0.4583,False,-,+,True,,,-0.0893,0.0,0.05,-0.0893,0.06737,0.0,True,True,False,True
2023-07-21,国务院常务会议审议通过《关于在超大特大城市积极稳步推进城中村改造的指导,801180,0.071235,+,-,False,0.0225,0.0293,0.5417,0.875,-1.6608,0.5417,False,-,+,True,,,-0.13248,0.12209,0.05,-0.13248,0.11366,0.0,False,False,False,False
2023-07-21,国务院常务会议审议通过《关于在超大特大城市积极稳步推进城中村改造的指导,801710,0.024725,+,-,False,0.0132,0.019,0.5417,0.9167,-0.5773,0.5417,False,-,+,True,,,-0.1357,0.07029,0.05,-0.1357,0.10444,0.0,False,False,False,False
2023-07-21,国务院常务会议审议通过《关于在超大特大城市积极稳步推进城中村改造的指导,801780,0.017932,+,-,False,0.0209,0.0255,0.5833,0.9167,-0.8816,0.5417,False,-,+,True,,,-0.12141,0.14207,0.05,-0.12141,0.09618,0.0,True,False,False,False
2023-07-24,政治局会议：活跃资本市场，提振投资者信心,801790,0.072335,+,-,False,0.0253,0.0331,0.5,0.875,-2.0755,0.5,False,+,+,False,,,-0.14729,0.12995,0.05,-0.14729,0.15058,0.0,True,False,False,False
2023-07-24,政治局会议：活跃资本市场，提振投资者信心,801780,0.021393,+,-,False,0.0195,0.0243,0.5833,0.9167,-0.6843,0.5833,False,-,+,True,,,-0.13615,0.13161,0.05,-0.13615,0.11379,0.0,True,False,False,False
2023-07-24,政治局会议：活跃资本市场，提振投资者信心,801750,-0.024142,-,-,True,0.0166,0.019,0.5,1.0,2.9712,0.5,False,-,+,True,,,-0.30607,0.0441,0.05,-0.30607,0.29714,0.0,False,False,False,False
2023-07-24,政治局会议：活跃资本市场，提振投资者信心,801760,-0.053839,-,+,False,0.0425,0.0476,0.375,1.0,-1.1827,0.375,True,+,+,False,,,-0.49887,0.0,0.05,-0.49887,0.53012,0.0,False,False,False,True
2023-08-09,美国总统签署第14105号行政令，建立对华半导体、量子信息、人工智能领,801080,-0.0315,-,+,False,0.027,0.033,0.5,0.9167,-1.6558,0.5,False,-,+,True,,,-0.14416,0.0,0.05,-0.14416,0.14197,0.0,False,False,False,False
2023-08-09,美国总统签署第14105号行政令，建立对华半导体、量子信息、人工智能领,801750,-0.014792,-,+,False,0.0443,0.0502,0.4583,1.0,-2.3113,0.4583,True,-,+,True,,,-0.27258,0.0,0.05,-0.27258,0.25504,0.0,False,False,False,False
2023-08-09,美国总统签署第14105号行政令，建立对华半导体、量子信息、人工智能领,801770,-0.015996,-,+,False,0.0347,0.0411,0.4583,1.0,-1.4741,0.4583,True,-,+,True,,,-0.28756,0.0,0.05,-0.28756,0.27269,0.0,False,False,False,False
2023-08-15,央行降息：MLF降15bp至2.50%、7天逆回购降10bp至1.80,801780,0.025323,+,-,False,0.0229,0.0253,0.5417,1.0,-1.0177,0.5417,False,-,+,True,,,-0.15094,0.16086,0.05,-0.15094,0.12216,0.0,False,False,True,False
2023-08-15,央行降息：MLF降15bp至2.50%、7天逆回购降10bp至1.80,801790,0.00605,+,-,False,0.0114,0.0134,0.5833,1.0,4.2233,0.5417,False,-,+,True,,,-0.20142,0.02442,0.05,-0.20142,0.19694,0.0,False,False,True,True
2023-08-15,央行降息：MLF降15bp至2.50%、7天逆回购降10bp至1.80,801180,0.003881,+,-,False,0.0514,0.0561,0.625,0.9167,1.8268,0.625,True,-,+,True,,,-0.18374,0.37139,0.05,-0.18374,0.15409,0.0,True,False,True,False
2023-08-15,央行降息：MLF降15bp至2.50%、7天逆回购降10bp至1.80,801710,0.021268,+,-,False,0.0248,0.028,0.5833,1.0,1.1101,0.5833,False,-,+,True,,,-0.16777,0.18227,0.05,-0.16777,0.1284,0.0,True,False,True,True
2023-08-21,LPR非对称下调：1年期降至3.45%(-10bp)，5年期维持4.2,801780,0.019955,+,-,False,0.0136,0.0165,0.5,1.0,-1.6501,0.5,False,-,+,True,,,-0.15647,0.08767,0.05,-0.15647,0.12974,0.0,True,True,True,True
2023-08-21,LPR非对称下调：1年期降至3.45%(-10bp)，5年期维持4.2,801790,0.006448,+,+,True,0.0438,0.0476,0.4583,1.0,-1.1233,0.4583,True,-,+,True,,,-0.21859,0.0,0.05,-0.21859,0.22737,0.0,False,False,False,False
2023-08-25,住建部、央行、金融监管总局联合发文推动落实购买首套房贷款“认房不用认贷,801180,0.011579,+,-,False,0.0137,0.0187,0.5,0.9583,-1.0434,0.4583,False,+,+,False,,,-0.19598,0.02019,0.05,-0.19598,0.23417,0.0,False,False,False,False
2023-08-25,住建部、央行、金融监管总局联合发文推动落实购买首套房贷款“认房不用认贷,801710,0.021813,+,+,True,0.0298,0.0318,0.5,0.9583,-0.014,0.4583,False,-,+,True,,,-0.15383,0.0,0.05,-0.15383,0.1211,0.0,True,True,True,True
2023-08-25,住建部、央行、金融监管总局联合发文推动落实购买首套房贷款“认房不用认贷,801780,-0.013219,-,+,False,0.0418,0.0439,0.5,1.0,1.6084,0.5,True,-,+,True,,,-0.17082,0.0,0.05,-0.17082,0.14721,0.0,True,True,False,True
2023-08-27,证监会：印花税减半、阶段性收紧IPO、规范减持,801790,-0.024251,-,+,False,0.0449,0.0471,0.375,1.0,-2.1322,0.375,True,-,+,True,,,-0.18106,0.0,0.05,-0.18106,0.16961,0.0,True,False,False,True
2023-08-27,证监会：印花税减半、阶段性收紧IPO、规范减持,801780,-0.021008,-,+,False,0.0419,0.0439,0.4583,1.0,0.4493,0.4583,True,+,+,False,,,-0.14412,0.0,0.05,-0.14412,0.15037,0.0,True,False,False,True
2023-09-01,证监会及沪深交易所发布股票程序化交易报告制度相关规则,801790,0.012669,+,-,False,0.0097,0.0133,0.625,1.0,1.3447,0.625,False,-,+,True,,,-0.2304,0.05087,0.05,-0.2304,0.23036,0.0,False,False,False,True
2023-09-01,证监会及沪深交易所发布股票程序化交易报告制度相关规则,801780,0.012026,+,-,False,0.0113,0.0138,0.5,1.0,-3.2219,0.5,False,-,+,True,,,-0.1453,0.06702,0.05,-0.1453,0.13146,0.0,False,False,False,False
2023-09-01,证监会及沪深交易所发布股票程序化交易报告制度相关规则,801750,-0.010507,-,-,True,0.0126,0.0159,0.625,1.0,1.5807,0.625,False,-,+,True,,,-0.34879,0.0831,0.05,-0.34879,0.29188,0.0,True,True,True,True
2023-09-15,央行降准0.25个百分点：释放长期资金约5000亿元,801780,0.008722,+,-,False,0.0064,0.0078,0.4583,1.0,0.2855,0.4583,False,-,+,True,,,-0.11516,0.02031,0.05,-0.11516,0.09985,0.0,True,False,True,False
2023-09-15,央行降准0.25个百分点：释放长期资金约5000亿元,801790,0.013835,+,+,True,0.0252,0.0285,0.2917,1.0,-2.1635,0.2917,False,-,+,True,,,-0.23997,0.0,0.05,-0.23997,0.20951,0.0,False,False,False,False
2023-09-15,央行降准0.25个百分点：释放长期资金约5000亿元,801180,-0.003677,-,-,True,0.0435,0.0462,0.7083,1.0,7.2795,0.7083,True,-,+,True,,,-0.21803,0.33384,0.05,-0.21803,0.19015,0.0,False,True,True,True
2023-10-07,巴以冲突爆发：哈马斯袭击以色列引发中东局势骤紧,801030,-0.000342,-,+,False,0.0357,0.039,0.4167,0.8333,-0.6436,0.4167,True,+,+,False,,,-0.07509,0.0,0.05,-0.07509,0.07381,0.0,False,False,False,False
2023-10-07,巴以冲突爆发：哈马斯袭击以色列引发中东局势骤紧,801040,0.003863,+,-,False,0.0262,0.0292,0.625,0.875,1.4478,0.625,False,+,-,True,,,-0.07113,0.19438,0.05,-0.07113,0.08786,0.0,True,True,True,True
2023-10-17,美国商务部BIS更新并扩大对华先进计算芯片及半导体制造设备出口管制规则,801080,-0.002796,-,+,False,0.0246,0.0283,0.625,0.875,2.3118,0.625,False,-,+,True,,,-0.12182,0.0,0.05,-0.12182,0.10324,0.0,True,False,False,True
2023-10-17,美国商务部BIS更新并扩大对华先进计算芯片及半导体制造设备出口管制规则,801880,-0.003749,-,+,False,0.018,0.0234,0.5417,0.9167,1.6179,0.5417,False,+,+,False,,,-0.09782,0.0,0.05,-0.09782,0.1328,0.0,False,False,False,True
2023-10-17,美国商务部BIS更新并扩大对华先进计算芯片及半导体制造设备出口管制规则,801110,0.007465,+,-,False,0.0327,0.0341,0.4167,1.0,0.728,0.4167,False,-,+,True,,,-0.15569,0.21688,0.05,-0.15569,0.13863,0.0,False,True,True,True
2023-10-17,美国商务部BIS更新并扩大对华先进计算芯片及半导体制造设备出口管制规则,801890,-0.014228,-,+,False,0.0143,0.0184,0.5417,1.0,1.2001,0.5417,False,+,+,False,,,-0.09893,0.0,0.05,-0.09893,0.11422,0.0,False,False,False,False
2023-10-17,美国商务部BIS更新并扩大对华先进计算芯片及半导体制造设备出口管制规则,801750,-0.032997,-,+,False,0.0348,0.0396,0.5417,1.0,1.768,0.5,True,-,+,True,,,-0.27015,0.0,0.05,-0.27015,0.21309,0.0,True,False,False,False
2023-10-17,美国商务部BIS更新并扩大对华先进计算芯片及半导体制造设备出口管制规则,801770,-0.045323,-,+,False,0.0319,0.037,0.4583,1.0,-0.867,0.4583,True,-,+,True,,,-0.259,0.0,0.05,-0.259,0.24208,0.0,True,False,False,False
2023-10-17,美国商务部BIS更新并扩大对华先进计算芯片及半导体制造设备出口管制规则,801030,0.001745,+,+,True,0.0149,0.0191,0.5,0.875,0.6845,0.5,False,+,+,False,,,-0.08687,0.0,0.05,-0.08687,0.09184,0.0,True,False,False,True
2023-10-20,中国商务部、海关总署发布2023年第39号公告，对石墨相关物项实施出口,801080,-0.010182,-,+,False,0.0211,0.0246,0.5833,0.875,1.4874,0.5833,False,-,+,True,,,-0.13095,0.0,0.05,-0.13095,0.10303,0.0,False,False,False,True
2023-10-20,中国商务部、海关总署发布2023年第39号公告，对石墨相关物项实施出口,801880,0.024832,+,-,False,0.0134,0.0166,0.4583,1.0,-2.1878,0.4583,False,+,-,True,,,-0.131,0.04138,0.05,-0.131,0.15984,0.0,True,True,False,False
2023-10-20,中国商务部、海关总署发布2023年第39号公告，对石墨相关物项实施出口,801110,-0.002455,-,-,True,0.0098,0.0117,0.4167,1.0,0.2886,0.4167,False,-,+,True,,,-0.15474,0.05767,0.05,-0.15474,0.11474,0.0,True,True,True,True
2023-10-20,中国商务部、海关总署发布2023年第39号公告，对石墨相关物项实施出口,801890,0.001649,+,+,True,0.0147,0.0183,0.5833,0.875,2.1597,0.5833,False,+,+,False,,,-0.10305,0.0,0.05,-0.10305,0.09924,0.0,False,False,False,False
2023-10-20,中国商务部、海关总署发布2023年第39号公告，对石墨相关物项实施出口,801050,0.012059,+,+,True,0.0126,0.016,0.5833,0.875,0.2083,0.5833,False,+,+,False,,,-0.09652,0.0,0.05,-0.09652,0.10202,0.0,True,False,True,True
2023-10-20,中国商务部、海关总署发布2023年第39号公告，对石墨相关物项实施出口,801030,0.016592,+,+,True,0.0156,0.0187,0.5,0.875,2.0095,0.5,False,+,+,False,,,-0.0733,0.0,0.05,-0.0733,0.08184,0.0,False,False,True,True
2023-10-31,中央金融工作会议：加快建设金融强国（五年一度重磅会议）,801780,-0.005589,-,+,False,0.0377,0.0386,0.4167,1.0,-4.0419,0.4167,False,-,+,True,,,-0.13196,0.0,0.05,-0.13196,0.10264,0.0,True,True,True,False
2023-10-31,中央金融工作会议：加快建设金融强国（五年一度重磅会议）,801790,0.022559,+,+,True,0.0305,0.0321,0.4167,1.0,-1.9024,0.4167,False,-,+,True,,,-0.22635,0.0,0.05,-0.22635,0.16496,0.0,True,False,True,True
2023-10-31,中央金融工作会议：加快建设金融强国（五年一度重磅会议）,801180,0.004878,+,+,True,0.0106,0.013,0.4583,1.0,0.1614,0.4583,False,-,+,True,,,-0.24173,0.00026,0.05,-0.24173,0.20226,0.0,True,False,True,True
2024-01-24,央行降准0.5pp+支农支小再贷款利率降25bp,801780,0.052112,+,+,True,0.0435,0.0458,0.6667,0.7083,5.5671,0.6667,True,-,+,True,,,-0.06683,0.0,0.05,-0.06683,0.05654,0.0,True,True,True,True
2024-01-24,央行降准0.5pp+支农支小再贷款利率降25bp,801790,0.029548,+,+,True,0.0334,0.0373,0.5417,0.875,2.9064,0.5417,False,-,+,True,,,-0.12139,0.0,0.05,-0.12139,0.09009,0.0,True,True,True,True
2024-01-24,央行降准0.5pp+支农支小再贷款利率降25bp,801180,0.030768,+,-,False,0.0493,0.0579,0.5,0.625,-0.6679,0.5,True,-,+,True,,,-0.16706,0.32537,0.05,-0.16706,0.10692,0.0,False,False,False,True
2024-01-24,央行降准0.5pp+支农支小再贷款利率降25bp,801710,0.007479,+,-,False,0.0203,0.0243,0.4167,0.625,-1.2768,0.4167,False,-,+,True,,,-0.14616,0.08949,0.05,-0.14616,0.07903,0.0,False,False,False,True
2024-02-05,A股春节前急跌：沪指失守2700后V型反转,801790,-0.012597,-,+,False,0.0233,0.0258,0.5417,0.9583,2.9742,0.5417,False,-,+,True,,,-0.14823,0.0,0.05,-0.14823,0.11708,0.0,False,True,True,True
2024-02-05,A股春节前急跌：沪指失守2700后V型反转,801780,-0.034132,-,+,False,0.0293,0.0313,0.5,0.75,2.1534,0.5,False,-,+,True,,,-0.064,0.0,0.05,-0.064,0.05685,0.0,True,True,True,True
2024-02-05,A股春节前急跌：沪指失守2700后V型反转,801750,0.034151,+,+,True,0.0249,0.034,0.75,0.75,5.3302,0.75,False,-,+,True,,,-0.26846,0.0,0.05,-0.26846,0.22338,0.0,False,True,True,True
2024-02-05,A股春节前急跌：沪指失守2700后V型反转,801080,0.039127,+,+,True,0.0243,0.0311,0.75,0.7917,5.7505,0.75,False,-,+,True,,,-0.21339,0.0,0.05,-0.21339,0.13942,0.0,False,True,True,True
2024-02-07,证监会主席换帅：吴清接任易会满,801790,-0.00335,-,+,False,0.0299,0.0322,0.5417,1.0,1.6797,0.5417,False,+,+,False,,,-0.15682,0.0,0.05,-0.15682,0.14624,0.0,True,True,True,True
2024-02-07,证监会主席换帅：吴清接任易会满,801780,-0.010135,-,+,False,0.0317,0.0337,0.4167,0.8333,0.0183,0.4167,False,-,+,True,,,-0.06135,0.0,0.05,-0.06135,0.05373,0.0,False,True,True,True
2024-02-20,LPR非对称下调：1年期维持3.45%，5年期大降至3.95%(-25,801180,0.024702,+,-,False,0.0399,0.0443,0.5,1.0,-0.9393,0.5,True,-,+,True,,,-0.30963,0.26698,0.05,-0.30963,0.22179,0.0,False,False,False,False
2024-02-20,LPR非对称下调：1年期维持3.45%，5年期大降至3.95%(-25,801710,0.01431,+,+,True,0.0377,0.0398,0.5417,1.0,1.1961,0.5417,False,-,+,True,,,-0.21041,0.0,0.05,-0.21041,0.14382,0.0,True,True,True,True
2024-02-20,LPR非对称下调：1年期维持3.45%，5年期大降至3.95%(-25,801780,-0.010944,-,+,False,0.0429,0.0447,0.4583,0.875,0.2956,0.4583,True,-,+,True,,,-0.06673,0.0,0.05,-0.06673,0.05671,0.0,True,True,True,True
2024-03-13,推动大规模设备更新和消费品以旧换新行动方案,801890,0.02011,+,+,True,0.0348,0.0383,0.375,0.9583,-0.6672,0.375,False,+,+,False,,,-0.23354,0.0,0.05,-0.23354,0.2533,0.0,False,True,True,False
2024-03-13,推动大规模设备更新和消费品以旧换新行动方案,801040,0.017119,+,+,True,0.0407,0.0435,0.4583,0.9583,1.8198,0.4583,True,+,+,False,,,-0.14428,0.0,0.05,-0.14428,0.15036,0.0,False,True,True,False
2024-03-13,推动大规模设备更新和消费品以旧换新行动方案,801030,0.022039,+,+,True,0.0408,0.0443,0.5,0.9167,0.2062,0.5,True,+,+,False,,,-0.1578,0.0,0.05,-0.1578,0.17979,0.0,False,True,True,False
2024-03-13,推动大规模设备更新和消费品以旧换新行动方案,801880,0.04239,+,+,True,0.0203,0.0238,0.5,0.9167,0.2061,0.5,False,-,+,True,,,-0.17794,0.0,0.05,-0.17794,0.14722,0.0,True,True,True,True
2024-04-12,国务院新国九条：推动资本市场高质量发展,801790,-0.003087,-,+,False,0.0309,0.035,0.6667,0.875,3.7485,0.6667,False,-,+,True,,,-0.13965,0.0,0.05,-0.13965,0.10831,0.0,False,False,True,True
2024-04-12,国务院新国九条：推动资本市场高质量发展,801780,0.028432,+,-,False,0.0076,0.0103,0.5417,0.875,-4.6172,0.5,False,-,+,True,,,-0.08192,0.01827,0.05,-0.08192,0.06928,0.0,True,False,False,False
2024-05-14,美国对华301关税：电动车100%+电池25%+太阳能50%,801880,-0.018169,-,-,True,0.0213,0.0228,0.4167,1.0,2.4969,0.4167,False,+,-,True,,,-0.20874,0.13455,0.05,-0.20874,0.23258,0.0,False,True,True,True
2024-05-14,美国对华301关税：电动车100%+电池25%+太阳能50%,801730,-0.024487,-,-,True,0.0383,0.041,0.6667,1.0,3.1193,0.6667,True,-,-,False,,,-0.25796,0.27704,0.05,-0.25796,0.23026,0.0,True,True,True,True
2024-05-14,美国对华301关税：电动车100%+电池25%+太阳能50%,801080,0.00901,+,-,False,0.049,0.0513,0.4167,1.0,-4.1354,0.4167,True,-,-,False,,,-0.33708,0.32388,0.05,-0.33708,0.29195,0.0,False,True,False,True
2024-05-17,房地产新政5·17：取消房贷利率下限+首付15%+3000亿保障房再贷,801180,0.027905,+,+,True,0.0268,0.0304,0.2917,0.9583,-3.7422,0.2917,False,-,+,True,,,-0.24818,0.0,0.05,-0.24818,0.23311,0.0,True,True,True,False
2024-05-17,房地产新政5·17：取消房贷利率下限+首付15%+3000亿保障房再贷,801710,-0.010448,-,+,False,0.0375,0.0397,0.3333,1.0,-9.0694,0.3333,False,-,+,True,,,-0.20525,0.0,0.05,-0.20525,0.1828,0.0,True,True,False,False
2024-05-17,房地产新政5·17：取消房贷利率下限+首付15%+3000亿保障房再贷,801780,0.015168,+,+,True,0.0431,0.0443,0.4167,0.9583,-3.6181,0.4167,True,-,+,True,,,-0.06764,0.0,0.05,-0.06764,0.07618,0.0,True,True,True,False
2024-05-24,证监会发布《上市公司股东减持股份管理暂行办法》及沪深北交易所配套细则,801790,-0.005881,-,+,False,0.0396,0.0415,0.25,1.0,-5.9972,0.25,True,-,+,True,,,-0.21104,0.0,0.05,-0.21104,0.18131,0.0,False,False,False,False
2024-05-24,证监会发布《上市公司股东减持股份管理暂行办法》及沪深北交易所配套细则,801780,0.00228,+,+,True,0.0417,0.0436,0.4583,0.9583,-3.8488,0.4583,True,-,+,True,,,-0.05699,0.0,0.05,-0.05699,0.06973,0.0,False,False,False,False
2024-05-24,证监会发布《上市公司股东减持股份管理暂行办法》及沪深北交易所配套细则,801750,-0.001281,-,-,True,0.0304,0.0354,0.6667,1.0,2.7443,0.6667,False,-,+,True,,,-0.5055,0.23623,0.05,-0.5055,0.42308,0.0,True,True,True,True
2024-06-19,国资委：央企市值管理纳入业绩考核,801790,-0.009075,-,+,False,0.0308,0.0338,0.5,1.0,-1.753,0.5,False,-,+,True,,,-0.14866,0.0,0.05,-0.14866,0.13326,0.0,False,False,False,False
2024-06-19,国资委：央企市值管理纳入业绩考核,801780,0.028208,+,+,True,0.0444,0.0459,0.5833,0.8333,1.0485,0.5833,True,-,+,True,,,-0.08302,0.0,0.05,-0.08302,0.07209,0.0,True,True,True,True
2024-07-10,证监会批准中证金融暂停转融券业务、并上调融券保证金比例申请,801790,0.00649,+,+,True,0.0402,0.0415,0.5,0.9583,1.1514,0.5,True,-,+,True,,,-0.13,0.0,0.05,-0.13,0.08804,0.0,True,True,True,True
2024-07-10,证监会批准中证金融暂停转融券业务、并上调融券保证金比例申请,801780,-0.011593,-,+,False,0.0397,0.0413,0.375,0.875,-3.1537,0.375,False,-,+,True,,,-0.08854,0.0,0.05,-0.08854,0.06611,0.0,False,False,True,False
2024-07-10,证监会批准中证金融暂停转融券业务、并上调融券保证金比例申请,801750,-0.016594,-,-,True,0.0444,0.0493,0.5417,1.0,1.6255,0.5417,True,-,+,True,,,-0.44959,0.33083,0.05,-0.44959,0.3637,0.0,False,False,False,False
2024-07-22,LPR双降：1年期降至3.35%(-10bp)，5年期降至3.85%(,801780,0.023156,+,+,True,0.0396,0.0424,0.5,0.875,0.622,0.5,True,-,+,True,,,-0.06984,0.0,0.05,-0.06984,0.06792,0.0,False,False,False,False
2024-07-22,LPR双降：1年期降至3.35%(-10bp)，5年期降至3.85%(,801790,0.025813,+,+,True,0.0318,0.0341,0.375,0.9583,-1.4559,0.375,False,-,+,True,,,-0.13982,0.0,0.05,-0.13982,0.10975,0.0,True,False,False,True
2024-07-22,LPR双降：1年期降至3.35%(-10bp)，5年期降至3.85%(,801180,0.001992,+,-,False,0.0405,0.0444,0.6667,1.0,1.888,0.6667,True,-,+,True,,,-0.35282,0.29744,0.05,-0.35282,0.31298,0.0,True,True,True,True
2024-07-22,LPR双降：1年期降至3.35%(-10bp)，5年期降至3.85%(,801710,0.012554,+,+,True,0.0342,0.0366,0.3333,1.0,-5.9004,0.3333,False,-,+,True,,,-0.23439,0.0,0.05,-0.23439,0.20548,0.0,False,False,False,False
2024-08-05,全球科技股黑色星期一：日股暴跌12.4%+美科技股急挫联动,801080,-0.027684,-,-,True,0.0206,0.0243,0.4167,0.9167,2.1767,0.4167,False,-,-,False,,,-0.17993,0.1381,0.05,-0.17993,0.14554,0.0,True,True,True,True
2024-08-05,全球科技股黑色星期一：日股暴跌12.4%+美科技股急挫联动,801750,-0.042203,-,-,True,0.0433,0.0469,0.5833,1.0,1.7898,0.5833,True,-,-,False,,,-0.31399,0.32101,0.05,-0.31399,0.25788,0.0,True,True,True,True
2024-08-05,全球科技股黑色星期一：日股暴跌12.4%+美科技股急挫联动,801790,-0.007489,-,-,True,0.034,0.0359,0.6667,0.9583,-0.024,0.6667,False,-,-,False,,,-0.1358,0.22849,0.05,-0.1358,0.11591,0.0,True,True,True,True
2024-08-05,全球科技股黑色星期一：日股暴跌12.4%+美科技股急挫联动,801770,-0.029484,-,-,True,0.0379,0.0412,0.5417,1.0,2.2914,0.5417,True,-,-,False,,,-0.21812,0.29065,0.05,-0.21812,0.1632,0.0,True,True,True,True
2024-08-15,商务部、海关总署发布对锑、超硬材料相关物项实施出口管制的公告（2024,801080,-0.020521,-,+,False,0.0395,0.0424,0.5,1.0,-3.2441,0.5,True,-,+,True,,,-0.28724,0.0,0.05,-0.28724,0.23245,0.0,True,True,False,False
2024-08-15,商务部、海关总署发布对锑、超硬材料相关物项实施出口管制的公告（2024,801880,-0.017639,-,+,False,0.0114,0.0135,0.5417,1.0,1.6801,0.5417,False,-,+,True,,,-0.18937,0.0,0.05,-0.18937,0.16833,0.0,True,True,False,False
2024-08-15,商务部、海关总署发布对锑、超硬材料相关物项实施出口管制的公告（2024,801110,0.012918,+,-,False,0.0265,0.0296,0.4583,1.0,-2.7771,0.4583,False,-,+,True,,,-0.12644,0.16368,0.05,-0.12644,0.12424,0.0,False,False,False,False
2024-08-15,商务部、海关总署发布对锑、超硬材料相关物项实施出口管制的公告（2024,801890,-0.01801,-,+,False,0.0176,0.0209,0.5,1.0,-0.9482,0.5,False,+,+,False,,,-0.27975,0.0,0.05,-0.27975,0.28779,0.0,True,True,False,False
2024-08-15,商务部、海关总署发布对锑、超硬材料相关物项实施出口管制的公告（2024,801050,0.008483,+,+,True,0.0103,0.0132,0.4583,0.9583,-5.4247,0.375,False,+,,False,,,-0.14191,0.00038,0.05,-0.14191,0.15557,0.0,False,True,True,True
2024-08-15,商务部、海关总署发布对锑、超硬材料相关物项实施出口管制的公告（2024,801030,-0.029439,-,+,False,0.0209,0.0232,0.4583,1.0,-1.4141,0.4583,False,-,+,True,,,-0.23276,0.0,0.05,-0.23276,0.20893,0.0,True,False,False,False
2024-09-09,证监会科八条：进一步强化科创板硬科技定位,801080,-0.014621,-,+,False,0.0441,0.0512,0.5417,0.75,5.3175,0.5417,True,-,+,True,,,-0.25084,0.0,0.05,-0.25084,0.22985,0.0,False,False,False,True
2024-09-09,证监会科八条：进一步强化科创板硬科技定位,801750,0.011147,+,-,False,0.0702,0.0811,0.3333,0.8333,-6.8165,0.3333,True,-,+,True,,,-0.32341,0.33356,0.05,-0.32341,0.27611,0.0,True,False,True,False
2024-09-09,证监会科八条：进一步强化科创板硬科技定位,801770,0.03541,+,+,True,0.0429,0.0507,0.6667,0.8333,5.2295,0.625,True,-,+,True,,,-0.28676,0.0,0.05,-0.28676,0.25326,0.0,True,True,True,True
2024-09-09,证监会科八条：进一步强化科创板硬科技定位,801790,0.019094,+,+,True,0.0406,0.0447,0.5417,0.5833,5.7438,0.5417,False,-,+,True,,,-0.10642,0.0,0.05,-0.10642,0.08755,0.0,False,False,False,True
2024-09-24,央行、金监总局、证监会联合发布一揽子金融政策,801780,-0.147169,-,+,False,0.0332,0.0398,0.5417,0.625,3.3202,0.5417,False,-,+,True,,,-0.11387,0.0,0.05,-0.11387,0.0879,0.0,True,True,True,True
2024-09-24,央行、金监总局、证监会联合发布一揽子金融政策,801790,0.165801,+,+,True,0.038,0.0447,0.5833,0.5417,5.6923,0.5833,False,-,+,True,,,-0.11859,0.0,0.05,-0.11859,0.09187,0.0,True,True,True,True
2024-09-24,央行、金监总局、证监会联合发布一揽子金融政策,801180,0.017341,+,-,False,0.058,0.0673,0.3333,0.75,-5.4717,0.3333,True,-,+,True,,,-0.28553,0.27134,0.05,-0.28553,0.24087,0.0,False,False,False,False
2024-09-24,央行、金监总局、证监会联合发布一揽子金融政策,801750,0.172284,+,+,True,0.0432,0.0525,0.625,0.75,5.1882,0.625,False,-,+,True,,,-0.26045,0.0,0.05,-0.26045,0.20279,0.0,True,True,True,True
2024-09-26,政治局会议：促进房地产市场止跌回稳,801180,-0.017305,-,+,False,0.0339,0.0448,0.625,0.7917,5.3281,0.625,True,-,+,True,,,-0.29848,0.0,0.05,-0.29848,0.27077,0.0,True,True,True,True
2024-09-26,政治局会议：促进房地产市场止跌回稳,801710,-0.010046,-,+,False,0.0286,0.0402,0.7083,0.625,4.9908,0.7083,False,-,+,True,,,-0.15964,0.0,0.05,-0.15964,0.09949,0.0,True,True,True,True
2024-09-26,政治局会议：促进房地产市场止跌回稳,801780,-0.095562,-,+,False,0.0453,0.0507,0.5417,0.6667,2.2009,0.5417,True,-,+,True,,,-0.10396,0.0,0.05,-0.10396,0.0901,0.0,True,True,True,True
2024-09-27,证监会并购六条：支持上市公司并购重组,801080,0.103524,+,-,False,0.0365,0.0553,0.4167,0.7083,-5.1581,0.4167,True,-,+,True,,,-0.23423,0.09103,0.05,-0.23423,0.18548,0.0,False,False,False,False
2024-09-27,证监会并购六条：支持上市公司并购重组,801750,0.10595,+,-,False,0.0392,0.0558,0.4167,0.7083,-5.1141,0.4167,True,-,+,True,,,-0.26037,0.08036,0.05,-0.26037,0.20193,0.0,False,False,False,False
2024-09-27,证监会并购六条：支持上市公司并购重组,801790,0.076692,+,+,True,0.0446,0.0526,0.5417,0.625,4.6461,0.5417,True,-,+,True,,,-0.11658,0.0,0.05,-0.11658,0.12519,0.0,True,True,True,True
2024-09-27,证监会并购六条：支持上市公司并购重组,801030,-0.02518,-,+,False,0.0278,0.0384,0.7083,0.8333,3.4693,0.7083,False,-,+,True,,,-0.1797,0.0,0.05,-0.1797,0.14926,0.0,True,True,True,True
2024-10-21,LPR双降：1年期降至3.10%(-25bp)，5年期降至3.60%(,801780,-0.034858,-,+,False,0.0356,0.0379,0.4167,1.0,-2.1906,0.4167,False,-,+,True,,,-0.17596,0.0,0.05,-0.17596,0.13945,0.0,False,False,False,False
2024-10-21,LPR双降：1年期降至3.10%(-25bp)，5年期降至3.60%(,801790,-0.010567,-,+,False,0.0555,0.0592,0.4583,0.875,1.3637,0.4583,True,-,+,True,,,-0.16635,0.0,0.05,-0.16635,0.17277,0.0,False,False,False,False
2024-10-21,LPR双降：1年期降至3.10%(-25bp)，5年期降至3.60%(,801180,0.055497,+,-,False,0.0378,0.0433,0.4583,1.0,-2.7587,0.4583,True,-,+,True,,,-0.51727,0.2315,0.05,-0.51727,0.48018,0.0,False,False,False,False
2024-10-21,LPR双降：1年期降至3.10%(-25bp)，5年期降至3.60%(,801710,0.068042,+,+,True,0.0231,0.0277,0.5417,1.0,2.2049,0.5417,False,-,+,True,,,-0.30724,0.0,0.05,-0.30724,0.28354,0.0,True,True,True,True
2024-10-21,LPR双降：1年期降至3.10%(-25bp)，5年期降至3.60%(,801750,0.009055,+,+,True,0.0219,0.0291,0.625,1.0,2.279,0.625,False,-,+,True,,,-0.42619,0.0,0.05,-0.42619,0.38296,0.0,True,False,False,False
2024-10-29,欧盟对中国电动车反补贴关税终裁：最高36.3%,801880,0.021229,+,+,True,0.0276,0.0319,0.5417,1.0,0.3861,0.5417,False,-,+,True,,,-0.23778,0.0,0.05,-0.23778,0.22806,0.0,False,True,True,True
2024-10-29,欧盟对中国电动车反补贴关税终裁：最高36.3%,801730,0.000633,+,-,False,0.0197,0.0223,0.4583,1.0,-0.3474,0.4583,False,+,-,True,,,-0.35976,0.0516,0.05,-0.35976,0.38156,0.0,True,True,True,False
2024-11-08,人大常委会10万亿化债方案：6万亿+4万亿置换隐性债务,801780,0.008994,+,-,False,0.0282,0.0302,0.5,1.0,-0.1724,0.5,False,-,-,False,,,-0.23722,0.2046,0.05,-0.23722,0.20187,0.0,True,True,True,True
2024-11-08,人大常委会10万亿化债方案：6万亿+4万亿置换隐性债务,801710,-0.032636,-,-,True,0.0163,0.0186,0.4583,1.0,1.5218,0.4583,False,-,-,False,,,-0.38322,0.11146,0.05,-0.38322,0.33377,0.0,True,True,True,True
2024-11-08,人大常委会10万亿化债方案：6万亿+4万亿置换隐性债务,801180,-0.076455,-,-,True,0.0178,0.0193,0.4583,1.0,2.414,0.4583,False,-,-,False,,,-0.60219,0.09713,0.05,-0.60219,0.59904,0.0,True,True,True,True
2024-12-02,美BIS第三轮半导体出口管制：扩大实体清单+HBM芯片,801080,-0.007227,-,+,False,0.0437,0.0498,0.4583,1.0,-1.9487,0.4583,True,+,+,False,,,-0.58299,0.0,0.05,-0.58299,0.61833,0.0,True,False,True,True
2024-12-02,美BIS第三轮半导体出口管制：扩大实体清单+HBM芯片,801770,-0.003873,-,-,True,0.0176,0.0224,0.4583,1.0,-6.4446,0.4167,False,-,+,True,,,-0.42769,0.0977,0.05,-0.42769,0.3602,0.0,False,False,False,False
2024-12-03,中国商务部发布2024年第46号公告，加强镓、锗、锑及超硬材料等两用物,801080,-0.011904,-,+,False,0.0298,0.0348,0.4167,1.0,-2.9334,0.4167,False,-,+,True,,,-0.43806,0.0,0.05,-0.43806,0.37296,0.0,False,False,False,False
2024-12-03,中国商务部发布2024年第46号公告，加强镓、锗、锑及超硬材料等两用物,801880,0.007095,+,+,True,0.0086,0.0121,0.5417,1.0,-2.739,0.5417,False,+,+,False,,,-0.21998,0.0,0.05,-0.21998,0.25183,0.0,True,True,True,False
2024-12-03,中国商务部发布2024年第46号公告，加强镓、锗、锑及超硬材料等两用物,801110,0.021353,+,-,False,0.0122,0.0146,0.4583,1.0,-0.4645,0.4583,False,+,+,False,,,-0.19937,0.06413,0.05,-0.19937,0.22873,0.0,False,False,False,False
2024-12-03,中国商务部发布2024年第46号公告，加强镓、锗、锑及超硬材料等两用物,801890,0.026975,+,+,True,0.0134,0.0185,0.5,1.0,-5.0763,0.5,False,-,+,True,,,-0.41132,0.0,0.05,-0.41132,0.41187,0.0,True,True,True,True
2024-12-03,中国商务部发布2024年第46号公告，加强镓、锗、锑及超硬材料等两用物,801050,-0.002545,-,+,False,0.0283,0.0305,0.4583,1.0,-4.2268,0.4583,False,-,+,True,,,-0.18598,0.0,0.05,-0.18598,0.20086,0.0,False,False,True,False
2024-12-03,中国商务部发布2024年第46号公告，加强镓、锗、锑及超硬材料等两用物,801030,-0.004192,-,-,True,0.0247,0.028,0.4583,1.0,5.3263,0.4583,False,-,-,False,,,-0.32614,0.189,0.05,-0.32614,0.34433,0.0,False,True,False,True
2024-12-09,中央政治局会议：适度宽松货币政策+更加积极财政政策,801780,0.019374,+,+,True,0.0289,0.0314,0.5,1.0,0.9636,0.5,False,-,+,True,,,-0.1937,0.0,0.05,-0.1937,0.16553,0.0,True,True,False,True
2024-12-09,中央政治局会议：适度宽松货币政策+更加积极财政政策,801790,-0.021323,-,+,False,0.0143,0.0186,0.375,1.0,-3.0703,0.375,False,-,+,True,,,-0.39856,0.0,0.05,-0.39856,0.38594,0.0,False,False,False,False
2024-12-09,中央政治局会议：适度宽松货币政策+更加积极财政政策,801180,-0.014077,-,+,False,0.0295,0.0336,0.3333,1.0,-8.6812,0.3333,False,-,+,True,,,-0.48657,0.0,0.05,-0.48657,0.4457,0.0,False,True,False,False
2024-12-09,中央政治局会议：适度宽松货币政策+更加积极财政政策,801710,0.005345,+,+,True,0.0484,0.0503,0.3333,1.0,-6.5481,0.2917,True,-,+,True,,,-0.29136,0.0,0.05,-0.29136,0.25941,0.0,True,True,True,False
2024-12-12,中央经济工作会议：明年实施更加积极有为的宏观政策,801780,0.012697,+,+,True,0.0119,0.0156,0.5,1.0,0.6902,0.5,False,-,+,True,,,-0.19065,0.0,0.05,-0.19065,0.17968,0.0,True,True,True,True
2024-12-12,中央经济工作会议：明年实施更加积极有为的宏观政策,801790,-0.02582,-,-,True,0.0149,0.0202,0.625,1.0,-1.5788,0.5417,False,-,+,True,,,-0.49789,0.04819,0.05,-0.49789,0.45728,0.0,False,True,True,True
2024-12-12,中央经济工作会议：明年实施更加积极有为的宏观政策,801180,-0.058034,-,+,False,0.0402,0.0443,0.3333,1.0,-7.3668,0.3333,True,-,+,True,,,-0.55221,0.0,0.05,-0.55221,0.47516,0.0,True,False,False,False
2024-12-12,中央经济工作会议：明年实施更加积极有为的宏观政策,801710,-0.03697,-,+,False,0.026,0.0292,0.2917,1.0,-5.4492,0.2917,False,-,+,True,,,-0.32536,0.0,0.05,-0.32536,0.27238,0.0,True,False,False,False
2024-12-12,中央经济工作会议：明年实施更加积极有为的宏观政策,801880,-0.012048,-,+,False,0.031,0.034,0.375,0.9583,-1.7792,0.375,False,-,+,True,,,-0.23946,0.0,0.05,-0.23946,0.23005,0.0,True,False,False,False
2025-01-13,美国商务部BIS发布人工智能扩散框架(Framework for AI,801080,0.024881,+,+,True,0.0211,0.0269,0.5833,1.0,5.5997,0.5833,False,-,+,True,,,-0.50968,0.0,0.05,-0.50968,0.51824,0.0,False,True,True,True
2025-01-13,美国商务部BIS发布人工智能扩散框架(Framework for AI,801750,0.040126,+,-,False,0.0486,0.0549,0.375,1.0,-8.7546,0.375,True,-,-,False,,,-0.53912,0.26266,0.05,-0.53912,0.45091,0.0,False,False,False,False
2025-01-13,美国商务部BIS发布人工智能扩散框架(Framework for AI,801770,0.047158,+,-,False,0.0386,0.0444,0.3333,1.0,-6.4063,0.2917,True,-,-,False,,,-0.3048,0.21852,0.05,-0.3048,0.30486,0.0,True,False,False,False
2025-01-15,拜登末期AI芯片出口管制框架：分国别配额限制,801080,0.032355,+,+,True,0.0382,0.043,0.5417,1.0,4.5959,0.5417,False,-,+,True,,,-0.52871,0.0,0.05,-0.52871,0.4602,0.0,False,False,True,True
2025-01-15,拜登末期AI芯片出口管制框架：分国别配额限制,801770,0.069367,+,+,True,0.0329,0.0395,0.625,1.0,4.3475,0.625,False,-,+,True,,,-0.39044,0.0,0.05,-0.39044,0.35852,0.0,False,True,True,True
2025-01-15,拜登末期AI芯片出口管制框架：分国别配额限制,801750,0.003631,+,-,False,0.0278,0.033,0.375,1.0,-8.4227,0.375,False,-,+,True,,,-0.57889,0.1397,0.05,-0.57889,0.52907,0.0,True,True,False,False
2025-01-27,DeepSeek-R1登顶全球应用榜：中国AI里程碑,801080,0.021832,+,-,False,0.0204,0.0251,0.4167,1.0,-2.9313,0.375,False,-,+,True,,,-0.4016,0.08527,0.05,-0.4016,0.38839,0.0,True,False,False,False
2025-01-27,DeepSeek-R1登顶全球应用榜：中国AI里程碑,801750,0.13677,+,+,True,0.0265,0.0323,0.5833,1.0,4.9455,0.5833,False,-,+,True,,,-0.46558,0.0,0.05,-0.46558,0.44014,0.0,False,True,True,True
2025-01-27,DeepSeek-R1登顶全球应用榜：中国AI里程碑,801770,-0.00249,-,-,True,0.0318,0.0394,0.4583,1.0,-0.9002,0.4583,False,-,+,True,,,-0.34546,0.20041,0.05,-0.34546,0.33778,0.0,True,True,False,False
2025-01-27,DeepSeek-R1登顶全球应用榜：中国AI里程碑,801760,0.102936,+,+,True,0.0399,0.0448,0.6667,1.0,3.4226,0.625,False,-,+,True,,,-0.4702,0.0,0.05,-0.4702,0.42042,0.0,True,True,True,True
2025-03-05,2025政府工作报告：GDP目标5%左右+财政赤字率4%,801780,-0.002111,-,+,False,0.0193,0.0228,0.5833,0.9583,0.0832,0.5833,False,-,+,True,,,-0.14534,0.0,0.05,-0.14534,0.13093,0.0,True,True,True,True
2025-03-05,2025政府工作报告：GDP目标5%左右+财政赤字率4%,801790,0.001636,+,-,False,0.0278,0.0323,0.5417,0.9583,2.2017,0.5417,False,-,+,True,,,-0.33266,0.17386,0.05,-0.33266,0.29898,0.0,False,False,False,False
2025-03-05,2025政府工作报告：GDP目标5%左右+财政赤字率4%,801180,-0.027285,-,+,False,0.0447,0.05,0.375,0.9583,-3.4792,0.375,True,-,+,True,,,-0.34014,0.0,0.05,-0.34014,0.28648,0.0,False,False,False,False
2025-04-02,特朗普宣布对等关税：对华累计加征54%关税,801080,-0.057707,-,-,True,0.0495,0.0535,0.5,0.9583,0.7261,0.4583,True,-,-,False,,,-0.28663,0.3129,0.05,-0.28663,0.24673,0.0,True,True,True,True
2025-04-02,特朗普宣布对等关税：对华累计加征54%关税,801110,-0.034593,-,-,True,0.046,0.0476,0.2083,0.875,-0.0079,0.2083,True,-,-,False,,,-0.12029,0.29927,0.05,-0.12029,0.10764,0.0,False,True,True,True
2025-04-02,特朗普宣布对等关税：对华累计加征54%关税,801880,-0.053564,-,+,False,0.0202,0.0307,0.5417,0.9583,-0.1572,0.5417,False,-,+,True,,,-0.19007,0.0,0.05,-0.19007,0.18305,0.0,True,False,False,False
2025-04-02,特朗普宣布对等关税：对华累计加征54%关税,801030,-0.026722,-,-,True,0.0305,0.0331,0.4167,0.9583,0.1997,0.4167,False,-,-,False,,,-0.15527,0.18836,0.05,-0.15527,0.11335,0.0,False,True,True,True
2025-04-02,特朗普宣布对等关税：对华累计加征54%关税,801050,-0.033528,-,-,True,0.016,0.025,0.6667,0.8333,0.5916,0.6667,False,+,-,True,,,-0.11065,0.06798,0.05,-0.11065,0.12143,0.0,True,True,True,True
2025-04-02,特朗普宣布对等关税：对华累计加征54%关税,801890,-0.054115,-,-,True,0.0242,0.0325,0.375,0.9583,0.0439,0.375,False,-,-,False,,,-0.26185,0.10738,0.05,-0.26185,0.24099,0.0,False,True,True,True
2025-04-04,中国反制：对美所有商品加征34%关税,801010,0.067487,+,-,False,0.0442,0.0502,0.5,0.9583,-0.5761,0.5,True,-,-,False,,,-0.17371,0.29913,0.05,-0.17371,0.14647,0.0,True,False,False,False
2025-04-04,中国反制：对美所有商品加征34%关税,801030,-0.013558,-,-,True,0.0478,0.0503,0.375,0.9583,-0.4997,0.375,True,-,-,False,,,-0.15301,0.30957,0.05,-0.15301,0.13651,0.0,True,True,True,True
2025-04-04,中国反制：对美所有商品加征34%关税,801050,0.00632,+,-,False,0.0549,0.0589,0.5833,0.7917,-0.3513,0.5833,True,+,-,True,,,-0.1135,0.36077,0.05,-0.1135,0.11177,0.0,True,True,True,True
2025-04-04,中国反制：对美所有商品加征34%关税,801080,-0.005477,-,-,True,0.0525,0.0565,0.4583,0.9583,-0.1384,0.4583,True,-,-,False,,,-0.31322,0.33179,0.05,-0.31322,0.30158,0.0,True,True,True,True
2025-04-07,A股黑色星期一：沪指跌7.34%创业板跌12.5%,801080,-0.005477,-,-,True,0.0366,0.0418,0.4583,0.9583,-0.1384,0.4583,True,-,-,False,,,-0.29634,0.20804,0.05,-0.29634,0.26342,0.0,True,True,True,True
2025-04-07,A股黑色星期一：沪指跌7.34%创业板跌12.5%,801790,-0.021835,-,-,True,0.0394,0.0412,0.375,0.9583,0.0926,0.375,True,-,-,False,,,-0.25162,0.24469,0.05,-0.25162,0.20306,0.0,True,True,True,True
2025-04-07,A股黑色星期一：沪指跌7.34%创业板跌12.5%,801750,-0.022496,-,-,True,0.0518,0.0562,0.375,0.9583,-0.2141,0.375,True,-,-,False,,,-0.37672,0.32898,0.05,-0.37672,0.32139,0.0,True,True,True,True
2025-04-07,A股黑色星期一：沪指跌7.34%创业板跌12.5%,801730,-0.047053,-,-,True,0.0514,0.0534,0.3333,0.9583,-0.3327,0.3333,True,-,-,False,,,-0.18178,0.31469,0.05,-0.18178,0.15503,0.0,True,True,True,True
2025-04-07,A股黑色星期一：沪指跌7.34%创业板跌12.5%,801880,-0.011746,-,-,True,0.0489,0.052,0.4583,0.9583,-0.8757,0.4583,True,-,-,False,,,-0.17964,0.29919,0.05,-0.17964,0.16716,0.0,True,True,True,True
2025-05-07,央行一揽子宽松：降准0.5个百分点+降息10bp,801780,0.030974,+,+,True,0.0279,0.0291,0.6667,1.0,6.7886,0.6667,False,-,+,True,,,-0.15582,0.0,0.05,-0.15582,0.14382,0.0,True,True,True,True
2025-05-07,央行一揽子宽松：降准0.5个百分点+降息10bp,801790,0.024718,+,+,True,0.0355,0.0383,0.4583,1.0,1.694,0.4583,False,-,+,True,,,-0.33655,0.0,0.05,-0.33655,0.29041,0.0,True,True,True,True
2025-05-07,央行一揽子宽松：降准0.5个百分点+降息10bp,801180,-0.033296,-,+,False,0.0373,0.0392,0.4583,1.0,-1.0297,0.4583,False,-,+,True,,,-0.32298,0.0,0.05,-0.32298,0.25378,0.0,True,False,False,True
2025-05-07,央行一揽子宽松：降准0.5个百分点+降息10bp,801710,-0.022555,-,+,False,0.0192,0.0204,0.5417,1.0,-1.0608,0.5417,False,-,+,True,,,-0.20885,0.0,0.05,-0.20885,0.16971,0.0,True,True,True,True
2025-05-20,LPR双降：1年期降至3.00%(-10bp)5年期降至3.50%(-,801780,0.016808,+,+,True,0.0358,0.0379,0.6667,1.0,5.9668,0.6667,True,-,+,True,,,-0.12891,0.0,0.05,-0.12891,0.11633,0.0,True,True,True,True
2025-05-20,LPR双降：1年期降至3.00%(-10bp)5年期降至3.50%(-,801790,-0.007534,-,+,False,0.04,0.0423,0.5417,1.0,0.9448,0.5417,True,-,+,True,,,-0.2978,0.0,0.05,-0.2978,0.25432,0.0,True,False,False,False
2025-05-20,LPR双降：1年期降至3.00%(-10bp)5年期降至3.50%(-,801180,-0.01381,-,-,True,0.0244,0.0266,0.5833,1.0,2.9784,0.5417,False,-,+,True,,,-0.29001,0.1822,0.05,-0.29001,0.25555,0.0,True,True,True,True
2025-05-20,LPR双降：1年期降至3.00%(-10bp)5年期降至3.50%(-,801710,-0.01064,-,+,False,0.0433,0.0454,0.5,1.0,-4.5587,0.4583,True,-,+,True,,,-0.1437,0.0,0.05,-0.1437,0.12831,0.0,True,False,False,False
