event_date,event_name,industry_code,real_CAR,real_dir,final_dir,dir_correct,MAE,RMSE,DirectionAcc,Coverage_95,Sharpe,WinRate,triggered,ts_pre_signal,llm_signal,disagreement,debate_abstained,debate_confidence,reld_r_ind,reld_r_mkt,reld_beats_market,event_VaR,expected_MDD,tail_prob,risk_lo,risk_hi,dispersion,CAR_dir_T1,CAR_dir_T3,CAR_dir_T5,CAR_dir_T10
2020-01-01,央行宣布全面下调金融机构存款准备金率0.5个百分点（自1月6日起实施）,801780,-0.010662,-,+,False,0.0319,0.0355,0.4583,0.9167,-3.4248,0.4583,False,+,+,False,,,,,,-0.09733,0.0,0.05,-0.09733,0.12911,0.0,True,True,True,False
2020-01-01,央行宣布全面下调金融机构存款准备金率0.5个百分点（自1月6日起实施）,801790,-0.019126,-,+,False,0.0246,0.0323,0.5833,0.8333,-2.3825,0.5833,False,+,+,False,,,,,,-0.09364,0.0,0.05,-0.09364,0.15475,0.0,True,True,False,False
2020-01-01,央行宣布全面下调金融机构存款准备金率0.5个百分点（自1月6日起实施）,801180,-0.010388,-,+,False,0.0145,0.0228,0.4583,0.9167,0.7464,0.4583,False,+,+,False,,,,,,-0.09236,0.00274,0.05,-0.09236,0.12633,0.0,False,False,False,False
2020-02-03,央行开展1.2万亿元逆回购操作并下调7天、14天逆回购中标利率10个基,801780,-0.026806,-,+,False,0.0415,0.0467,0.5417,0.875,-0.4482,0.5417,True,+,+,False,,,,,,-0.09514,0.0,0.05,-0.09514,0.13398,0.0,False,False,False,False
2020-02-03,央行开展1.2万亿元逆回购操作并下调7天、14天逆回购中标利率10个基,801790,-0.027079,-,+,False,0.0203,0.0288,0.5833,0.7917,1.1705,0.5833,False,+,+,False,,,,,,-0.12278,0.0,0.05,-0.12278,0.15868,0.0,False,False,False,False
2020-02-03,央行开展1.2万亿元逆回购操作并下调7天、14天逆回购中标利率10个基,801180,-0.02662,-,+,False,0.0153,0.0248,0.5417,0.875,-2.1756,0.5,False,+,+,False,,,,,,-0.12667,0.0,0.05,-0.12667,0.17526,0.0,False,False,False,False
2020-02-17,央行开展中期借贷便利（MLF）操作，1年期中标利率下调10个基点至3.,801780,-0.032234,-,+,False,0.0289,0.0323,0.375,0.9167,-4.9756,0.375,False,+,+,False,,,,,,-0.12219,0.0,0.05,-0.12219,0.18382,0.0,True,True,True,False
2020-02-17,央行开展中期借贷便利（MLF）操作，1年期中标利率下调10个基点至3.,801790,0.020116,+,+,True,0.0253,0.0288,0.3333,0.875,-4.6298,0.3333,False,+,+,False,,,,,,-0.14825,0.0,0.05,-0.14825,0.21671,0.0,True,True,True,False
2020-02-17,央行开展中期借贷便利（MLF）操作，1年期中标利率下调10个基点至3.,801180,-0.046862,-,+,False,0.0179,0.0217,0.3333,0.9583,-6.2224,0.3333,False,+,+,False,,,,,,-0.19005,0.00468,0.05,-0.19005,0.21438,0.0,False,False,True,False
2020-02-20,LPR下调：1年期降至4.05%(-10bp)，5年期降至4.75%(,801780,-0.012185,-,+,False,0.0457,0.0497,0.4167,0.8333,-3.6525,0.4167,True,+,+,False,,,,,,-0.09108,0.0,0.05,-0.09108,0.16587,0.0,True,False,False,False
2020-02-20,LPR下调：1年期降至4.05%(-10bp)，5年期降至4.75%(,801790,0.0052,+,+,True,0.029,0.0346,0.375,0.7083,-3.0085,0.375,False,+,+,False,,,,,,-0.12999,0.0,0.05,-0.12999,0.1914,0.0,True,True,True,True
2020-02-20,LPR下调：1年期降至4.05%(-10bp)，5年期降至4.75%(,801180,-0.008532,-,+,False,0.0206,0.0243,0.4167,0.75,-4.141,0.4167,False,+,+,False,,,,,,-0.13147,0.0,0.05,-0.13147,0.19227,0.0,True,False,True,True
2020-03-13,央行宣布定向降准：对达到普惠金融考核标准的银行下调存款准备金率0.5-,801780,0.006871,+,+,True,0.0244,0.0306,0.375,0.7917,-2.6387,0.375,True,+,+,False,,,,,,-0.1178,0.0,0.05,-0.1178,0.15037,0.0,False,False,False,False
2020-03-13,央行宣布定向降准：对达到普惠金融考核标准的银行下调存款准备金率0.5-,801790,-0.008571,-,+,False,0.0171,0.0228,0.4167,0.9167,-3.8167,0.375,False,+,+,False,,,,,,-0.15028,0.0,0.05,-0.15028,0.22768,0.0,False,False,False,False
2020-03-13,央行宣布定向降准：对达到普惠金融考核标准的银行下调存款准备金率0.5-,801180,-0.008969,-,+,False,0.0185,0.0234,0.375,0.9167,-7.7468,0.375,False,+,+,False,,,,,,-0.19018,0.0,0.05,-0.19018,0.27556,0.0,False,False,False,False
2020-03-30,央行开展500亿元7天逆回购操作，中标利率下调20个基点至2.2%,801780,-0.027682,-,+,False,0.0253,0.0282,0.375,1.0,0.9912,0.375,False,+,+,False,,,,,,-0.17795,0.0,0.05,-0.17795,0.19522,0.0,False,False,False,False
2020-03-30,央行开展500亿元7天逆回购操作，中标利率下调20个基点至2.2%,801790,-0.018241,-,+,False,0.0165,0.0194,0.5,1.0,1.4555,0.5,False,+,+,False,,,,,,-0.22193,0.0,0.05,-0.22193,0.237,0.0,False,False,False,False
2020-03-30,央行开展500亿元7天逆回购操作，中标利率下调20个基点至2.2%,801180,-0.01619,-,-,True,0.0089,0.0112,0.5,1.0,-3.7501,0.4583,False,-,+,True,,,,,,-0.24868,0.00988,0.05,-0.24868,0.23552,0.0,True,True,True,True
2020-04-03,央行宣布对中小银行定向降准1个百分点（分4月15日、5月15日两次实施,801780,-0.013809,-,+,False,0.0256,0.0286,0.375,1.0,1.4082,0.375,False,+,+,False,,,,,,-0.14217,0.0,0.05,-0.14217,0.17438,0.0,False,False,False,True
2020-04-03,央行宣布对中小银行定向降准1个百分点（分4月15日、5月15日两次实施,801790,-0.011272,-,+,False,0.0216,0.0259,0.5417,1.0,1.6295,0.5417,False,+,+,False,,,,,,-0.24093,0.0,0.05,-0.24093,0.23838,0.0,False,True,True,True
2020-04-03,央行宣布对中小银行定向降准1个百分点（分4月15日、5月15日两次实施,801180,-0.004635,-,-,True,0.0095,0.0116,0.5833,1.0,-1.8104,0.4167,False,-,+,True,,,,,,-0.18917,0.01004,0.05,-0.18917,0.18355,0.0,True,False,False,False
2020-04-15,央行开展中期借贷便利（MLF）操作，1年期中标利率下调20个基点至2.,801780,-0.011559,-,+,False,0.0453,0.048,0.375,0.9583,1.0236,0.375,True,+,+,False,,,,,,-0.16697,0.0,0.05,-0.16697,0.18167,0.0,False,False,False,True
2020-04-15,央行开展中期借贷便利（MLF）操作，1年期中标利率下调20个基点至2.,801790,-0.004653,-,+,False,0.0204,0.024,0.5,1.0,-0.8109,0.5,False,+,+,False,,,,,,-0.19914,0.0,0.05,-0.19914,0.25322,0.0,False,True,False,False
2020-04-15,央行开展中期借贷便利（MLF）操作，1年期中标利率下调20个基点至2.,801180,-0.017715,-,+,False,0.0079,0.0094,0.5833,1.0,0.9878,0.5417,False,+,+,False,,,,,,-0.20049,0.00396,0.05,-0.20049,0.22084,0.0,True,False,False,False
2020-04-20,LPR下调：1年期降至3.85%(-20bp)，5年期降至4.65%(,801780,0.007995,+,+,True,0.0376,0.0398,0.375,1.0,-0.2636,0.375,True,+,+,False,,,,,,-0.18304,0.0,0.05,-0.18304,0.19762,0.0,False,False,False,True
2020-04-20,LPR下调：1年期降至3.85%(-20bp)，5年期降至4.65%(,801790,-0.022017,-,+,False,0.0171,0.0219,0.4583,1.0,-2.6221,0.4583,False,+,+,False,,,,,,-0.18741,0.0,0.05,-0.18741,0.23878,0.0,True,False,False,True
2020-04-20,LPR下调：1年期降至3.85%(-20bp)，5年期降至4.65%(,801180,-0.007232,-,+,False,0.0089,0.0115,0.625,1.0,-1.8096,0.5,False,+,+,False,,,,,,-0.2014,0.00459,0.05,-0.2014,0.23438,0.0,True,False,False,True
2020-04-20,LPR下调：1年期降至3.85%(-20bp)，5年期降至4.65%(,801710,0.019768,+,+,True,0.0195,0.0238,0.5417,1.0,-2.3344,0.5,False,+,+,False,,,,,,-0.1823,0.0,0.05,-0.1823,0.29782,0.0,True,True,True,True
2020-06-12,证监会发布创业板改革并试点注册制相关制度规则（首发注册管理办法等，试行,801790,-0.006679,-,+,False,0.023,0.0315,0.4583,0.8333,-0.8297,0.4583,False,+,+,False,,,,,,-0.28297,0.0,0.05,-0.28297,0.28432,0.0,False,False,True,True
2020-06-12,证监会发布创业板改革并试点注册制相关制度规则（首发注册管理办法等，试行,801780,-0.032675,-,+,False,0.0317,0.0359,0.4167,0.9167,0.8691,0.375,False,-,+,True,,,,,,-0.23098,0.0,0.05,-0.23098,0.20964,0.0,True,False,False,False
2020-06-12,证监会发布创业板改革并试点注册制相关制度规则（首发注册管理办法等，试行,801750,-0.0005,-,-,True,0.0177,0.0229,0.5,1.0,-0.6923,0.5,False,-,,False,,,,,,-0.35247,0.00569,0.05,-0.35247,0.34109,0.0,True,False,False,False
2020-08-04,国务院印发《新时期促进集成电路产业和软件产业高质量发展的若干政策》（国,801080,-0.036086,-,+,False,0.015,0.0189,0.4167,1.0,-4.6939,0.4167,False,+,,False,,,,,,-0.28401,0.0,0.05,-0.28401,0.37818,0.0,False,False,False,False
2020-08-04,国务院印发《新时期促进集成电路产业和软件产业高质量发展的若干政策》（国,801750,-0.026273,-,+,False,0.0133,0.0177,0.5833,1.0,2.1128,0.5833,False,+,+,False,,,,,,-0.30058,0.00198,0.05,-0.30058,0.33916,0.0,True,True,False,False
2020-08-04,国务院印发《新时期促进集成电路产业和软件产业高质量发展的若干政策》（国,801770,-0.023326,-,+,False,0.0112,0.0132,0.4583,1.0,-1.2003,0.4167,False,+,,False,,,,,,-0.29824,0.00171,0.05,-0.29824,0.29928,0.0,True,False,False,True
2020-08-17,美国商务部BIS扩大对华为的外国直接产品规则(FDPR)，并新增38家,801080,0.001334,+,+,True,0.0146,0.0186,0.5417,1.0,2.2784,0.5,False,+,+,False,,,,,,-0.28669,0.0,0.05,-0.28669,0.4114,0.0,True,False,False,False
2020-08-17,美国商务部BIS扩大对华为的外国直接产品规则(FDPR)，并新增38家,801880,-0.002362,-,+,False,0.0127,0.0159,0.625,1.0,4.2029,0.625,False,+,,False,,,,,,-0.16787,0.0,0.05,-0.16787,0.22529,0.0,True,True,True,True
2020-08-17,美国商务部BIS扩大对华为的外国直接产品规则(FDPR)，并新增38家,801110,-0.023078,-,+,False,0.01,0.0134,0.7083,1.0,4.033,0.6667,False,+,+,False,,,,,,-0.21307,0.0,0.05,-0.21307,0.29089,0.0,True,False,False,False
2020-08-17,美国商务部BIS扩大对华为的外国直接产品规则(FDPR)，并新增38家,801890,0.009132,+,+,True,0.0121,0.0142,0.5833,1.0,4.2051,0.5833,False,+,+,False,,,,,,-0.16124,0.0,0.05,-0.16124,0.20953,0.0,True,True,True,True
2020-08-17,美国商务部BIS扩大对华为的外国直接产品规则(FDPR)，并新增38家,801750,-0.005062,-,+,False,0.0284,0.034,0.5833,1.0,-2.0799,0.5833,False,+,+,False,,,,,,-0.34266,0.0,0.05,-0.34266,0.4404,0.0,True,False,False,True
2020-08-17,美国商务部BIS扩大对华为的外国直接产品规则(FDPR)，并新增38家,801770,-0.010742,-,+,False,0.0136,0.0167,0.5417,1.0,4.773,0.5,False,+,,False,,,,,,-0.23451,0.01289,0.05,-0.23451,0.2926,0.0,True,False,False,False
2020-09-22,双碳目标宣布：2030年碳达峰、2060年碳中和,801730,0.009221,+,+,True,0.0263,0.0313,0.625,0.9583,2.7244,0.625,False,+,+,False,,,,,,-0.21444,0.0,0.05,-0.21444,0.31293,0.0,False,False,False,True
2020-09-22,双碳目标宣布：2030年碳达峰、2060年碳中和,801160,-0.02192,-,+,False,0.0084,0.0112,0.4167,1.0,-5.7585,0.4167,False,+,+,False,,,,,,-0.16565,0.0,0.05,-0.16565,0.20383,0.0,False,False,False,False
2020-09-22,双碳目标宣布：2030年碳达峰、2060年碳中和,801050,-0.044047,-,+,False,0.0128,0.0177,0.2917,1.0,-8.53,0.25,False,+,+,False,,,,,,-0.29316,0.0,0.05,-0.29316,0.37099,0.0,False,False,False,False
2020-09-22,双碳目标宣布：2030年碳达峰、2060年碳中和,801770,-0.026561,-,+,False,0.0136,0.0176,0.4167,1.0,-5.7917,0.375,False,+,+,False,,,,,,-0.29992,0.0,0.05,-0.29992,0.38274,0.0,False,False,False,True
2020-11-05,国家组织冠脉支架集中带量采购在天津开标并产生拟中选结果（首次高值医用耗,801150,-0.04837,-,+,False,0.0117,0.015,0.5417,1.0,2.3098,0.5417,False,+,,False,,,,,,-0.22266,0.0,0.05,-0.22266,0.32862,0.0,True,True,False,False
2020-11-10,市场监管总局发布《关于平台经济领域的反垄断指南（征求意见稿）》公开征求,801760,-0.026394,-,+,False,0.0111,0.0151,0.4167,1.0,-5.0583,0.375,False,+,-,True,,,,,,-0.25624,0.0,0.05,-0.25624,0.30764,0.0,False,False,False,False
2020-11-10,市场监管总局发布《关于平台经济领域的反垄断指南（征求意见稿）》公开征求,801750,-0.033221,-,+,False,0.0128,0.0165,0.5417,1.0,-2.8152,0.4583,False,+,+,False,,,,,,-0.24396,0.00066,0.05,-0.24396,0.3215,0.0,False,False,False,False
2020-12-18,美国商务部BIS将中芯国际(SMIC)等逾60家中国实体列入出口管制实,801080,0.004487,+,+,True,0.0142,0.0171,0.5833,1.0,3.2141,0.5833,False,+,-,True,,,,,,-0.21696,0.0,0.05,-0.21696,0.30113,0.0,False,False,True,True
2020-12-18,美国商务部BIS将中芯国际(SMIC)等逾60家中国实体列入出口管制实,801880,0.010864,+,+,True,0.0145,0.0177,0.5,1.0,2.0489,0.5,False,+,+,False,,,,,,-0.23128,0.0,0.05,-0.23128,0.31122,0.0,True,True,True,True
2020-12-18,美国商务部BIS将中芯国际(SMIC)等逾60家中国实体列入出口管制实,801110,0.005345,+,+,True,0.0134,0.017,0.5,1.0,-2.7374,0.4583,False,+,+,False,,,,,,-0.25092,0.0,0.05,-0.25092,0.30897,0.0,False,False,True,True
2020-12-18,美国商务部BIS将中芯国际(SMIC)等逾60家中国实体列入出口管制实,801890,0.002826,+,+,True,0.0123,0.0145,0.5417,1.0,3.9898,0.5417,False,+,+,False,,,,,,-0.19791,0.0,0.05,-0.19791,0.2686,0.0,False,False,False,True
2020-12-18,美国商务部BIS将中芯国际(SMIC)等逾60家中国实体列入出口管制实,801750,-0.056282,-,+,False,0.0255,0.0323,0.625,1.0,1.1985,0.625,True,+,+,False,,,,,,-0.26326,0.0,0.05,-0.26326,0.295,0.0,False,False,False,False
2020-12-18,美国商务部BIS将中芯国际(SMIC)等逾60家中国实体列入出口管制实,801770,-0.051321,-,+,False,0.0139,0.0181,0.2917,0.9583,-5.4887,0.2917,False,+,+,False,,,,,,-0.25059,0.0,0.05,-0.25059,0.29173,0.0,False,False,False,False
2020-12-31,沪深交易所发布退市制度改革相关业务规则（退市新规），当日施行,801790,-0.040732,-,-,True,0.0269,0.0336,0.625,0.9583,1.8548,0.625,False,+,-,True,,,,,,-0.24694,0.17018,0.05,-0.24694,0.28974,0.0,False,False,False,False
2020-12-31,沪深交易所发布退市制度改革相关业务规则（退市新规），当日施行,801780,-0.054139,-,-,True,0.0341,0.0375,0.4167,1.0,-5.2611,0.4167,False,+,-,True,,,,,,-0.15988,0.20307,0.05,-0.15988,0.18711,0.0,False,True,False,False
2020-12-31,沪深交易所发布退市制度改革相关业务规则（退市新规），当日施行,801750,-0.059735,-,+,False,0.0152,0.0176,0.5417,1.0,3.1199,0.5417,False,+,,False,,,,,,-0.19095,0.002,0.05,-0.19095,0.21581,0.0,True,True,False,False
2021-02-07,国务院反垄断委员会印发《关于平台经济领域的反垄断指南》正式稿,801760,0.026054,+,+,True,0.0111,0.0133,0.7083,1.0,2.6526,0.7083,False,+,+,False,,,,,,-0.23776,0.00329,0.05,-0.23776,0.25249,0.0,True,True,True,False
2021-02-07,国务院反垄断委员会印发《关于平台经济领域的反垄断指南》正式稿,801750,0.048968,+,-,False,0.0128,0.0143,0.6667,1.0,5.7846,0.6667,False,+,+,False,,,,,,-0.22968,0.00334,0.05,-0.22968,0.2194,0.0,False,True,False,False
2021-04-10,市场监管总局对阿里巴巴集团作出反垄断行政处罚决定（罚款182.28亿元,801760,0.001891,+,+,True,0.0078,0.0097,0.625,1.0,1.0291,0.625,False,+,-,True,,,,,,-0.23026,0.00263,0.05,-0.23026,0.23743,0.0,True,True,True,False
2021-04-10,市场监管总局对阿里巴巴集团作出反垄断行政处罚决定（罚款182.28亿元,801750,0.025236,+,-,False,0.0093,0.0114,0.5,1.0,-1.5771,0.5,False,+,-,True,,,,,,-0.22985,0.01098,0.05,-0.22985,0.25696,0.0,True,True,False,False
2021-06-23,第五批国家组织药品集中带量采购在上海开标（251个品种、148家企业中,801150,-0.00406,-,+,False,0.0433,0.0487,0.5,1.0,-3.1167,0.5,True,+,+,False,,,,,,-0.2848,0.0,0.05,-0.2848,0.3002,0.0,False,True,True,False
2021-07-09,央行宣布全面下调金融机构存款准备金率0.5个百分点（自7月15日起实施,801780,-0.014248,-,+,False,0.0437,0.0475,0.2917,1.0,-2.3574,0.2917,True,-,+,True,,,,,,-0.25781,0.0,0.05,-0.25781,0.23772,0.0,False,False,False,False
2021-07-09,央行宣布全面下调金融机构存款准备金率0.5个百分点（自7月15日起实施,801790,0.004619,+,+,True,0.0178,0.022,0.375,1.0,-1.1263,0.375,False,-,+,True,,,,,,-0.22959,0.0,0.05,-0.22959,0.21375,0.0,False,True,True,True
2021-07-09,央行宣布全面下调金融机构存款准备金率0.5个百分点（自7月15日起实施,801180,-0.019353,-,+,False,0.0121,0.0169,0.5,0.9583,-3.662,0.4583,False,+,+,False,,,,,,-0.19301,0.00393,0.05,-0.19301,0.20507,0.0,True,True,False,False
2021-07-26,教育双减政策：学科类培训机构不得上市融资,801760,-0.01686,-,-,True,0.013,0.0163,0.5833,0.625,1.6073,0.5833,False,-,+,True,,,,,,-0.09252,0.01206,0.05,-0.09252,0.06841,0.0,True,True,True,True
2021-09-02,国家在服贸会致辞中宣布设立北京证券交易所,801790,0.018625,+,+,True,0.0269,0.0296,0.4167,1.0,-1.4316,0.4167,False,-,+,True,,,,,,-0.16705,0.0,0.05,-0.16705,0.13846,0.0,True,True,True,True
2021-09-02,国家在服贸会致辞中宣布设立北京证券交易所,801780,0.0032,+,+,True,0.0281,0.0311,0.4583,1.0,1.0029,0.4583,False,+,+,False,,,,,,-0.21235,0.0,0.05,-0.21235,0.21237,0.0,True,True,True,True
2021-09-02,国家在服贸会致辞中宣布设立北京证券交易所,801750,0.002422,+,+,True,0.0084,0.0116,0.7917,0.9583,7.0748,0.7083,False,+,,False,,,,,,-0.09485,0.0,0.05,-0.09485,0.12928,0.0,False,True,True,True
2021-10-08,市场监管总局对美团作出反垄断行政处罚决定（罚款34.42亿元，按202,801760,0.019664,+,+,True,0.0105,0.014,0.5417,0.9167,-1.8903,0.5417,False,+,-,True,,,,,,-0.13502,0.00944,0.05,-0.13502,0.13618,0.0,False,False,True,False
2021-10-08,市场监管总局对美团作出反垄断行政处罚决定（罚款34.42亿元，按202,801750,0.017407,+,-,False,0.011,0.013,0.375,0.9583,-3.8712,0.375,False,-,-,False,,,,,,-0.10694,0.03732,0.05,-0.10694,0.09605,0.0,False,False,False,False
2021-11-26,国家组织胰岛素专项集中带量采购产生拟中选结果（42个产品、11家企业中,801150,-0.01842,-,+,False,0.0324,0.0362,0.5,1.0,-1.0036,0.5,True,+,+,False,,,,,,-0.13094,0.0,0.05,-0.13094,0.17613,0.0,False,True,False,True
2021-12-03,2021年国家医保药品目录谈判调整结果公布（新增74种药品，谈判新增药,801150,-0.025461,-,+,False,0.0413,0.0443,0.5833,0.9583,-0.3401,0.5833,True,+,+,False,,,,,,-0.13784,0.0,0.05,-0.13784,0.15732,0.0,True,False,True,False
2021-12-06,央行全面降准0.5个百分点，释放长期资金约1.2万亿元,801780,-0.022146,-,+,False,0.0071,0.0087,0.5417,1.0,1.8138,0.5417,False,-,+,True,,,,,,-0.20918,0.0,0.05,-0.20918,0.16114,0.0,True,True,True,True
2021-12-06,央行全面降准0.5个百分点，释放长期资金约1.2万亿元,801790,0.004962,+,+,True,0.0152,0.0175,0.5417,1.0,1.2986,0.5417,False,-,+,True,,,,,,-0.13269,0.0,0.05,-0.13269,0.12879,0.0,True,True,True,True
2021-12-06,央行全面降准0.5个百分点，释放长期资金约1.2万亿元,801180,-0.022505,-,+,False,0.0108,0.0144,0.5,0.9583,3.5438,0.4583,False,-,+,True,,,,,,-0.17697,0.0,0.05,-0.17697,0.13917,0.0,True,True,True,True
2021-12-20,LPR下调：1年期降至3.80%(-5bp)，5年期维持4.65%不变,801780,-0.006363,-,+,False,0.0485,0.0511,0.5,1.0,2.6767,0.5,True,-,+,True,,,,,,-0.18208,0.0,0.05,-0.18208,0.15589,0.0,False,False,False,False
2021-12-20,LPR下调：1年期降至3.80%(-5bp)，5年期维持4.65%不变,801790,-0.007883,-,+,False,0.0153,0.0179,0.5,0.9167,-1.4919,0.5,False,+,+,False,,,,,,-0.09295,0.0,0.05,-0.09295,0.10322,0.0,False,False,False,False
2022-01-17,中国人民银行下调1年期MLF利率10个基点至2.85%、7天期逆回购利,801780,0.029316,+,+,True,0.0303,0.0328,0.4583,0.8333,0.9967,0.4583,False,-,+,True,,,,,,-0.09425,0.0,0.05,-0.09425,0.08045,0.0,False,True,True,True
2022-01-17,中国人民银行下调1年期MLF利率10个基点至2.85%、7天期逆回购利,801790,0.006263,+,+,True,0.021,0.0258,0.5417,0.8333,-2.3349,0.5417,False,-,+,True,,,,,,-0.10955,0.0,0.05,-0.10955,0.10395,0.0,True,True,True,False
2022-01-17,中国人民银行下调1年期MLF利率10个基点至2.85%、7天期逆回购利,801180,0.018132,+,+,True,0.0127,0.0162,0.625,0.9583,3.5318,0.5833,False,-,+,True,,,,,,-0.18781,0.00578,0.05,-0.18781,0.18874,0.0,False,False,True,False
2022-01-20,LPR双降：1年期降至3.70%(-10bp)，5年期降至4.60%(,801780,0.029385,+,+,True,0.0119,0.0141,0.4167,0.875,-0.1406,0.4167,False,-,+,True,,,,,,-0.08632,0.0,0.05,-0.08632,0.08289,0.0,True,True,True,True
2022-01-20,LPR双降：1年期降至3.70%(-10bp)，5年期降至4.60%(,801790,0.003165,+,+,True,0.014,0.0184,0.5,0.7917,-2.575,0.5,False,-,+,True,,,,,,-0.09179,0.0,0.05,-0.09179,0.09204,0.0,True,True,False,False
2022-01-20,LPR双降：1年期降至3.70%(-10bp)，5年期降至4.60%(,801180,-0.020592,-,+,False,0.014,0.0172,0.5417,0.8333,-1.3676,0.5417,False,-,+,True,,,,,,-0.14849,0.00141,0.05,-0.14849,0.1352,0.0,True,True,False,False
2022-01-20,LPR双降：1年期降至3.70%(-10bp)，5年期降至4.60%(,801710,-0.040695,-,+,False,0.0185,0.0232,0.4583,0.7917,-2.8492,0.4583,False,+,+,False,,,,,,-0.11272,0.0,0.05,-0.11272,0.12302,0.0,False,False,False,False
2022-01-24,中国人民银行下调14天期逆回购利率10个基点,801780,0.024658,+,+,True,0.0389,0.0412,0.375,0.9167,-1.5167,0.375,True,-,+,True,,,,,,-0.08392,0.0,0.05,-0.08392,0.07669,0.0,False,False,False,True
2022-01-24,中国人民银行下调14天期逆回购利率10个基点,801790,-0.001646,-,+,False,0.0254,0.0301,0.4583,0.8333,-4.1255,0.4583,False,-,+,True,,,,,,-0.11155,0.0,0.05,-0.11155,0.11205,0.0,False,False,False,True
2022-01-24,中国人民银行下调14天期逆回购利率10个基点,801180,0.004332,+,-,False,0.0113,0.0146,0.625,0.9167,3.549,0.5833,False,-,+,True,,,,,,-0.15081,0.0116,0.05,-0.15081,0.13244,0.0,False,True,True,False
2022-04-15,央行降准0.25个百分点：释放长期资金约5300亿元,801780,0.025073,+,+,True,0.0411,0.045,0.3333,0.9583,-3.8863,0.3333,True,-,+,True,,,,,,-0.19238,0.0,0.05,-0.19238,0.16448,0.0,True,False,False,False
2022-04-15,央行降准0.25个百分点：释放长期资金约5300亿元,801790,0.004824,+,+,True,0.0196,0.0255,0.5,0.9167,-3.4782,0.5,False,-,+,True,,,,,,-0.19156,0.0,0.05,-0.19156,0.16361,0.0,True,False,False,False
2022-04-15,央行降准0.25个百分点：释放长期资金约5300亿元,801180,-0.011641,-,+,False,0.0251,0.0307,0.4167,1.0,-5.2187,0.4167,False,-,+,True,,,,,,-0.37718,0.0,0.05,-0.37718,0.36682,0.0,True,True,False,False
2022-04-25,中国人民银行下调金融机构外汇存款准备金率1个百分点（9%→8%），5月,801780,-0.032975,-,+,False,0.0226,0.0272,0.3333,0.9583,-3.8739,0.3333,False,-,+,True,,,,,,-0.23144,0.0,0.05,-0.23144,0.22367,0.0,False,False,False,False
2022-04-25,中国人民银行下调金融机构外汇存款准备金率1个百分点（9%→8%），5月,801790,-0.045323,-,+,False,0.015,0.0209,0.5417,1.0,-1.3499,0.5417,False,-,+,True,,,,,,-0.25807,0.0,0.05,-0.25807,0.22771,0.0,False,False,False,False
2022-04-25,中国人民银行下调金融机构外汇存款准备金率1个百分点（9%→8%），5月,801180,-0.038942,-,-,True,0.0212,0.0257,0.4167,1.0,-1.8365,0.4167,False,-,+,True,,,,,,-0.5354,0.03115,0.05,-0.5354,0.51389,0.0,False,True,True,True
2022-05-20,LPR非对称下调：1年期维持3.70%，5年期大降至4.45%(-15,801180,-0.046473,-,+,False,0.0141,0.0168,0.4167,1.0,-4.7666,0.4167,False,-,+,True,,,,,,-0.38328,0.00382,0.05,-0.38328,0.34711,0.0,False,True,False,False
2022-05-20,LPR非对称下调：1年期维持3.70%，5年期大降至4.45%(-15,801710,-0.003947,-,+,False,0.0431,0.0463,0.4583,1.0,1.6003,0.4583,True,+,+,False,,,,,,-0.28171,0.0,0.05,-0.28171,0.28202,0.0,True,False,True,True
2022-08-15,中国人民银行下调1年期MLF利率10个基点至2.75%、7天期逆回购利,801780,-0.008638,-,+,False,0.0335,0.0362,0.5,1.0,0.0426,0.5,False,-,+,True,,,,,,-0.16073,0.0,0.05,-0.16073,0.12468,0.0,False,False,False,False
2022-08-15,中国人民银行下调1年期MLF利率10个基点至2.75%、7天期逆回购利,801790,-0.006747,-,+,False,0.01,0.0142,0.5417,1.0,3.5388,0.5,False,+,+,False,,,,,,-0.3011,0.00425,0.05,-0.3011,0.29109,0.0,False,True,False,True
2022-08-15,中国人民银行下调1年期MLF利率10个基点至2.75%、7天期逆回购利,801180,0.039362,+,-,False,0.0148,0.0179,0.4167,1.0,-4.4032,0.4167,False,-,+,True,,,,,,-0.46296,0.02569,0.05,-0.46296,0.42168,0.0,True,False,False,False
2022-08-22,LPR双降：1年期降至3.65%(-5bp)，5年期降至4.30%(-,801780,0.005133,+,+,True,0.0075,0.0093,0.4583,0.9583,-1.764,0.4583,False,+,+,False,,,,,,-0.09003,0.0,0.05,-0.09003,0.1481,0.0,False,False,True,True
2022-08-22,LPR双降：1年期降至3.65%(-5bp)，5年期降至4.30%(-,801790,0.017386,+,+,True,0.0174,0.0206,0.375,1.0,-2.7125,0.375,False,+,+,False,,,,,,-0.19789,0.0,0.05,-0.19789,0.22209,0.0,False,False,True,True
2022-08-22,LPR双降：1年期降至3.65%(-5bp)，5年期降至4.30%(-,801180,-0.013031,-,+,False,0.0115,0.015,0.625,1.0,7.1553,0.625,False,-,+,True,,,,,,-0.30632,0.00022,0.05,-0.30632,0.2816,0.0,True,False,False,False
2022-08-22,LPR双降：1年期降至3.65%(-5bp)，5年期降至4.30%(-,801710,-0.02968,-,+,False,0.0393,0.0419,0.3333,0.9583,-6.0003,0.2917,True,-,+,True,,,,,,-0.19345,0.0,0.05,-0.19345,0.1294,0.0,True,False,False,False
2022-09-05,中国人民银行下调金融机构外汇存款准备金率2个百分点（8%→6%），9月,801780,0.003115,+,+,True,0.0393,0.0409,0.5417,1.0,-2.1814,0.5417,False,-,+,True,,,,,,-0.12831,0.0,0.05,-0.12831,0.08646,0.0,True,False,True,True
2022-09-05,中国人民银行下调金融机构外汇存款准备金率2个百分点（8%→6%），9月,801790,0.005172,+,+,True,0.0249,0.0286,0.4583,0.9583,-3.283,0.4583,False,-,+,True,,,,,,-0.19114,0.0,0.05,-0.19114,0.16438,0.0,True,True,True,False
2022-09-05,中国人民银行下调金融机构外汇存款准备金率2个百分点（8%→6%），9月,801180,0.031812,+,-,False,0.0154,0.0181,0.5417,1.0,1.9595,0.4583,False,+,+,False,,,,,,-0.40125,0.00629,0.05,-0.40125,0.3887,0.0,False,False,False,True
2022-10-07,美国商务部BIS发布对华先进计算芯片及半导体制造设备出口管制新规(EA,801080,0.032727,+,-,False,0.0177,0.0215,0.3333,0.8333,-6.5121,0.2917,False,+,,False,,,,,,-0.14162,0.00629,0.05,-0.14162,0.13966,0.0,False,False,False,False
2022-10-07,美国商务部BIS发布对华先进计算芯片及半导体制造设备出口管制新规(EA,801880,0.02913,+,+,True,0.0167,0.0217,0.375,1.0,-4.5576,0.375,False,+,+,False,,,,,,-0.28491,0.00529,0.05,-0.28491,0.2929,0.0,True,False,True,True
2022-10-07,美国商务部BIS发布对华先进计算芯片及半导体制造设备出口管制新规(EA,801110,-0.019249,-,+,False,0.0137,0.018,0.375,0.7083,-5.4974,0.2917,False,+,+,False,,,,,,-0.08949,0.00146,0.05,-0.08949,0.10302,0.0,False,False,False,False
2022-10-07,美国商务部BIS发布对华先进计算芯片及半导体制造设备出口管制新规(EA,801890,0.074072,+,-,False,0.0135,0.0176,0.4583,0.9167,-5.7274,0.375,False,-,-,False,,,,,,-0.1599,0.00315,0.05,-0.1599,0.1536,0.0,True,False,False,True
2022-10-07,美国商务部BIS发布对华先进计算芯片及半导体制造设备出口管制新规(EA,801750,0.080184,+,+,True,0.016,0.0198,0.625,0.7917,5.4759,0.625,False,+,+,False,,,,,,-0.1333,0.0,0.05,-0.1333,0.13681,0.0,False,True,True,True
2022-10-07,美国商务部BIS发布对华先进计算芯片及半导体制造设备出口管制新规(EA,801770,0.051686,+,-,False,0.0123,0.0145,0.2917,0.9583,-8.3977,0.25,False,-,+,True,,,,,,-0.15723,0.00687,0.05,-0.15723,0.14349,0.0,True,False,False,False
2022-10-07,美国商务部BIS发布对华先进计算芯片及半导体制造设备出口管制新规(EA,801030,0.031977,+,+,True,0.0143,0.0175,0.1667,0.9583,-8.7674,0.1667,False,+,+,False,,,,,,-0.16257,0.00271,0.05,-0.16257,0.16699,0.0,False,True,True,False
2022-11-25,央行降准0.25个百分点：释放长期资金约5000亿元,801780,0.003452,+,+,True,0.0378,0.0415,0.5,0.7917,2.3633,0.5,False,-,+,True,,,,,,-0.11415,0.0,0.05,-0.11415,0.08194,0.0,True,True,True,True
2022-11-25,央行降准0.25个百分点：释放长期资金约5000亿元,801790,0.012493,+,+,True,0.0197,0.0228,0.5,0.9167,1.235,0.5,False,+,+,False,,,,,,-0.1771,0.0,0.05,-0.1771,0.18873,0.0,True,True,True,True
2022-11-25,央行降准0.25个百分点：释放长期资金约5000亿元,801180,0.052558,+,+,True,0.0176,0.0255,0.5833,0.9167,0.758,0.5,False,+,+,False,,,,,,-0.23506,0.01042,0.05,-0.23506,0.24749,0.0,False,False,True,True
2022-11-25,央行降准0.25个百分点：释放长期资金约5000亿元,801710,0.003928,+,+,True,0.027,0.0304,0.4167,0.9167,0.2409,0.4167,False,+,+,False,,,,,,-0.18666,0.0,0.05,-0.18666,0.16947,0.0,True,True,True,True
2022-11-28,房地产金融16条：支持房企合理融资需求,801180,-0.000644,-,+,False,0.0158,0.0233,0.625,0.9583,0.0095,0.5833,False,+,+,False,,,,,,-0.2927,0.00615,0.05,-0.2927,0.31871,0.0,False,False,True,True
2022-11-28,房地产金融16条：支持房企合理融资需求,801780,-0.006354,-,+,False,0.0127,0.0157,0.4583,0.875,1.1947,0.4583,False,+,+,False,,,,,,-0.10316,0.0,0.05,-0.10316,0.09682,0.0,False,True,True,True
2022-11-28,房地产金融16条：支持房企合理融资需求,801710,0.002945,+,+,True,0.0147,0.0184,0.5,0.9583,-0.6033,0.5,False,-,+,True,,,,,,-0.2457,0.00988,0.05,-0.2457,0.22077,0.0,False,True,True,True
2023-02-01,证监会就全面实行股票发行注册制主要制度规则公开征求意见,801790,-0.008788,-,-,True,0.0117,0.0142,0.5,0.9583,0.8168,0.5,False,-,,False,,,,,,-0.1644,0.00281,0.05,-0.1644,0.15878,0.0,False,True,True,True
2023-02-01,证监会就全面实行股票发行注册制主要制度规则公开征求意见,801780,-0.009393,-,+,False,0.0142,0.0158,0.4167,1.0,-2.5391,0.4167,False,-,+,True,,,,,,-0.14515,0.0,0.05,-0.14515,0.14096,0.0,False,False,False,False
2023-02-01,证监会就全面实行股票发行注册制主要制度规则公开征求意见,801750,0.059277,+,+,True,0.0149,0.0193,0.3333,0.7917,-6.6768,0.3333,False,+,,False,,,,,,-0.10912,0.0,0.05,-0.10912,0.14329,0.0,True,True,True,True
2023-02-17,证监会发布全面实行股票发行注册制相关制度规则（主板注册制正式落地）,801790,0.008809,+,+,True,0.0335,0.0365,0.4167,0.9583,-1.7578,0.4167,False,-,+,True,,,,,,-0.19541,0.0,0.05,-0.19541,0.17632,0.0,False,True,True,True
2023-02-17,证监会发布全面实行股票发行注册制相关制度规则（主板注册制正式落地）,801780,0.012383,+,+,True,0.0117,0.0135,0.5,0.9583,-0.7687,0.5,False,-,+,True,,,,,,-0.14606,0.0,0.05,-0.14606,0.13116,0.0,False,True,True,True
2023-02-17,证监会发布全面实行股票发行注册制相关制度规则（主板注册制正式落地）,801750,-0.011665,-,-,True,0.0171,0.0221,0.5417,0.875,-4.0114,0.5417,False,-,+,True,,,,,,-0.21474,0.00617,0.05,-0.21474,0.18527,0.0,True,True,True,False
2023-03-17,央行降准0.25个百分点：释放长期资金约5000亿元,801780,-0.023531,-,+,False,0.0368,0.039,0.5417,1.0,3.4625,0.5417,False,-,+,True,,,,,,-0.12436,0.0,0.05,-0.12436,0.12554,0.0,False,False,True,False
2023-03-17,央行降准0.25个百分点：释放长期资金约5000亿元,801790,0.000899,+,+,True,0.0126,0.0148,0.625,1.0,3.9604,0.625,False,-,+,True,,,,,,-0.22744,0.0,0.05,-0.22744,0.22146,0.0,True,True,True,True
2023-03-17,央行降准0.25个百分点：释放长期资金约5000亿元,801180,-0.011634,-,+,False,0.0093,0.0127,0.5,1.0,1.7345,0.5,False,-,+,True,,,,,,-0.25031,0.0022,0.05,-0.25031,0.23376,0.0,False,True,True,False
2023-05-21,中国网信办宣布美光公司(Micron)在华销售产品未通过网络安全审查,801080,0.031436,+,-,False,0.012,0.0147,0.375,0.9583,-3.0682,0.375,False,-,+,True,,,,,,-0.19342,0.02827,0.05,-0.19342,0.13688,0.0,True,True,True,False
2023-05-21,中国网信办宣布美光公司(Micron)在华销售产品未通过网络安全审查,801750,0.01449,+,+,True,0.0177,0.0235,0.5833,1.0,1.4821,0.5833,False,-,+,True,,,,,,-0.37713,0.0,0.05,-0.37713,0.32334,0.0,False,False,False,True
2023-05-21,中国网信办宣布美光公司(Micron)在华销售产品未通过网络安全审查,801770,0.045626,+,-,False,0.0189,0.0218,0.2917,1.0,-4.3752,0.2917,False,-,+,True,,,,,,-0.41798,0.04152,0.05,-0.41798,0.33495,0.0,True,True,False,False
2023-06-13,中国人民银行下调7天期逆回购利率10个基点至1.90%,801780,-0.054936,-,+,False,0.0319,0.0339,0.3333,0.9583,-5.0433,0.3333,False,-,+,True,,,,,,-0.10189,0.0,0.05,-0.10189,0.07801,0.0,True,False,False,False
2023-06-13,中国人民银行下调7天期逆回购利率10个基点至1.90%,801790,-0.029759,-,+,False,0.0216,0.025,0.4167,1.0,-0.4553,0.4167,False,+,+,False,,,,,,-0.20089,0.0,0.05,-0.20089,0.20659,0.0,True,True,False,False
2023-06-13,中国人民银行下调7天期逆回购利率10个基点至1.90%,801180,-0.053735,-,-,True,0.0101,0.0136,0.625,0.9583,0.846,0.5833,False,-,+,True,,,,,,-0.12854,0.02227,0.05,-0.12854,0.08399,0.0,False,False,True,True
2023-06-15,中国人民银行下调1年期MLF利率10个基点至2.65%（含2370亿元,801780,-0.0257,-,+,False,0.0302,0.0322,0.375,1.0,-3.8575,0.375,False,-,+,True,,,,,,-0.09876,0.0,0.05,-0.09876,0.0759,0.0,True,False,False,False
2023-06-15,中国人民银行下调1年期MLF利率10个基点至2.65%（含2370亿元,801790,-0.028583,-,+,False,0.0192,0.0217,0.4167,1.0,-0.5124,0.4167,False,-,+,True,,,,,,-0.20169,0.0,0.05,-0.20169,0.16135,0.0,True,True,False,False
2023-06-15,中国人民银行下调1年期MLF利率10个基点至2.65%（含2370亿元,801180,-0.040061,-,-,True,0.01,0.013,0.5417,0.9583,1.0634,0.5417,False,-,+,True,,,,,,-0.12816,0.01994,0.05,-0.12816,0.08828,0.0,False,True,True,True
2023-06-20,LPR双降：1年期降至3.55%(-10bp)，5年期降至4.20%(,801780,0.006226,+,+,True,0.038,0.0405,0.375,0.9583,-0.5989,0.375,True,-,+,True,,,,,,-0.1058,0.0,0.05,-0.1058,0.088,0.0,False,False,False,False
2023-06-20,LPR双降：1年期降至3.55%(-10bp)，5年期降至4.20%(,801790,-0.009731,-,+,False,0.0169,0.0198,0.375,0.9583,1.7934,0.375,False,-,+,True,,,,,,-0.20876,0.0,0.05,-0.20876,0.14117,0.0,False,False,False,False
2023-06-20,LPR双降：1年期降至3.55%(-10bp)，5年期降至4.20%(,801180,-0.000245,-,+,False,0.0132,0.0185,0.3333,0.9167,-4.9277,0.2917,False,-,+,True,,,,,,-0.17273,0.00323,0.05,-0.17273,0.14761,0.0,False,True,False,False
2023-06-20,LPR双降：1年期降至3.55%(-10bp)，5年期降至4.20%(,801710,-0.01003,-,+,False,0.0123,0.017,0.4583,0.875,-3.4214,0.4583,False,-,+,True,,,,,,-0.10367,0.0,0.05,-0.10367,0.08934,0.0,False,False,False,False
2023-06-21,财政部、税务总局、工信部公告延续和优化新能源汽车车辆购置税减免政策（2,801730,0.038536,+,+,True,0.017,0.0196,0.4167,1.0,-1.6906,0.4167,False,+,+,False,,,,,,-0.12034,0.0,0.05,-0.12034,0.1536,0.0,False,False,True,True
2023-06-21,财政部、税务总局、工信部公告延续和优化新能源汽车车辆购置税减免政策（2,801160,0.047139,+,-,False,0.0058,0.008,0.625,0.9583,-0.3797,0.5833,False,-,+,True,,,,,,-0.1138,0.01302,0.05,-0.1138,0.08776,0.0,False,False,False,False
2023-06-21,财政部、税务总局、工信部公告延续和优化新能源汽车车辆购置税减免政策（2,801880,0.032289,+,+,True,0.0101,0.0141,0.7083,0.8333,2.492,0.7083,False,+,+,False,,,,,,-0.0871,0.00154,0.05,-0.0871,0.09773,0.0,True,False,True,True
2023-06-21,财政部、税务总局、工信部公告延续和优化新能源汽车车辆购置税减免政策（2,801050,0.011856,+,-,False,0.0096,0.0125,0.5417,1.0,0.6359,0.5,False,-,+,True,,,,,,-0.21509,0.02128,0.05,-0.21509,0.17253,0.0,True,True,True,False
2023-07-03,商务部、海关总署发布对镓、锗相关物项实施出口管制的公告（自8月1日起施,801080,0.001228,+,-,False,0.0109,0.014,0.375,0.9583,-4.9509,0.3333,False,-,+,True,,,,,,-0.1782,0.0235,0.05,-0.1782,0.1312,0.0,False,False,False,False
2023-07-03,商务部、海关总署发布对镓、锗相关物项实施出口管制的公告（自8月1日起施,801880,0.018994,+,+,True,0.014,0.0169,0.4167,0.7083,-4.443,0.4167,False,+,,False,,,,,,-0.09309,0.00541,0.05,-0.09309,0.10452,0.0,True,False,True,True
2023-07-03,商务部、海关总署发布对镓、锗相关物项实施出口管制的公告（自8月1日起施,801110,-0.02663,-,-,True,0.008,0.0118,0.6667,0.9583,-2.924,0.5,False,-,+,True,,,,,,-0.15417,0.01207,0.05,-0.15417,0.13573,0.0,True,True,True,True
2023-07-03,商务部、海关总署发布对镓、锗相关物项实施出口管制的公告（自8月1日起施,801890,-0.015626,-,+,False,0.0073,0.0086,0.5,0.9167,-0.4305,0.4583,False,+,+,False,,,,,,-0.07104,0.0022,0.05,-0.07104,0.0857,0.0,False,True,False,False
2023-07-03,商务部、海关总署发布对镓、锗相关物项实施出口管制的公告（自8月1日起施,801050,0.022423,+,-,False,0.0094,0.0123,0.5417,0.9583,-3.3911,0.4583,False,+,-,True,,,,,,-0.10184,0.00056,0.05,-0.10184,0.10178,0.0,False,False,False,False
2023-07-03,商务部、海关总署发布对镓、锗相关物项实施出口管制的公告（自8月1日起施,801030,0.004753,+,-,False,0.0057,0.0074,0.4583,0.9583,-5.4174,0.4583,False,-,+,True,,,,,,-0.08936,0.01096,0.05,-0.08936,0.06744,0.0,False,False,True,False
2023-07-21,国务院常务会议审议通过《关于在超大特大城市积极稳步推进城中村改造的指导,801180,0.071235,+,-,False,0.0141,0.0198,0.6667,0.875,0.8622,0.6667,False,-,+,True,,,,,,-0.12461,0.01401,0.05,-0.12461,0.10543,0.0,False,False,False,False
2023-07-21,国务院常务会议审议通过《关于在超大特大城市积极稳步推进城中村改造的指导,801710,0.024725,+,-,False,0.0101,0.0151,0.4583,0.9167,-1.4001,0.4167,False,-,+,True,,,,,,-0.13466,0.01563,0.05,-0.13466,0.1034,0.0,False,False,False,False
2023-07-21,国务院常务会议审议通过《关于在超大特大城市积极稳步推进城中村改造的指导,801780,0.017932,+,-,False,0.0093,0.0127,0.5417,0.9167,-2.3557,0.4583,False,-,-,False,,,,,,-0.12017,0.01674,0.05,-0.12017,0.09355,0.0,True,False,False,False
2023-07-24,政治局会议：活跃资本市场，提振投资者信心,801790,0.072335,+,+,True,0.048,0.0523,0.5,0.875,1.872,0.5,False,+,+,False,,,,,,-0.14489,0.0,0.05,-0.14489,0.14817,0.0,False,True,True,True
2023-07-24,政治局会议：活跃资本市场，提振投资者信心,801780,0.021393,+,+,True,0.0414,0.0433,0.4167,0.9167,0.3227,0.4167,False,-,+,True,,,,,,-0.13616,0.0,0.05,-0.13616,0.11379,0.0,False,True,True,True
2023-07-24,政治局会议：活跃资本市场，提振投资者信心,801750,-0.024142,-,+,False,0.0168,0.0208,0.5417,1.0,-1.1724,0.5417,False,-,+,True,,,,,,-0.3062,0.0,0.05,-0.3062,0.297,0.0,True,True,True,True
2023-07-24,政治局会议：活跃资本市场，提振投资者信心,801760,-0.053839,-,+,False,0.0162,0.0191,0.4167,1.0,-2.4688,0.375,False,+,+,False,,,,,,-0.49887,0.00105,0.05,-0.49887,0.53012,0.0,False,False,False,True
2023-08-09,美国总统签署第14105号行政令，建立对华半导体、量子信息、人工智能领,801080,-0.0315,-,+,False,0.0145,0.0169,0.5833,0.7917,3.2684,0.5833,False,-,,False,,,,,,-0.10791,0.00287,0.05,-0.10791,0.10802,0.0,False,True,False,True
2023-08-09,美国总统签署第14105号行政令，建立对华半导体、量子信息、人工智能领,801750,-0.014792,-,+,False,0.0242,0.0295,0.4583,1.0,-2.3113,0.4583,False,-,+,True,,,,,,-0.27122,0.0,0.05,-0.27122,0.25174,0.0,False,False,False,False
2023-08-09,美国总统签署第14105号行政令，建立对华半导体、量子信息、人工智能领,801770,-0.015996,-,-,True,0.0159,0.0192,0.625,1.0,2.4826,0.625,False,-,+,True,,,,,,-0.28894,0.0082,0.05,-0.28894,0.27464,0.0,True,True,True,True
2023-08-15,央行降息：MLF降15bp至2.50%、7天逆回购降10bp至1.80,801780,0.025323,+,+,True,0.0099,0.0127,0.4583,1.0,0.5399,0.4583,False,-,+,True,,,,,,-0.1468,0.0,0.05,-0.1468,0.11928,0.0,True,True,False,True
2023-08-15,央行降息：MLF降15bp至2.50%、7天逆回购降10bp至1.80,801790,0.00605,+,+,True,0.0112,0.014,0.4167,1.0,-3.1845,0.375,False,-,+,True,,,,,,-0.17834,0.0027,0.05,-0.17834,0.17629,0.0,True,True,False,False
2023-08-15,央行降息：MLF降15bp至2.50%、7天逆回购降10bp至1.80,801180,0.003881,+,+,True,0.0147,0.0197,0.3333,0.9167,-3.2299,0.3333,False,-,+,True,,,,,,-0.18087,0.00084,0.05,-0.18087,0.15155,0.0,False,True,False,True
2023-08-15,央行降息：MLF降15bp至2.50%、7天逆回购降10bp至1.80,801710,0.021268,+,+,True,0.0248,0.0277,0.4167,1.0,-1.5069,0.4167,False,-,+,True,,,,,,-0.16775,0.0,0.05,-0.16775,0.12845,0.0,False,True,False,False
2023-08-21,LPR非对称下调：1年期降至3.45%(-10bp)，5年期维持4.2,801780,0.019955,+,+,True,0.0356,0.0381,0.5,1.0,1.1224,0.5,False,-,+,True,,,,,,-0.15646,0.0,0.05,-0.15646,0.12973,0.0,False,False,False,False
2023-08-21,LPR非对称下调：1年期降至3.45%(-10bp)，5年期维持4.2,801790,0.006448,+,+,True,0.0218,0.0256,0.4583,1.0,-1.1233,0.4583,False,-,+,True,,,,,,-0.21497,0.0,0.05,-0.21497,0.22364,0.0,False,False,False,False
2023-08-25,住建部、央行、金融监管总局联合发文推动落实购买首套房贷款“认房不用认贷,801180,0.011579,+,+,True,0.0135,0.0185,0.375,0.9167,-4.8236,0.2917,False,+,+,False,,,,,,-0.16054,0.00236,0.05,-0.16054,0.19136,0.0,False,True,True,True
2023-08-25,住建部、央行、金融监管总局联合发文推动落实购买首套房贷款“认房不用认贷,801710,0.021813,+,-,False,0.0092,0.0115,0.4167,0.9583,-2.0188,0.375,False,-,+,True,,,,,,-0.13477,0.01715,0.05,-0.13477,0.10047,0.0,False,False,False,False
2023-08-25,住建部、央行、金融监管总局联合发文推动落实购买首套房贷款“认房不用认贷,801780,-0.013219,-,+,False,0.0081,0.0096,0.4167,1.0,-0.3509,0.4167,False,-,+,True,,,,,,-0.16826,0.0,0.05,-0.16826,0.14456,0.0,True,True,False,True
2023-08-27,证监会：印花税减半、阶段性收紧IPO、规范减持,801790,-0.024251,-,+,False,0.0447,0.0469,0.375,1.0,-2.1322,0.375,True,-,+,True,,,,,,-0.17843,0.0,0.05,-0.17843,0.16682,0.0,True,False,False,True
2023-08-27,证监会：印花税减半、阶段性收紧IPO、规范减持,801780,-0.021008,-,+,False,0.0426,0.0445,0.4583,1.0,0.4493,0.4583,True,+,+,False,,,,,,-0.14412,0.0,0.05,-0.14412,0.15037,0.0,True,False,False,True
2023-09-01,证监会及沪深交易所发布股票程序化交易报告制度相关规则,801790,0.012669,+,+,True,0.0294,0.0317,0.375,1.0,-1.7685,0.375,False,-,+,True,,,,,,-0.23033,0.0,0.05,-0.23033,0.23024,0.0,True,True,True,False
2023-09-01,证监会及沪深交易所发布股票程序化交易报告制度相关规则,801780,0.012026,+,-,False,0.0112,0.0135,0.5,1.0,-3.2219,0.5,False,-,-,False,,,,,,-0.13428,0.06601,0.05,-0.13428,0.12037,0.0,False,False,False,False
2023-09-01,证监会及沪深交易所发布股票程序化交易报告制度相关规则,801750,-0.010507,-,-,True,0.01,0.0131,0.5833,1.0,3.7173,0.5833,False,-,,False,,,,,,-0.27245,0.02863,0.05,-0.27245,0.21519,0.0,True,True,True,True
2023-09-15,央行降准0.25个百分点：释放长期资金约5000亿元,801780,0.008722,+,+,True,0.0074,0.0092,0.375,1.0,-4.9859,0.3333,False,-,+,True,,,,,,-0.11226,0.0,0.05,-0.11226,0.09772,0.0,False,True,False,True
2023-09-15,央行降准0.25个百分点：释放长期资金约5000亿元,801790,0.013835,+,+,True,0.0209,0.0238,0.2917,1.0,-2.1635,0.2917,False,-,+,True,,,,,,-0.2399,0.0,0.05,-0.2399,0.20952,0.0,False,False,False,False
2023-09-15,央行降准0.25个百分点：释放长期资金约5000亿元,801180,-0.003677,-,+,False,0.0099,0.0125,0.3333,1.0,-5.1269,0.3333,False,-,+,True,,,,,,-0.21803,0.0,0.05,-0.21803,0.19013,0.0,True,False,False,False
2023-10-07,巴以冲突爆发：哈马斯袭击以色列引发中东局势骤紧,801030,-0.000342,-,+,False,0.0094,0.0116,0.5,0.8333,-1.3808,0.4167,False,+,+,False,,,,,,-0.07512,0.00091,0.05,-0.07512,0.07374,0.0,False,False,False,False
2023-10-07,巴以冲突爆发：哈马斯袭击以色列引发中东局势骤紧,801040,0.003863,+,+,True,0.0092,0.0123,0.5,0.9167,-0.2544,0.4167,False,+,+,False,,,,,,-0.078,0.00314,0.05,-0.078,0.09662,0.0,False,False,False,False
2023-10-17,美国商务部BIS更新并扩大对华先进计算芯片及半导体制造设备出口管制规则,801080,-0.002796,-,-,True,0.0116,0.0155,0.5417,0.9167,1.7015,0.5417,False,-,+,True,,,,,,-0.1371,0.00967,0.05,-0.1371,0.12026,0.0,True,True,True,False
2023-10-17,美国商务部BIS更新并扩大对华先进计算芯片及半导体制造设备出口管制规则,801880,-0.003749,-,+,False,0.0114,0.0137,0.5833,0.9583,1.7906,0.5417,False,+,-,True,,,,,,-0.11878,0.0,0.05,-0.11878,0.15455,0.0,False,False,False,True
2023-10-17,美国商务部BIS更新并扩大对华先进计算芯片及半导体制造设备出口管制规则,801110,0.007465,+,-,False,0.0075,0.0092,0.5417,1.0,2.4855,0.5417,False,-,+,True,,,,,,-0.15357,0.00811,0.05,-0.15357,0.13734,0.0,False,True,True,True
2023-10-17,美国商务部BIS更新并扩大对华先进计算芯片及半导体制造设备出口管制规则,801890,-0.014228,-,+,False,0.0116,0.0134,0.375,1.0,-2.5942,0.375,False,+,+,False,,,,,,-0.09914,0.00422,0.05,-0.09914,0.11434,0.0,False,False,False,True
2023-10-17,美国商务部BIS更新并扩大对华先进计算芯片及半导体制造设备出口管制规则,801750,-0.032997,-,-,True,0.0121,0.0147,0.5417,1.0,1.5704,0.5,False,-,,False,,,,,,-0.21428,0.02907,0.05,-0.21428,0.15615,0.0,False,True,True,True
2023-10-17,美国商务部BIS更新并扩大对华先进计算芯片及半导体制造设备出口管制规则,801770,-0.045323,-,-,True,0.0111,0.014,0.6667,1.0,2.5697,0.6667,False,-,+,True,,,,,,-0.25617,0.00906,0.05,-0.25617,0.24511,0.0,True,True,True,True
2023-10-17,美国商务部BIS更新并扩大对华先进计算芯片及半导体制造设备出口管制规则,801030,0.001745,+,+,True,0.0096,0.0118,0.4167,0.875,-4.7602,0.4167,False,+,+,False,,,,,,-0.0844,0.0018,0.05,-0.0844,0.09058,0.0,True,False,False,False
2023-10-20,中国商务部、海关总署发布2023年第39号公告，对石墨相关物项实施出口,801080,-0.010182,-,-,True,0.0133,0.0168,0.4583,0.875,-2.6761,0.4583,False,-,-,False,,,,,,-0.15573,0.01423,0.05,-0.15573,0.12728,0.0,True,True,True,False
2023-10-20,中国商务部、海关总署发布2023年第39号公告，对石墨相关物项实施出口,801880,0.024832,+,+,True,0.0115,0.0133,0.3333,1.0,-2.7745,0.3333,False,+,-,True,,,,,,-0.13088,0.0,0.05,-0.13088,0.15846,0.0,False,False,True,True
2023-10-20,中国商务部、海关总署发布2023年第39号公告，对石墨相关物项实施出口,801110,-0.002455,-,-,True,0.0073,0.0088,0.4167,1.0,0.2886,0.4167,False,-,+,True,,,,,,-0.15267,0.01998,0.05,-0.15267,0.11272,0.0,True,True,True,True
2023-10-20,中国商务部、海关总署发布2023年第39号公告，对石墨相关物项实施出口,801890,0.001649,+,-,False,0.0118,0.0137,0.5,0.7917,-3.5091,0.5,False,+,,False,,,,,,-0.08254,0.00404,0.05,-0.08254,0.07853,0.0,False,False,True,True
2023-10-20,中国商务部、海关总署发布2023年第39号公告，对石墨相关物项实施出口,801050,0.012059,+,+,True,0.0085,0.0113,0.5417,0.875,0.5129,0.5417,False,+,,False,,,,,,-0.07436,0.00085,0.05,-0.07436,0.07654,0.0,True,False,True,True
2023-10-20,中国商务部、海关总署发布2023年第39号公告，对石墨相关物项实施出口,801030,0.016592,+,+,True,0.0081,0.0104,0.5833,0.875,0.545,0.5,False,+,+,False,,,,,,-0.0745,8e-05,0.05,-0.0745,0.08306,0.0,False,False,True,True
2023-10-31,中央金融工作会议：加快建设金融强国（五年一度重磅会议）,801780,-0.005589,-,+,False,0.0053,0.0067,0.4167,1.0,-4.3807,0.4167,False,-,+,True,,,,,,-0.13196,0.0,0.05,-0.13196,0.10265,0.0,True,True,True,False
2023-10-31,中央金融工作会议：加快建设金融强国（五年一度重磅会议）,801790,0.022559,+,+,True,0.0075,0.0099,0.4583,1.0,-2.1983,0.4167,False,-,+,True,,,,,,-0.22324,0.0,0.05,-0.22324,0.16202,0.0,True,False,True,True
2023-10-31,中央金融工作会议：加快建设金融强国（五年一度重磅会议）,801180,0.004878,+,+,True,0.0102,0.0128,0.4583,1.0,-0.5937,0.4583,False,-,+,True,,,,,,-0.24528,0.0018,0.05,-0.24528,0.20582,0.0,False,True,True,True
2024-01-24,央行降准0.5pp+支农支小再贷款利率降25bp,801780,0.052112,+,+,True,0.0092,0.0113,0.6667,0.6667,8.8672,0.6667,False,-,+,True,,,,,,-0.06346,0.0,0.05,-0.06346,0.04803,0.0,True,True,True,True
2024-01-24,央行降准0.5pp+支农支小再贷款利率降25bp,801790,0.029548,+,+,True,0.0181,0.0222,0.5417,0.875,2.9064,0.5417,False,-,+,True,,,,,,-0.11966,0.0,0.05,-0.11966,0.08835,0.0,True,True,True,True
2024-01-24,央行降准0.5pp+支农支小再贷款利率降25bp,801180,0.030768,+,+,True,0.0228,0.0284,0.375,0.625,-7.5105,0.2917,False,-,+,True,,,,,,-0.16705,0.00017,0.05,-0.16705,0.10693,0.0,True,True,True,False
2024-01-24,央行降准0.5pp+支农支小再贷款利率降25bp,801710,0.007479,+,+,True,0.0272,0.0336,0.5833,0.625,1.0591,0.5833,False,-,+,True,,,,,,-0.1462,0.0,0.05,-0.1462,0.07902,0.0,True,True,True,False
2024-02-05,A股春节前急跌：沪指失守2700后V型反转,801790,-0.012597,-,-,True,0.0113,0.0152,0.5417,0.9583,-1.7282,0.5417,False,-,-,False,,,,,,-0.14532,0.01488,0.05,-0.14532,0.11556,0.0,True,False,False,False
2024-02-05,A股春节前急跌：沪指失守2700后V型反转,801780,-0.034132,-,-,True,0.0082,0.0111,0.5833,0.75,-1.7268,0.5833,False,-,-,False,,,,,,-0.06408,0.00368,0.05,-0.06408,0.05671,0.0,False,False,False,False
2024-02-05,A股春节前急跌：沪指失守2700后V型反转,801750,0.034151,+,-,False,0.0311,0.0369,0.2083,0.75,-7.038,0.2083,True,-,+,True,,,,,,-0.26787,0.02213,0.05,-0.26787,0.22362,0.0,True,False,False,False
2024-02-05,A股春节前急跌：沪指失守2700后V型反转,801080,0.039127,+,-,False,0.0241,0.0304,0.25,0.6667,-6.8138,0.25,False,-,-,False,,,,,,-0.1832,0.03629,0.05,-0.1832,0.11062,0.0,True,False,False,False
2024-02-07,证监会主席换帅：吴清接任易会满,801790,-0.00335,-,+,False,0.0506,0.0527,0.5417,1.0,1.6797,0.5417,True,+,+,False,,,,,,-0.15703,0.0,0.05,-0.15703,0.1461,0.0,True,True,True,True
2024-02-07,证监会主席换帅：吴清接任易会满,801780,-0.010135,-,+,False,0.0519,0.0538,0.4167,0.8333,0.0183,0.4167,True,-,+,True,,,,,,-0.06126,0.0,0.05,-0.06126,0.05367,0.0,False,True,True,True
2024-02-20,LPR非对称下调：1年期维持3.45%，5年期大降至3.95%(-25,801180,0.024702,+,+,True,0.0124,0.0164,0.5,1.0,0.1847,0.4583,False,-,+,True,,,,,,-0.30962,3e-05,0.05,-0.30962,0.2218,0.0,False,True,True,True
2024-02-20,LPR非对称下调：1年期维持3.45%，5年期大降至3.95%(-25,801710,0.01431,+,+,True,0.0334,0.0357,0.5417,1.0,1.1961,0.5417,False,-,+,True,,,,,,-0.20751,0.0,0.05,-0.20751,0.14112,0.0,True,True,True,True
2024-02-20,LPR非对称下调：1年期维持3.45%，5年期大降至3.95%(-25,801780,-0.010944,-,+,False,0.0075,0.0103,0.4583,0.875,-0.3003,0.4583,False,-,+,True,,,,,,-0.06034,0.0,0.05,-0.06034,0.05457,0.0,True,True,True,True
2024-03-13,推动大规模设备更新和消费品以旧换新行动方案,801890,0.02011,+,+,True,0.0348,0.0383,0.375,0.9583,-0.6672,0.375,False,+,+,False,,,,,,-0.23354,0.0,0.05,-0.23354,0.2533,0.0,False,True,True,False
2024-03-13,推动大规模设备更新和消费品以旧换新行动方案,801040,0.017119,+,+,True,0.0396,0.0423,0.4583,0.9583,1.8198,0.4583,True,+,+,False,,,,,,-0.14428,0.0,0.05,-0.14428,0.15036,0.0,False,True,True,False
2024-03-13,推动大规模设备更新和消费品以旧换新行动方案,801030,0.022039,+,+,True,0.0131,0.0165,0.5,0.9167,0.5987,0.5,False,+,+,False,,,,,,-0.15429,0.0,0.05,-0.15429,0.17737,0.0,False,True,True,False
2024-03-13,推动大规模设备更新和消费品以旧换新行动方案,801880,0.04239,+,+,True,0.0132,0.0169,0.5833,0.9167,0.5773,0.5417,False,-,+,True,,,,,,-0.17811,0.00469,0.05,-0.17811,0.14725,0.0,True,True,True,True
2024-04-12,国务院新国九条：推动资本市场高质量发展,801790,-0.003087,-,+,False,0.0131,0.0164,0.5,0.8333,1.365,0.4583,False,-,+,True,,,,,,-0.12482,0.00037,0.05,-0.12482,0.09435,0.0,False,False,True,True
2024-04-12,国务院新国九条：推动资本市场高质量发展,801780,0.028432,+,+,True,0.0296,0.0316,0.5417,0.875,5.9579,0.5417,False,-,+,True,,,,,,-0.08192,0.0,0.05,-0.08192,0.06929,0.0,False,True,True,True
2024-05-14,美国对华301关税：电动车100%+电池25%+太阳能50%,801880,-0.018169,-,-,True,0.008,0.0089,0.4167,1.0,2.4969,0.4167,False,+,-,True,,,,,,-0.18535,0.01088,0.05,-0.18535,0.2065,0.0,False,True,True,True
2024-05-14,美国对华301关税：电动车100%+电池25%+太阳能50%,801730,-0.024487,-,-,True,0.0081,0.0109,0.6667,1.0,2.2879,0.5833,False,-,-,False,,,,,,-0.25401,0.01404,0.05,-0.25401,0.2263,0.0,True,True,True,True
2024-05-14,美国对华301关税：电动车100%+电池25%+太阳能50%,801080,0.00901,+,-,False,0.0096,0.0121,0.5833,1.0,0.4459,0.5417,False,-,-,False,,,,,,-0.3031,0.01941,0.05,-0.3031,0.26427,0.0,False,True,False,True
2024-05-17,房地产新政5·17：取消房贷利率下限+首付15%+3000亿保障房再贷,801180,0.027905,+,+,True,0.0192,0.0245,0.2917,0.9583,-7.3697,0.25,False,-,+,True,,,,,,-0.24811,0.00246,0.05,-0.24811,0.23302,0.0,False,False,True,False
2024-05-17,房地产新政5·17：取消房贷利率下限+首付15%+3000亿保障房再贷,801710,-0.010448,-,+,False,0.0123,0.0149,0.5,1.0,-1.1407,0.5,False,-,+,True,,,,,,-0.20522,0.00303,0.05,-0.20522,0.1828,0.0,True,True,False,False
2024-05-17,房地产新政5·17：取消房贷利率下限+首付15%+3000亿保障房再贷,801780,0.015168,+,+,True,0.009,0.0106,0.4167,0.9583,-3.6181,0.4167,False,-,+,True,,,,,,-0.06713,0.0,0.05,-0.06713,0.07546,0.0,True,True,True,False
2024-05-24,证监会发布《上市公司股东减持股份管理暂行办法》及沪深北交易所配套细则,801790,-0.005881,-,+,False,0.0313,0.0332,0.25,1.0,-5.9972,0.25,False,-,+,True,,,,,,-0.21128,0.0,0.05,-0.21128,0.18118,0.0,False,False,False,False
2024-05-24,证监会发布《上市公司股东减持股份管理暂行办法》及沪深北交易所配套细则,801780,0.00228,+,+,True,0.0068,0.0086,0.4583,0.9583,-5.9355,0.4167,False,-,,False,,,,,,-0.05232,0.0,0.05,-0.05232,0.06379,0.0,False,False,False,False
2024-05-24,证监会发布《上市公司股东减持股份管理暂行办法》及沪深北交易所配套细则,801750,-0.001281,-,-,True,0.0139,0.0179,0.5833,1.0,-1.2504,0.5417,False,-,+,True,,,,,,-0.43081,0.03363,0.05,-0.43081,0.34357,0.0,True,True,True,True
2024-06-19,国资委：央企市值管理纳入业绩考核,801790,-0.009075,-,+,False,0.0394,0.0423,0.5,1.0,-1.753,0.5,True,-,+,True,,,,,,-0.14846,0.0,0.05,-0.14846,0.13338,0.0,False,False,False,False
2024-06-19,国资委：央企市值管理纳入业绩考核,801780,0.028208,+,+,True,0.0315,0.0331,0.5833,0.8333,1.0485,0.5833,False,-,+,True,,,,,,-0.08187,0.0,0.05,-0.08187,0.07097,0.0,True,True,True,True
2024-07-10,证监会批准中证金融暂停转融券业务、并上调融券保证金比例申请,801790,0.00649,+,+,True,0.0353,0.0364,0.5,0.9583,1.1514,0.5,False,-,+,True,,,,,,-0.12826,0.0,0.05,-0.12826,0.08626,0.0,True,True,True,True
2024-07-10,证监会批准中证金融暂停转融券业务、并上调融券保证金比例申请,801780,-0.011593,-,+,False,0.0092,0.0114,0.375,0.8333,-3.1537,0.375,False,-,+,True,,,,,,-0.08201,0.0,0.05,-0.08201,0.06036,0.0,False,False,True,False
2024-07-10,证监会批准中证金融暂停转融券业务、并上调融券保证金比例申请,801750,-0.016594,-,-,True,0.0135,0.0173,0.5417,1.0,0.7424,0.5417,False,-,+,True,,,,,,-0.45184,0.04159,0.05,-0.45184,0.3681,0.0,False,False,False,False
2024-07-22,LPR双降：1年期降至3.35%(-10bp)，5年期降至3.85%(,801780,0.023156,+,+,True,0.0118,0.0145,0.5,0.875,0.622,0.5,False,-,+,True,,,,,,-0.06997,0.0,0.05,-0.06997,0.06737,0.0,False,False,False,False
2024-07-22,LPR双降：1年期降至3.35%(-10bp)，5年期降至3.85%(,801790,0.025813,+,+,True,0.0229,0.0251,0.375,0.9583,-1.4559,0.375,False,-,+,True,,,,,,-0.13966,0.0,0.05,-0.13966,0.11032,0.0,True,False,False,True
2024-07-22,LPR双降：1年期降至3.35%(-10bp)，5年期降至3.85%(,801180,0.001992,+,+,True,0.0136,0.0163,0.5417,1.0,0.2642,0.5417,False,-,+,True,,,,,,-0.3527,0.00025,0.05,-0.3527,0.31294,0.0,False,False,False,False
2024-07-22,LPR双降：1年期降至3.35%(-10bp)，5年期降至3.85%(,801710,0.012554,+,+,True,0.052,0.0543,0.3333,1.0,-5.9004,0.3333,True,-,+,True,,,,,,-0.2346,0.0,0.05,-0.2346,0.2054,0.0,False,False,False,False
2024-08-05,全球科技股黑色星期一：日股暴跌12.4%+美科技股急挫联动,801080,-0.027684,-,-,True,0.0122,0.0175,0.5833,0.9167,-2.8677,0.5,False,-,-,False,,,,,,-0.22166,0.02035,0.05,-0.22166,0.18373,0.0,False,True,True,True
2024-08-05,全球科技股黑色星期一：日股暴跌12.4%+美科技股急挫联动,801750,-0.042203,-,-,True,0.0131,0.0162,0.5417,1.0,1.4048,0.5417,False,-,-,False,,,,,,-0.30883,0.02796,0.05,-0.30883,0.25291,0.0,True,True,True,True
2024-08-05,全球科技股黑色星期一：日股暴跌12.4%+美科技股急挫联动,801790,-0.007489,-,-,True,0.0084,0.0111,0.5833,0.9583,-1.2798,0.5833,False,-,+,True,,,,,,-0.1343,0.00756,0.05,-0.1343,0.11918,0.0,True,True,True,True
2024-08-05,全球科技股黑色星期一：日股暴跌12.4%+美科技股急挫联动,801770,-0.029484,-,-,True,0.0108,0.0137,0.4583,1.0,0.07,0.4583,False,-,+,True,,,,,,-0.2586,0.02804,0.05,-0.2586,0.20251,0.0,True,True,True,True
2024-08-15,商务部、海关总署发布对锑、超硬材料相关物项实施出口管制的公告（2024,801080,-0.020521,-,-,True,0.0107,0.0145,0.5417,1.0,-1.7491,0.4583,False,-,+,True,,,,,,-0.28711,0.02718,0.05,-0.28711,0.23274,0.0,False,False,True,True
2024-08-15,商务部、海关总署发布对锑、超硬材料相关物项实施出口管制的公告（2024,801880,-0.017639,-,-,True,0.0099,0.0124,0.4167,1.0,-5.758,0.4167,False,-,+,True,,,,,,-0.16653,0.01076,0.05,-0.16653,0.14502,0.0,False,False,True,True
2024-08-15,商务部、海关总署发布对锑、超硬材料相关物项实施出口管制的公告（2024,801110,0.012918,+,-,False,0.0097,0.0123,0.5417,1.0,1.2414,0.4583,False,-,+,True,,,,,,-0.12266,0.0018,0.05,-0.12266,0.12058,0.0,False,False,False,False
2024-08-15,商务部、海关总署发布对锑、超硬材料相关物项实施出口管制的公告（2024,801890,-0.01801,-,+,False,0.0107,0.0128,0.4583,1.0,-2.4323,0.4167,False,+,-,True,,,,,,-0.22362,0.00519,0.05,-0.22362,0.23362,0.0,True,True,False,True
2024-08-15,商务部、海关总署发布对锑、超硬材料相关物项实施出口管制的公告（2024,801050,0.008483,+,+,True,0.0102,0.0131,0.375,1.0,-6.0983,0.3333,False,+,+,False,,,,,,-0.18986,0.00036,0.05,-0.18986,0.20027,0.0,False,True,True,True
2024-08-15,商务部、海关总署发布对锑、超硬材料相关物项实施出口管制的公告（2024,801030,-0.029439,-,-,True,0.0078,0.0099,0.5417,1.0,0.1873,0.5,False,-,+,True,,,,,,-0.22924,0.01283,0.05,-0.22924,0.2052,0.0,False,True,True,True
2024-09-09,证监会科八条：进一步强化科创板硬科技定位,801080,-0.014621,-,+,False,0.0419,0.0493,0.5417,0.75,5.3175,0.5417,False,-,+,True,,,,,,-0.25082,0.0,0.05,-0.25082,0.22984,0.0,False,False,False,True
2024-09-09,证监会科八条：进一步强化科创板硬科技定位,801750,0.011147,+,+,True,0.0341,0.0471,0.6667,0.8333,6.7046,0.6667,False,-,+,True,,,,,,-0.32341,0.0,0.05,-0.32341,0.27609,0.0,False,True,False,True
2024-09-09,证监会科八条：进一步强化科创板硬科技定位,801770,0.03541,+,+,True,0.0271,0.0419,0.5833,0.8333,3.846,0.5417,False,-,+,True,,,,,,-0.28676,0.0,0.05,-0.28676,0.25322,0.0,True,True,True,True
2024-09-09,证监会科八条：进一步强化科创板硬科技定位,801790,0.019094,+,+,True,0.0461,0.05,0.5417,0.5833,5.7438,0.5417,True,-,+,True,,,,,,-0.10627,0.0,0.05,-0.10627,0.08764,0.0,False,False,False,True
2024-09-24,央行、金监总局、证监会联合发布一揽子金融政策,801780,-0.147169,-,+,False,0.0256,0.0329,0.5417,0.625,3.3202,0.5417,False,-,+,True,,,,,,-0.11387,0.0,0.05,-0.11387,0.0879,0.0,True,True,True,True
2024-09-24,央行、金监总局、证监会联合发布一揽子金融政策,801790,0.165801,+,+,True,0.0293,0.0383,0.5833,0.5417,5.6923,0.5833,False,-,+,True,,,,,,-0.11839,0.0,0.05,-0.11839,0.09197,0.0,True,True,True,True
2024-09-24,央行、金监总局、证监会联合发布一揽子金融政策,801180,0.017341,+,+,True,0.03,0.0411,0.5833,0.75,3.8712,0.5833,True,-,+,True,,,,,,-0.28057,0.00129,0.05,-0.28057,0.23755,0.0,False,True,True,True
2024-09-24,央行、金监总局、证监会联合发布一揽子金融政策,801750,0.172284,+,+,True,0.0343,0.0476,0.625,0.75,5.1882,0.625,False,-,+,True,,,,,,-0.26053,0.0,0.05,-0.26053,0.20235,0.0,True,True,True,True
2024-09-26,政治局会议：促进房地产市场止跌回稳,801180,-0.017305,-,+,False,0.0303,0.0413,0.5833,0.7917,4.7728,0.5833,True,-,+,True,,,,,,-0.29867,0.00052,0.05,-0.29867,0.27063,0.0,True,True,True,True
2024-09-26,政治局会议：促进房地产市场止跌回稳,801710,-0.010046,-,+,False,0.0275,0.0353,0.625,0.5417,3.9862,0.625,True,-,+,True,,,,,,-0.15304,0.0,0.05,-0.15304,0.09245,0.0,True,True,True,True
2024-09-26,政治局会议：促进房地产市场止跌回稳,801780,-0.095562,-,+,False,0.039,0.0451,0.5417,0.6667,2.2009,0.5417,False,-,+,True,,,,,,-0.10441,0.0,0.05,-0.10441,0.08984,0.0,True,True,True,True
2024-09-27,证监会并购六条：支持上市公司并购重组,801080,0.103524,+,+,True,0.0428,0.0513,0.5833,0.7083,5.0759,0.5833,True,-,+,True,,,,,,-0.23401,0.0,0.05,-0.23401,0.18548,0.0,True,True,True,True
2024-09-27,证监会并购六条：支持上市公司并购重组,801750,0.10595,+,+,True,0.0358,0.049,0.625,0.7083,5.2314,0.625,True,-,+,True,,,,,,-0.26038,0.0,0.05,-0.26038,0.20195,0.0,True,True,True,True
2024-09-27,证监会并购六条：支持上市公司并购重组,801790,0.076692,+,+,True,0.0387,0.0452,0.5417,0.625,4.6461,0.5417,True,-,+,True,,,,,,-0.11654,0.0,0.05,-0.11654,0.12521,0.0,True,True,True,True
2024-09-27,证监会并购六条：支持上市公司并购重组,801030,-0.02518,-,+,False,0.0226,0.0322,0.5,0.8333,-1.4492,0.5,True,-,+,True,,,,,,-0.17975,0.0019,0.05,-0.17975,0.14918,0.0,True,True,True,True
2024-10-21,LPR双降：1年期降至3.10%(-25bp)，5年期降至3.60%(,801780,-0.034858,-,+,False,0.0432,0.0455,0.4167,1.0,-2.1906,0.4167,True,-,+,True,,,,,,-0.17604,0.0,0.05,-0.17604,0.1395,0.0,False,False,False,False
2024-10-21,LPR双降：1年期降至3.10%(-25bp)，5年期降至3.60%(,801790,-0.010567,-,+,False,0.0225,0.0262,0.4583,0.875,1.3637,0.4583,False,-,+,True,,,,,,-0.16751,0.0,0.05,-0.16751,0.17361,0.0,False,False,False,False
2024-10-21,LPR双降：1年期降至3.10%(-25bp)，5年期降至3.60%(,801180,0.055497,+,+,True,0.0174,0.0228,0.5417,1.0,-0.946,0.4167,False,-,+,True,,,,,,-0.51782,0.00594,0.05,-0.51782,0.48151,0.0,False,True,True,True
2024-10-21,LPR双降：1年期降至3.10%(-25bp)，5年期降至3.60%(,801710,0.068042,+,+,True,0.0338,0.0377,0.5417,1.0,2.2049,0.5417,False,-,+,True,,,,,,-0.3074,0.0,0.05,-0.3074,0.28335,0.0,True,True,True,True
2024-10-21,LPR双降：1年期降至3.10%(-25bp)，5年期降至3.60%(,801750,0.009055,+,+,True,0.0252,0.0345,0.625,1.0,2.279,0.625,False,-,+,True,,,,,,-0.42616,0.0,0.05,-0.42616,0.38295,0.0,True,False,False,False
2024-10-29,欧盟对中国电动车反补贴关税终裁：最高36.3%,801880,0.021229,+,-,False,0.0134,0.0168,0.5833,1.0,2.0754,0.5833,False,-,-,False,,,,,,-0.23784,0.00781,0.05,-0.23784,0.22655,0.0,True,False,False,True
2024-10-29,欧盟对中国电动车反补贴关税终裁：最高36.3%,801730,0.000633,+,-,False,0.0179,0.0207,0.5833,1.0,1.6417,0.5833,False,+,-,True,,,,,,-0.35981,0.01122,0.05,-0.35981,0.3816,0.0,True,True,True,False
2024-11-08,人大常委会10万亿化债方案：6万亿+4万亿置换隐性债务,801780,0.008994,+,+,True,0.0095,0.0111,0.5,1.0,0.5035,0.5,False,-,+,True,,,,,,-0.23192,0.00163,0.05,-0.23192,0.19435,0.0,False,False,False,False
2024-11-08,人大常委会10万亿化债方案：6万亿+4万亿置换隐性债务,801710,-0.032636,-,+,False,0.0102,0.013,0.5,1.0,-1.008,0.4583,False,-,+,True,,,,,,-0.32191,0.0,0.05,-0.32191,0.26511,0.0,False,False,False,False
2024-11-08,人大常委会10万亿化债方案：6万亿+4万亿置换隐性债务,801180,-0.076455,-,+,False,0.0139,0.0185,0.7083,1.0,2.7393,0.6667,False,-,+,True,,,,,,-0.47419,0.00225,0.05,-0.47419,0.46147,0.0,True,False,False,False
2024-12-02,美BIS第三轮半导体出口管制：扩大实体清单+HBM芯片,801080,-0.007227,-,-,True,0.0189,0.0228,0.5833,1.0,2.3757,0.5417,False,+,+,False,,,,,,-0.58494,0.01776,0.05,-0.58494,0.61518,0.0,False,False,False,False
2024-12-02,美BIS第三轮半导体出口管制：扩大实体清单+HBM芯片,801770,-0.003873,-,-,True,0.0168,0.0218,0.4583,1.0,-1.8122,0.4583,False,-,-,False,,,,,,-0.36681,0.0389,0.05,-0.36681,0.28901,0.0,False,False,False,False
2024-12-03,中国商务部发布2024年第46号公告，加强镓、锗、锑及超硬材料等两用物,801080,-0.011904,-,-,True,0.0155,0.0191,0.5417,1.0,1.9126,0.5417,False,-,+,True,,,,,,-0.435,0.03287,0.05,-0.435,0.37027,0.0,False,True,True,True
2024-12-03,中国商务部发布2024年第46号公告，加强镓、锗、锑及超硬材料等两用物,801880,0.007095,+,+,True,0.0086,0.0118,0.625,1.0,-0.7275,0.625,False,+,+,False,,,,,,-0.24014,0.00163,0.05,-0.24014,0.27228,0.0,True,True,True,False
2024-12-03,中国商务部发布2024年第46号公告，加强镓、锗、锑及超硬材料等两用物,801110,0.021353,+,+,True,0.0089,0.0108,0.5833,1.0,-0.1887,0.5417,False,+,+,False,,,,,,-0.19433,0.0,0.05,-0.19433,0.23339,0.0,True,True,True,True
2024-12-03,中国商务部发布2024年第46号公告，加强镓、锗、锑及超硬材料等两用物,801890,0.026975,+,+,True,0.0118,0.0163,0.5417,1.0,-3.2393,0.5,False,-,+,True,,,,,,-0.47213,0.00272,0.05,-0.47213,0.47731,0.0,True,True,True,True
2024-12-03,中国商务部发布2024年第46号公告，加强镓、锗、锑及超硬材料等两用物,801050,-0.002545,-,+,False,0.0079,0.0099,0.5417,1.0,4.2302,0.5417,False,-,+,True,,,,,,-0.19221,0.00593,0.05,-0.19221,0.19411,0.0,False,False,True,True
2024-12-03,中国商务部发布2024年第46号公告，加强镓、锗、锑及超硬材料等两用物,801030,-0.004192,-,+,False,0.0099,0.0119,0.625,1.0,4.5443,0.625,False,-,+,True,,,,,,-0.26503,0.00268,0.05,-0.26503,0.28439,0.0,False,False,True,False
2024-12-09,中央政治局会议：适度宽松货币政策+更加积极财政政策,801780,0.019374,+,+,True,0.0086,0.0106,0.5833,1.0,0.9593,0.5417,False,-,+,True,,,,,,-0.19389,0.0,0.05,-0.19389,0.16564,0.0,True,True,False,True
2024-12-09,中央政治局会议：适度宽松货币政策+更加积极财政政策,801790,-0.021323,-,+,False,0.0133,0.0178,0.375,1.0,-1.1563,0.2917,False,-,+,True,,,,,,-0.39873,0.00036,0.05,-0.39873,0.38653,0.0,False,False,False,False
2024-12-09,中央政治局会议：适度宽松货币政策+更加积极财政政策,801180,-0.014077,-,+,False,0.0178,0.0215,0.375,1.0,-6.0985,0.375,False,-,+,True,,,,,,-0.45644,0.00568,0.05,-0.45644,0.41382,0.0,True,True,False,False
2024-12-09,中央政治局会议：适度宽松货币政策+更加积极财政政策,801710,0.005345,+,+,True,0.0123,0.0151,0.4583,1.0,-2.1505,0.4167,False,-,+,True,,,,,,-0.28074,0.00381,0.05,-0.28074,0.26512,0.0,True,True,True,False
2024-12-12,中央经济工作会议：明年实施更加积极有为的宏观政策,801780,0.012697,+,+,True,0.0112,0.0138,0.5,1.0,-0.7026,0.4583,False,-,+,True,,,,,,-0.19044,0.0,0.05,-0.19044,0.18002,0.0,True,True,True,True
2024-12-12,中央经济工作会议：明年实施更加积极有为的宏观政策,801790,-0.02582,-,+,False,0.0168,0.023,0.5,1.0,-2.0761,0.4583,False,-,+,True,,,,,,-0.49806,0.00916,0.05,-0.49806,0.45634,0.0,True,False,False,False
2024-12-12,中央经济工作会议：明年实施更加积极有为的宏观政策,801180,-0.058034,-,+,False,0.0162,0.0195,0.4167,1.0,-2.5165,0.4167,False,-,+,True,,,,,,-0.55223,0.00561,0.05,-0.55223,0.47476,0.0,False,False,False,False
2024-12-12,中央经济工作会议：明年实施更加积极有为的宏观政策,801710,-0.03697,-,+,False,0.0136,0.0161,0.4583,1.0,-2.0927,0.4167,False,-,+,True,,,,,,-0.32534,0.00131,0.05,-0.32534,0.27241,0.0,True,False,False,False
2024-12-12,中央经济工作会议：明年实施更加积极有为的宏观政策,801880,-0.012048,-,+,False,0.0134,0.0176,0.375,0.9583,-2.7688,0.2917,False,-,+,True,,,,,,-0.23918,0.00645,0.05,-0.23918,0.22998,0.0,True,False,False,False
2025-01-13,美国商务部BIS发布人工智能扩散框架(Framework for AI,801080,0.024881,+,+,True,0.0179,0.0212,0.5833,1.0,6.5868,0.5833,False,-,,False,,,,,,-0.38138,0.00956,0.05,-0.38138,0.40478,0.0,False,True,True,False
2025-01-13,美国商务部BIS发布人工智能扩散框架(Framework for AI,801750,0.040126,+,+,True,0.0306,0.0376,0.625,1.0,8.5621,0.625,False,-,+,True,,,,,,-0.64627,0.0,0.05,-0.64627,0.57054,0.0,True,True,True,True
2025-01-13,美国商务部BIS发布人工智能扩散框架(Framework for AI,801770,0.047158,+,+,True,0.019,0.0226,0.5417,1.0,-0.5511,0.5417,False,-,+,True,,,,,,-0.36801,0.00027,0.05,-0.36801,0.37237,0.0,False,True,True,True
2025-01-15,拜登末期AI芯片出口管制框架：分国别配额限制,801080,0.032355,+,-,False,0.0162,0.0199,0.5,1.0,-1.2618,0.4167,False,-,-,False,,,,,,-0.44045,0.03833,0.05,-0.44045,0.3652,0.0,False,True,False,False
2025-01-15,拜登末期AI芯片出口管制框架：分国别配额限制,801770,0.069367,+,-,False,0.0206,0.0247,0.4167,1.0,-1.8804,0.4167,False,-,-,False,,,,,,-0.32438,0.0199,0.05,-0.32438,0.2898,0.0,False,False,False,True
2025-01-15,拜登末期AI芯片出口管制框架：分国别配额限制,801750,0.003631,+,+,True,0.0205,0.0234,0.5417,1.0,6.6701,0.5417,False,-,+,True,,,,,,-0.57878,0.0,0.05,-0.57878,0.53017,0.0,False,False,True,True
2025-01-27,DeepSeek-R1登顶全球应用榜：中国AI里程碑,801080,0.021832,+,+,True,0.0172,0.0211,0.4583,1.0,2.121,0.4583,False,-,+,True,,,,,,-0.3985,0.0048,0.05,-0.3985,0.38542,0.0,False,True,True,True
2025-01-27,DeepSeek-R1登顶全球应用榜：中国AI里程碑,801750,0.13677,+,+,True,0.0247,0.0291,0.5417,1.0,2.8073,0.5417,False,-,+,True,,,,,,-0.46186,0.00224,0.05,-0.46186,0.43591,0.0,False,True,True,True
2025-01-27,DeepSeek-R1登顶全球应用榜：中国AI里程碑,801770,-0.00249,-,+,False,0.0223,0.0258,0.5417,1.0,0.7314,0.5417,False,-,+,True,,,,,,-0.34212,0.00329,0.05,-0.34212,0.33411,0.0,False,False,True,True
2025-01-27,DeepSeek-R1登顶全球应用榜：中国AI里程碑,801760,0.102936,+,+,True,0.0188,0.0235,0.625,1.0,1.1057,0.5833,False,-,+,True,,,,,,-0.46684,0.0002,0.05,-0.46684,0.41677,0.0,True,True,True,True
2025-03-05,2025政府工作报告：GDP目标5%左右+财政赤字率4%,801780,-0.002111,-,+,False,0.009,0.013,0.5833,0.9583,0.0832,0.5833,False,-,+,True,,,,,,-0.14744,0.0,0.05,-0.14744,0.13298,0.0,True,True,True,True
2025-03-05,2025政府工作报告：GDP目标5%左右+财政赤字率4%,801790,0.001636,+,+,True,0.0121,0.0221,0.5,0.9583,-1.9629,0.5,False,-,+,True,,,,,,-0.32777,0.0,0.05,-0.32777,0.2941,0.0,True,True,True,True
2025-03-05,2025政府工作报告：GDP目标5%左右+财政赤字率4%,801180,-0.027285,-,+,False,0.0142,0.0224,0.375,0.9583,-5.7092,0.2917,False,-,+,True,,,,,,-0.33793,0.00292,0.05,-0.33793,0.28417,0.0,True,False,False,False
2025-04-02,特朗普宣布对等关税：对华累计加征54%关税,801080,-0.057707,-,-,True,0.0183,0.029,0.5417,0.9583,0.8544,0.5,False,-,-,False,,,,,,-0.28176,0.02026,0.05,-0.28176,0.24123,0.0,True,True,True,True
2025-04-02,特朗普宣布对等关税：对华累计加征54%关税,801110,-0.034593,-,-,True,0.0114,0.0211,0.375,0.875,-5.4633,0.3333,False,-,-,False,,,,,,-0.11927,0.00754,0.05,-0.11927,0.10667,0.0,True,False,True,True
2025-04-02,特朗普宣布对等关税：对华累计加征54%关税,801880,-0.053564,-,-,True,0.0166,0.0255,0.5,0.9583,-3.6506,0.4167,False,-,-,False,,,,,,-0.18275,0.00364,0.05,-0.18275,0.18221,0.0,False,True,True,True
2025-04-02,特朗普宣布对等关税：对华累计加征54%关税,801030,-0.026722,-,-,True,0.0118,0.0216,0.625,0.9583,2.6158,0.5833,False,-,-,False,,,,,,-0.18767,0.02139,0.05,-0.18767,0.14488,0.0,False,True,True,True
2025-04-02,特朗普宣布对等关税：对华累计加征54%关税,801050,-0.033528,-,-,True,0.0136,0.0238,0.5833,0.8333,-2.9054,0.5417,False,+,-,True,,,,,,-0.11072,0.01125,0.05,-0.11072,0.1215,0.0,True,True,True,True
2025-04-02,特朗普宣布对等关税：对华累计加征54%关税,801890,-0.054115,-,-,True,0.0176,0.0298,0.4167,0.9583,-4.0731,0.375,False,-,-,False,,,,,,-0.26021,0.00894,0.05,-0.26021,0.24233,0.0,False,True,True,True
2025-04-04,中国反制：对美所有商品加征34%关税,801010,0.067487,+,-,False,0.0116,0.0204,0.5,0.9583,-2.79,0.4583,False,-,-,False,,,,,,-0.17357,0.01385,0.05,-0.17357,0.14587,0.0,True,False,False,False
2025-04-04,中国反制：对美所有商品加征34%关税,801030,-0.013558,-,-,True,0.0125,0.0222,0.5417,0.9583,0.321,0.4167,False,-,-,False,,,,,,-0.15237,0.00774,0.05,-0.15237,0.13688,0.0,True,True,True,True
2025-04-04,中国反制：对美所有商品加征34%关税,801050,0.00632,+,-,False,0.0134,0.0238,0.5,0.8333,-3.1362,0.4583,False,+,+,False,,,,,,-0.13289,0.00334,0.05,-0.13289,0.12958,0.0,False,False,True,True
2025-04-04,中国反制：对美所有商品加征34%关税,801080,-0.005477,-,-,True,0.0168,0.0289,0.5417,0.9583,-3.5731,0.5417,False,-,-,False,,,,,,-0.31055,0.01089,0.05,-0.31055,0.29917,0.0,False,False,True,True
2025-04-07,A股黑色星期一：沪指跌7.34%创业板跌12.5%,801080,-0.005477,-,-,True,0.0176,0.029,0.4167,0.9583,-6.711,0.4167,False,-,-,False,,,,,,-0.29626,0.01858,0.05,-0.29626,0.26327,0.0,False,True,True,True
2025-04-07,A股黑色星期一：沪指跌7.34%创业板跌12.5%,801790,-0.021835,-,-,True,0.0125,0.0212,0.3333,0.9583,-0.2537,0.3333,False,-,-,False,,,,,,-0.25153,0.02439,0.05,-0.25153,0.20276,0.0,True,True,True,True
2025-04-07,A股黑色星期一：沪指跌7.34%创业板跌12.5%,801750,-0.022496,-,-,True,0.0193,0.0314,0.4583,0.9583,0.6358,0.4583,False,-,-,False,,,,,,-0.37749,0.02804,0.05,-0.37749,0.32141,0.0,True,True,True,True
2025-04-07,A股黑色星期一：沪指跌7.34%创业板跌12.5%,801730,-0.047053,-,-,True,0.0153,0.0273,0.3333,0.9583,0.5016,0.2917,False,-,-,False,,,,,,-0.18163,0.0134,0.05,-0.18163,0.15483,0.0,True,True,True,True
2025-04-07,A股黑色星期一：沪指跌7.34%创业板跌12.5%,801880,-0.011746,-,-,True,0.0175,0.0267,0.3333,0.9583,-5.819,0.3333,False,-,-,False,,,,,,-0.1796,0.00904,0.05,-0.1796,0.16717,0.0,False,True,True,True
2025-05-07,央行一揽子宽松：降准0.5个百分点+降息10bp,801780,0.030974,+,+,True,0.0187,0.02,0.6667,1.0,6.7886,0.6667,False,-,+,True,,,,,,-0.15605,0.0,0.05,-0.15605,0.14408,0.0,True,True,True,True
2025-05-07,央行一揽子宽松：降准0.5个百分点+降息10bp,801790,0.024718,+,+,True,0.0179,0.0209,0.4583,1.0,1.694,0.4583,False,-,+,True,,,,,,-0.33641,0.0,0.05,-0.33641,0.29,0.0,True,True,True,True
2025-05-07,央行一揽子宽松：降准0.5个百分点+降息10bp,801180,-0.033296,-,+,False,0.0075,0.0097,0.5417,1.0,-2.0736,0.4583,False,-,+,True,,,,,,-0.32299,7e-05,0.05,-0.32299,0.25378,0.0,True,False,False,True
2025-05-07,央行一揽子宽松：降准0.5个百分点+降息10bp,801710,-0.022555,-,+,False,0.0388,0.0399,0.5417,1.0,-1.0608,0.5417,True,-,+,True,,,,,,-0.20884,0.0,0.05,-0.20884,0.16972,0.0,True,True,True,True
2025-05-20,LPR双降：1年期降至3.00%(-10bp)5年期降至3.50%(-,801780,0.016808,+,+,True,0.0398,0.0418,0.6667,1.0,5.9668,0.6667,True,-,+,True,,,,,,-0.12826,0.0,0.05,-0.12826,0.11536,0.0,True,True,True,True
2025-05-20,LPR双降：1年期降至3.00%(-10bp)5年期降至3.50%(-,801790,-0.007534,-,+,False,0.0164,0.0196,0.5417,1.0,0.9448,0.5417,False,-,+,True,,,,,,-0.29588,0.0,0.05,-0.29588,0.25196,0.0,True,False,False,False
2025-05-20,LPR双降：1年期降至3.00%(-10bp)5年期降至3.50%(-,801180,-0.01381,-,+,False,0.0075,0.0099,0.5,1.0,-3.0654,0.4583,False,-,+,True,,,,,,-0.29002,0.00085,0.05,-0.29002,0.25555,0.0,True,False,False,False
2025-05-20,LPR双降：1年期降至3.00%(-10bp)5年期降至3.50%(-,801710,-0.01064,-,+,False,0.0092,0.011,0.4583,1.0,-3.9502,0.375,False,-,+,True,,,,,,-0.13199,0.00085,0.05,-0.13199,0.11748,0.0,True,False,False,False
