event_date,industry_code,event_type,real_dir,final_dir,prob_up,confidence,abstain,weight_a,threshold,dir_correct,committed_dir_correct
2020-01-01,801780,monetary_policy,-,+,0.531858961611417,0.06371792322283398,True,0.6,0.12,False,False
2020-01-01,801790,monetary_policy,-,+,0.7134993110414125,0.426998622082825,False,0.6,0.12,False,False
2020-01-01,801180,monetary_policy,-,+,0.6074292792427815,0.2148585584855629,False,0.6,0.12,False,False
2020-02-03,801780,monetary_policy,-,-,0.1228051696075284,0.7543896607849432,False,0.6,0.12,True,True
2020-02-03,801790,monetary_policy,-,-,0.42190598184036143,0.15618803631927713,False,0.6,0.12,True,True
2020-02-03,801180,monetary_policy,-,-,0.2205900641587084,0.5588198716825832,False,0.6,0.12,True,True
2020-02-17,801780,monetary_policy,-,-,0.0579845960060704,0.8840308079878592,False,0.6,0.12,True,True
2020-02-17,801790,monetary_policy,+,-,0.1282579528506272,0.7434840942987456,False,0.6,0.12,False,False
2020-02-17,801180,monetary_policy,-,-,0.0645334813392449,0.8709330373215102,False,0.6,0.12,True,True
2020-02-20,801780,monetary_policy,-,-,0.1084409574864619,0.7831180850270762,False,0.6,0.12,True,True
2020-02-20,801790,monetary_policy,+,-,0.203625395606007,0.592749208787986,False,0.6,0.12,False,False
2020-02-20,801180,monetary_policy,-,-,0.12192474687202462,0.7561505062559508,False,0.6,0.12,True,True
2020-03-13,801780,monetary_policy,+,-,0.3508345896647757,0.2983308206704486,False,0.6,0.12,False,False
2020-03-13,801790,monetary_policy,-,+,0.5815073057469631,0.16301461149392615,False,0.6,0.12,False,False
2020-03-13,801180,monetary_policy,-,+,0.5488988492572231,0.0977976985144462,True,0.6,0.12,False,False
2020-03-30,801790,monetary_policy,-,-,0.10563060257396012,0.7887387948520798,False,0.6,0.12,True,True
2020-03-30,801180,monetary_policy,-,-,0.1300744703593418,0.7398510592813163,False,0.6,0.12,True,True
2020-03-30,801780,monetary_policy,-,-,0.0959631032725493,0.8080737934549014,False,0.6,0.12,True,True
2020-04-03,801780,monetary_policy,-,-,0.012568608198363,0.974862783603274,False,0.6,0.12,True,True
2020-04-03,801790,monetary_policy,-,-,0.0551338445549843,0.8897323108900314,False,0.6,0.12,True,True
2020-04-03,801180,monetary_policy,-,-,0.0124947425266142,0.9750105149467716,False,0.2,0.2,True,True
2020-04-15,801780,monetary_policy,-,-,0.24390217606117784,0.5121956478776444,False,0.2,0.2,True,True
2020-04-15,801790,monetary_policy,-,-,0.2863689761717421,0.42726204765651576,False,0.2,0.2,True,True
2020-04-15,801180,monetary_policy,-,-,0.2442238386997854,0.5115523226004293,False,0.2,0.2,True,True
2020-04-20,801180,monetary_policy,-,-,0.4952156002149702,0.009568799570059627,True,0.2,0.2,True,False
2020-04-20,801710,monetary_policy,+,-,0.41355923551637197,0.17288152896725606,True,0.2,0.2,False,False
2020-04-20,801790,monetary_policy,-,-,0.47085813404481064,0.05828373191037872,True,0.2,0.2,True,False
2020-04-20,801780,monetary_policy,+,+,0.5093618846134731,0.018723769226946185,True,0.2,0.2,True,False
2020-06-12,801790,capital_market_policy,-,-,0.4023528873976441,0.19529422520471185,True,0.2,0.2,True,False
2020-06-12,801780,capital_market_policy,-,-,0.42527123482062434,0.1494575303587513,True,0.2,0.2,True,False
2020-06-12,801750,capital_market_policy,-,-,0.22262232921855313,0.5547553415628937,False,0.2,0.2,True,True
2020-08-04,801080,industry_policy,-,-,0.2125279734488913,0.5749440531022174,False,0.2,0.2,True,True
2020-08-04,801750,industry_policy,-,-,0.24728829635610833,0.5054234072877833,False,0.2,0.2,True,True
2020-08-04,801770,industry_policy,-,-,0.31552648274674866,0.3689470345065027,False,0.2,0.2,True,True
2020-08-17,801770,geopolitical,-,-,0.2409608959438884,0.5180782081122233,False,0.2,0.2,True,True
2020-08-17,801890,geopolitical,+,-,0.17740492175741251,0.645190156485175,False,0.2,0.2,False,False
2020-08-17,801750,geopolitical,-,-,0.20939327817900935,0.5812134436419814,False,0.2,0.2,True,True
2020-08-17,801880,geopolitical,-,-,0.17352127163431064,0.6529574567313787,False,0.2,0.2,True,True
2020-08-17,801110,geopolitical,-,+,0.7574209416290829,0.5148418832581658,False,0.2,0.2,False,False
2020-08-17,801080,geopolitical,+,+,0.7526237096614985,0.505247419322997,False,0.2,0.2,True,True
2020-09-22,801730,industry_policy,+,+,0.5312380568972528,0.06247611379450557,True,0.2,0.2,True,False
2020-09-22,801160,industry_policy,-,+,0.5158415117402221,0.03168302348044416,True,0.8,0.2,False,False
2020-09-22,801050,industry_policy,-,+,0.5745338853610512,0.14906777072210242,True,0.8,0.2,False,False
2020-09-22,801770,industry_policy,-,+,0.5008523152752424,0.0017046305504848647,True,0.8,0.2,False,False
2020-11-05,801150,industry_policy,-,+,0.5455579017352076,0.09111580347041515,True,0.8,0.2,False,False
2020-11-10,801750,industry_policy,-,+,0.5111534550082356,0.022306910016471226,True,0.8,0.2,False,False
2020-11-10,801760,industry_policy,-,-,0.4440092125125469,0.11198157497490624,True,0.8,0.2,True,False
2020-12-18,801080,geopolitical,+,-,0.2838933296834605,0.43221334063307904,False,0.2,0.1,False,False
2020-12-18,801880,geopolitical,+,-,0.4312319060933032,0.1375361878133936,True,0.8,0.2,False,False
2020-12-18,801110,geopolitical,+,-,0.382419097543141,0.23516180491371796,False,0.8,0.2,False,False
2020-12-18,801890,geopolitical,+,-,0.41309673784071455,0.1738065243185709,True,0.8,0.2,False,False
2020-12-18,801750,geopolitical,-,-,0.3621642145871579,0.27567157082568416,False,0.8,0.2,True,True
2020-12-18,801770,geopolitical,-,-,0.4426451845549124,0.11470963089017516,True,0.8,0.2,True,False
2020-12-31,801780,capital_market_policy,-,-,0.434720550915357,0.130558898169286,True,0.8,0.2,True,False
2020-12-31,801790,capital_market_policy,-,-,0.47445939198510834,0.05108121602978333,True,0.8,0.2,True,False
2020-12-31,801750,capital_market_policy,-,-,0.48477053983482066,0.030458920330358685,True,0.8,0.2,True,False
2021-02-07,801750,industry_policy,+,-,0.466029876402972,0.067940247194056,True,0.8,0.2,False,False
2021-02-07,801760,industry_policy,+,-,0.4575841637679666,0.08483167246406675,True,0.8,0.2,False,False
2021-04-10,801760,industry_policy,+,-,0.4978360657312956,0.004327868537408852,True,0.8,0.2,False,False
2021-04-10,801750,industry_policy,+,+,0.5684777630018674,0.13695552600373473,True,0.8,0.2,True,False
2021-06-23,801150,industry_policy,-,-,0.46152508021701605,0.0769498395659679,True,0.8,0.2,True,False
2021-07-09,801780,monetary_policy,-,-,0.4131208618800307,0.17375827623993856,True,0.8,0.2,True,False
2021-07-09,801790,monetary_policy,+,-,0.404906748771538,0.19018650245692403,True,0.8,0.2,False,False
2021-07-09,801180,monetary_policy,-,-,0.33573682398002896,0.32852635203994207,False,0.8,0.2,True,True
2021-07-26,801760,industry_policy,-,-,0.3552297041290992,0.2895405917418016,False,0.8,0.2,True,True
2021-09-02,801750,capital_market_policy,+,-,0.41690726091604,0.16618547816791995,True,0.8,0.2,False,False
2021-09-02,801790,capital_market_policy,+,+,0.520140045870696,0.04028009174139191,True,0.8,0.2,True,False
2021-09-02,801780,capital_market_policy,+,-,0.4815469551632135,0.036906089673573006,True,0.8,0.2,False,False
2021-10-08,801760,industry_policy,+,+,0.5261878865965761,0.05237577319315223,True,0.8,0.2,True,False
2021-10-08,801750,industry_policy,+,+,0.5305897762348926,0.061179552469785126,True,0.8,0.2,True,False
2021-11-26,801150,industry_policy,-,-,0.4958026490440453,0.008394701911909386,True,0.8,0.2,True,False
2021-12-03,801150,industry_policy,-,-,0.45177555825334964,0.09644888349330072,True,0.8,0.2,True,False
2021-12-06,801790,monetary_policy,+,-,0.436971155974242,0.12605768805151596,True,0.8,0.2,False,False
2021-12-06,801780,monetary_policy,-,-,0.3031335506984226,0.39373289860315475,False,0.8,0.2,True,True
2021-12-06,801180,monetary_policy,-,-,0.3283784944477148,0.34324301110457045,False,0.8,0.2,True,True
2021-12-20,801790,monetary_policy,-,+,0.5139054982036138,0.027810996407227506,True,0.8,0.2,False,False
2021-12-20,801780,monetary_policy,-,-,0.36237497801506685,0.2752500439698663,False,0.8,0.2,True,True
2022-01-17,801790,monetary_policy,+,-,0.4906617844889555,0.018676431022089046,True,0.8,0.2,False,False
2022-01-17,801180,monetary_policy,+,-,0.4720237007788618,0.0559525984422764,True,0.8,0.2,False,False
2022-01-17,801780,monetary_policy,+,-,0.40786000665185423,0.18427998669629153,True,0.8,0.2,False,False
2022-01-20,801780,monetary_policy,+,-,0.4782585926321047,0.04348281473579063,True,0.8,0.2,False,False
2022-01-20,801790,monetary_policy,+,-,0.49800782364328966,0.00398435271342068,True,0.8,0.2,False,False
2022-01-20,801180,monetary_policy,-,-,0.49474649620978217,0.010507007580435657,True,0.8,0.2,True,False
2022-01-20,801710,monetary_policy,-,+,0.6424734473717038,0.2849468947434075,False,0.8,0.2,False,False
2022-01-24,801780,monetary_policy,+,+,0.5185553634882173,0.03711072697643458,True,0.8,0.2,True,False
2022-01-24,801790,monetary_policy,-,+,0.5721380244466053,0.14427604889321066,True,0.8,0.2,False,False
2022-01-24,801180,monetary_policy,+,+,0.5543279413467426,0.10865588269348514,True,0.8,0.2,True,False
2022-04-15,801180,monetary_policy,-,+,0.6698983403548794,0.33979668070975877,False,0.8,0.2,False,False
2022-04-15,801780,monetary_policy,+,+,0.5119788692474398,0.0239577384948797,True,0.8,0.2,True,False
2022-04-15,801790,monetary_policy,+,+,0.5730958774982307,0.1461917549964613,True,0.8,0.2,True,False
2022-04-25,801780,monetary_policy,-,+,0.5263864864235965,0.05277297284719307,True,0.8,0.2,False,False
2022-04-25,801790,monetary_policy,-,+,0.5784667028314774,0.15693340566295477,True,0.8,0.2,False,False
2022-04-25,801180,monetary_policy,-,+,0.6282267467635833,0.2564534935271665,False,0.8,0.2,False,False
2022-05-20,801710,monetary_policy,-,+,0.543579091586514,0.08715818317302793,True,0.8,0.2,False,False
2022-05-20,801180,monetary_policy,-,+,0.6145821063042469,0.22916421260849384,False,0.8,0.2,False,False
2022-08-15,801790,monetary_policy,-,+,0.5052703931344901,0.01054078626898014,True,0.8,0.2,False,False
2022-08-15,801180,monetary_policy,+,-,0.4648486010559327,0.07030279788813465,True,0.8,0.2,False,False
2022-08-15,801780,monetary_policy,-,-,0.36934242339873585,0.2613151532025283,False,0.8,0.2,True,True
2022-08-22,801780,monetary_policy,+,-,0.40527892252927955,0.1894421549414409,True,0.8,0.2,False,False
2022-08-22,801790,monetary_policy,+,+,0.5235506792962584,0.04710135859251685,True,0.8,0.2,True,False
2022-08-22,801180,monetary_policy,-,-,0.4779595202611311,0.044080959477737824,True,0.8,0.2,True,False
2022-08-22,801710,monetary_policy,-,-,0.44408862041831215,0.1118227591633757,True,0.8,0.2,True,False
2022-09-05,801780,monetary_policy,+,-,0.4763048464144648,0.0473903071710704,True,0.8,0.2,False,False
2022-09-05,801790,monetary_policy,+,+,0.6235495255232062,0.2470990510464124,False,0.8,0.2,True,True
2022-09-05,801180,monetary_policy,+,+,0.5126418234578863,0.025283646915772673,True,0.8,0.2,True,False
2022-10-07,801880,geopolitical,+,+,0.5512595294369037,0.10251905887380741,True,0.8,0.2,True,False
2022-10-07,801080,geopolitical,+,+,0.5089965798053189,0.017993159610637743,True,0.8,0.2,True,False
2022-10-07,801110,geopolitical,-,+,0.5604275490398348,0.12085509807966965,True,0.8,0.2,False,False
2022-10-07,801890,geopolitical,+,+,0.5467426515073668,0.09348530301473357,True,0.8,0.2,True,False
2022-10-07,801750,geopolitical,+,+,0.5006709873474897,0.001341974694979431,True,0.8,0.2,True,False
2022-10-07,801770,geopolitical,+,-,0.4920352894059472,0.015929421188105586,True,0.8,0.2,False,False
2022-10-07,801030,geopolitical,+,+,0.5717302685617858,0.14346053712357154,True,0.8,0.2,True,False
2022-11-25,801180,monetary_policy,+,-,0.424026282960359,0.15194743407928202,True,0.8,0.2,False,False
2022-11-25,801710,monetary_policy,+,-,0.4595639460697387,0.08087210786052257,True,0.8,0.2,False,False
2022-11-25,801780,monetary_policy,+,-,0.40156238351882434,0.19687523296235132,True,0.8,0.2,False,False
2022-11-25,801790,monetary_policy,+,+,0.5385168901468093,0.07703378029361851,True,0.8,0.2,True,False
2022-11-28,801710,industry_policy,+,-,0.47058541604715237,0.05882916790569526,True,0.8,0.2,False,False
2022-11-28,801180,industry_policy,-,-,0.48374383581254676,0.032512328374906474,True,0.8,0.2,True,False
2022-11-28,801780,industry_policy,-,-,0.39185801056419095,0.2162839788716181,False,0.8,0.2,True,True
2023-02-01,801790,capital_market_policy,-,+,0.5735893848192768,0.14717876963855359,True,0.8,0.2,False,False
2023-02-01,801780,capital_market_policy,-,-,0.4774441353032127,0.04511172939357455,True,0.8,0.2,True,False
2023-02-01,801750,capital_market_policy,+,+,0.5867491501068068,0.17349830021361368,True,0.8,0.2,True,False
2023-02-17,801790,capital_market_policy,+,-,0.3461406661684567,0.30771866766308664,False,0.8,0.2,False,False
2023-02-17,801780,capital_market_policy,+,-,0.228602835476248,0.542794329047504,False,0.8,0.2,False,False
2023-02-17,801750,capital_market_policy,-,-,0.43496784075173556,0.13006431849652889,True,0.8,0.2,True,False
2023-03-17,801180,monetary_policy,-,-,0.3007968406797582,0.3984063186404836,False,0.8,0.2,True,True
2023-03-17,801790,monetary_policy,+,-,0.4179156188100142,0.16416876237997158,True,0.8,0.2,False,False
2023-03-17,801780,monetary_policy,-,-,0.36048293519016616,0.27903412961966767,False,0.8,0.2,True,True
2023-05-21,801080,geopolitical,+,-,0.48649629689388474,0.027007406212230523,True,0.8,0.2,False,False
2023-05-21,801750,geopolitical,+,-,0.45022631363211496,0.09954737273577008,True,0.8,0.2,False,False
2023-05-21,801770,geopolitical,+,-,0.4980513677237789,0.0038972645524422145,True,0.8,0.2,False,False
2023-06-13,801780,monetary_policy,-,-,0.4221555662331633,0.1556888675336734,True,0.8,0.2,True,False
2023-06-13,801790,monetary_policy,-,+,0.5141623734909991,0.028324746981998272,True,0.8,0.2,False,False
2023-06-13,801180,monetary_policy,-,-,0.3813268779145887,0.23734624417082262,False,0.8,0.2,True,True
2023-06-15,801180,monetary_policy,-,-,0.3892667981738902,0.2214664036522196,False,0.8,0.2,True,True
2023-06-15,801780,monetary_policy,-,-,0.4237344859305366,0.15253102813892683,True,0.8,0.2,True,False
2023-06-15,801790,monetary_policy,-,+,0.503891004465311,0.007782008930621975,True,0.8,0.2,False,False
2023-06-20,801780,monetary_policy,+,-,0.39359880341997355,0.2128023931600529,False,0.8,0.2,False,False
2023-06-20,801790,monetary_policy,-,-,0.49887882392588545,0.0022423521482290987,True,0.8,0.2,True,False
2023-06-20,801180,monetary_policy,-,-,0.4163703003245207,0.16725939935095857,True,0.8,0.2,True,False
2023-06-20,801710,monetary_policy,-,+,0.5000657299297747,0.00013145985954943207,True,0.8,0.2,False,False
2023-06-21,801730,industry_policy,+,+,0.5087393948931547,0.017478789786309346,True,0.8,0.2,True,False
2023-06-21,801160,industry_policy,+,-,0.3484744040128487,0.30305119197430264,False,0.8,0.2,False,False
2023-06-21,801880,industry_policy,+,+,0.5626334050848443,0.12526681016968855,True,0.8,0.2,True,False
2023-06-21,801050,industry_policy,+,+,0.5028845398693106,0.0057690797386211745,True,0.8,0.2,True,False
2023-07-03,801030,geopolitical,+,+,0.6795347175691134,0.35906943513822687,False,0.8,0.2,True,True
2023-07-03,801080,geopolitical,+,+,0.5712135120626335,0.14242702412526698,True,0.8,0.2,True,False
2023-07-03,801880,geopolitical,+,+,0.6691663577491163,0.3383327154982325,False,0.8,0.2,True,True
2023-07-03,801110,geopolitical,-,+,0.7017209257178741,0.4034418514357483,False,0.8,0.2,False,False
2023-07-03,801890,geopolitical,-,+,0.6255552271353534,0.2511104542707068,False,0.8,0.2,False,False
2023-07-03,801050,geopolitical,+,+,0.6110595192939836,0.22211903858796722,False,0.8,0.2,True,True
2023-07-21,801710,industry_policy,+,+,0.5546224046343324,0.10924480926866487,True,0.8,0.2,True,False
2023-07-21,801780,industry_policy,+,+,0.508471509478928,0.016943018957856104,True,0.8,0.2,True,False
2023-07-21,801180,industry_policy,+,+,0.5793145201767959,0.1586290403535917,True,0.8,0.2,True,False
2023-07-24,801750,capital_market_policy,-,-,0.4949053833794147,0.010189233241170603,True,0.8,0.2,True,False
2023-07-24,801760,capital_market_policy,-,-,0.4644794813997205,0.07104103720055899,True,0.8,0.2,True,False
2023-07-24,801790,capital_market_policy,+,+,0.6157153794540848,0.23143075890816966,False,0.8,0.2,True,True
2023-07-24,801780,capital_market_policy,+,-,0.4820788093176362,0.035842381364727616,True,0.8,0.2,False,False
2023-08-09,801750,geopolitical,-,-,0.42570655363002485,0.1485868927399503,True,0.8,0.2,True,False
2023-08-09,801770,geopolitical,-,-,0.4401796753006112,0.11964064939877761,True,0.8,0.2,True,False
2023-08-09,801080,geopolitical,-,-,0.40314682553705944,0.19370634892588112,True,0.8,0.2,True,False
2023-08-15,801780,monetary_policy,+,-,0.4303249164971571,0.1393501670056858,True,0.8,0.2,False,False
2023-08-15,801790,monetary_policy,+,+,0.57234532067508,0.14469064135016008,True,0.8,0.2,True,False
2023-08-15,801180,monetary_policy,+,-,0.4512400206698112,0.09751995866037755,True,0.8,0.2,False,False
2023-08-15,801710,monetary_policy,+,-,0.47518304888306423,0.04963390223387154,True,0.8,0.2,False,False
2023-08-21,801780,monetary_policy,+,+,0.5288813138017714,0.05776262760354278,True,0.8,0.2,True,False
2023-08-21,801790,monetary_policy,+,+,0.6387295593426354,0.27745911868527084,False,0.8,0.2,True,True
2023-08-25,801710,industry_policy,+,-,0.37889767068541913,0.24220465862916174,False,0.8,0.2,False,False
2023-08-25,801780,industry_policy,-,-,0.42226829564482726,0.15546340871034547,True,0.8,0.2,True,False
2023-08-25,801180,industry_policy,+,-,0.3831407434722683,0.23371851305546343,False,0.8,0.2,False,False
2023-08-27,801790,capital_market_policy,-,-,0.4216950107761442,0.15660997844771163,True,0.8,0.2,True,False
2023-08-27,801780,capital_market_policy,-,-,0.383170760488014,0.23365847902397197,False,0.8,0.2,True,True
2023-09-01,801790,capital_market_policy,+,-,0.4629917361024781,0.07401652779504375,True,0.8,0.2,False,False
2023-09-01,801780,capital_market_policy,+,-,0.42766876269962845,0.1446624746007431,True,0.8,0.2,False,False
2023-09-01,801750,capital_market_policy,-,+,0.5033033589964753,0.006606717992950539,True,0.8,0.2,False,False
2023-09-15,801180,monetary_policy,-,-,0.25564133248036414,0.4887173350392717,False,0.8,0.2,True,True
2023-09-15,801780,monetary_policy,+,-,0.39199855053569005,0.2160028989286199,False,0.8,0.2,False,False
2023-09-15,801790,monetary_policy,+,-,0.4038728541662884,0.19225429166742325,True,0.8,0.2,False,False
2023-10-07,801040,geopolitical,+,-,0.40619208309150756,0.18761583381698488,True,0.8,0.2,False,False
2023-10-07,801030,geopolitical,-,-,0.43855831584513316,0.12288336830973368,True,0.8,0.2,True,False
2023-10-17,801080,geopolitical,-,-,0.4038505138893269,0.19229897222134618,True,0.8,0.2,True,False
2023-10-17,801880,geopolitical,-,+,0.5006483873855184,0.001296774771036846,True,0.8,0.2,False,False
2023-10-17,801110,geopolitical,+,-,0.4598394900672732,0.08032101986545359,True,0.8,0.2,False,False
2023-10-17,801890,geopolitical,-,-,0.3969126158630904,0.2061747682738192,False,0.8,0.2,True,True
2023-10-17,801750,geopolitical,-,-,0.36093732414055546,0.2781253517188891,False,0.8,0.2,True,True
2023-10-17,801770,geopolitical,-,-,0.4344243633322919,0.1311512733354162,True,0.8,0.2,True,False
2023-10-17,801030,geopolitical,+,-,0.4124321918670735,0.17513561626585294,True,0.8,0.2,False,False
2023-10-20,801030,geopolitical,+,-,0.40911941649202793,0.18176116701594414,True,0.8,0.2,False,False
2023-10-20,801050,geopolitical,+,-,0.4007286732175683,0.19854265356486345,True,0.8,0.2,False,False
2023-10-20,801890,geopolitical,+,-,0.42073304377924714,0.15853391244150572,True,0.8,0.2,False,False
2023-10-20,801880,geopolitical,+,-,0.48007596647726863,0.03984806704546273,True,0.8,0.2,False,False
2023-10-20,801080,geopolitical,-,-,0.4373767984748177,0.1252464030503646,True,0.8,0.2,True,False
2023-10-20,801110,geopolitical,-,-,0.4308776871029206,0.13824462579415875,True,0.8,0.2,True,False
2023-10-31,801180,industry_policy,+,-,0.381966840343387,0.23606631931322597,False,0.8,0.2,False,False
2023-10-31,801780,industry_policy,-,-,0.39426935047297135,0.2114612990540573,False,0.8,0.2,True,True
2023-10-31,801790,industry_policy,+,-,0.3239918891856647,0.35201622162867063,False,0.8,0.2,False,False
2024-01-24,801180,monetary_policy,+,-,0.445511924705457,0.10897615058908605,True,0.8,0.2,False,False
2024-01-24,801710,monetary_policy,+,-,0.4582046282216927,0.08359074355661456,True,0.8,0.2,False,False
2024-01-24,801780,monetary_policy,+,+,0.6117880221656578,0.2235760443313155,False,0.8,0.2,True,True
2024-01-24,801790,monetary_policy,+,+,0.5777986579341906,0.15559731586838121,True,0.8,0.2,True,False
2024-02-05,801790,market_event,-,+,0.6091722889005506,0.21834457780110128,True,0.8,0.2,False,False
2024-02-05,801780,market_event,-,+,0.6545543342851756,0.30910866857035124,True,0.8,0.2,False,False
2024-02-05,801750,market_event,+,+,0.5649985105827073,0.12999702116541467,True,0.8,0.2,True,False
2024-02-05,801080,market_event,+,+,0.5072888806144846,0.014577761228969255,True,0.8,0.2,True,False
2024-02-07,801790,capital_market_policy,-,+,0.6401963379413291,0.28039267588265826,False,0.8,0.2,False,False
2024-02-07,801780,capital_market_policy,-,+,0.6198826428420372,0.2397652856840744,False,0.8,0.2,False,False
2024-02-20,801710,monetary_policy,+,-,0.4604754505619825,0.07904909887603495,True,0.8,0.2,False,False
2024-02-20,801780,monetary_policy,-,+,0.622507461068293,0.24501492213658604,False,0.8,0.2,False,False
2024-02-20,801180,monetary_policy,+,-,0.45740628771382014,0.08518742457235973,True,0.8,0.2,False,False
2024-03-13,801040,industry_policy,+,-,0.41616177963955425,0.1676764407208915,True,0.8,0.2,False,False
2024-03-13,801030,industry_policy,+,-,0.4506431351809138,0.09871372963817238,True,0.8,0.2,False,False
2024-03-13,801880,industry_policy,+,-,0.481727874036482,0.03654425192703603,True,0.8,0.2,False,False
2024-03-13,801890,industry_policy,+,-,0.47567492598105576,0.048650148037888474,True,0.8,0.2,False,False
2024-04-12,801790,capital_market_policy,-,-,0.4029625880556338,0.19407482388873243,True,0.8,0.2,True,False
2024-04-12,801780,capital_market_policy,+,-,0.45549137086902436,0.08901725826195128,True,0.8,0.2,False,False
2024-05-14,801080,geopolitical,+,-,0.4826376130873377,0.03472477382532457,True,0.8,0.2,False,False
2024-05-14,801880,geopolitical,-,+,0.5956308417674118,0.19126168353482353,True,0.8,0.2,False,False
2024-05-14,801730,geopolitical,-,+,0.5673869921518393,0.1347739843036786,True,0.8,0.2,False,False
2024-05-17,801780,industry_policy,+,-,0.4945975459628973,0.010804908074205422,True,0.8,0.2,False,False
2024-05-17,801180,industry_policy,+,-,0.4668097625383207,0.06638047492335863,True,0.8,0.2,False,False
2024-05-17,801710,industry_policy,-,-,0.4691535676603476,0.06169286467930479,True,0.8,0.2,True,False
2024-05-24,801790,capital_market_policy,-,+,0.5101039755942698,0.020207951188539575,True,0.8,0.2,False,False
2024-05-24,801780,capital_market_policy,+,+,0.5027716759614757,0.005543351922951301,True,0.8,0.2,True,False
2024-05-24,801750,capital_market_policy,-,+,0.5197653091113643,0.03953061822272863,True,0.8,0.2,False,False
2024-06-19,801790,capital_market_policy,-,-,0.46851847934302004,0.06296304131395991,True,0.8,0.2,True,False
2024-06-19,801780,capital_market_policy,+,-,0.43245859579980683,0.13508280840038633,True,0.8,0.2,False,False
2024-07-10,801750,capital_market_policy,-,+,0.5642040640419068,0.12840812808381363,True,0.8,0.2,False,False
2024-07-10,801790,capital_market_policy,+,+,0.5074753245999877,0.014950649199975352,True,0.8,0.2,True,False
2024-07-10,801780,capital_market_policy,-,+,0.5753587841566855,0.15071756831337102,True,0.8,0.2,False,False
2024-07-22,801710,monetary_policy,+,-,0.46689666245502826,0.06620667508994349,True,0.8,0.2,False,False
2024-07-22,801180,monetary_policy,+,-,0.4219675898343753,0.15606482033124935,True,0.8,0.2,False,False
2024-07-22,801780,monetary_policy,+,+,0.6031926187240918,0.2063852374481836,False,0.8,0.2,True,True
2024-07-22,801790,monetary_policy,+,+,0.5719837823125342,0.14396756462506843,True,0.8,0.2,True,False
2024-08-05,801790,market_event,-,+,0.6622371515316189,0.32447430306323777,True,0.8,0.2,False,False
2024-08-05,801080,market_event,-,+,0.5469516408527189,0.09390328170543771,True,0.8,0.2,False,False
2024-08-05,801750,market_event,-,+,0.6266836535258583,0.2533673070517166,True,0.8,0.2,False,False
2024-08-05,801770,market_event,-,+,0.5471380679394775,0.094276135878955,True,0.8,0.2,False,False
2024-08-15,801050,geopolitical,+,-,0.4242248876244814,0.1515502247510372,True,0.8,0.2,False,False
2024-08-15,801030,geopolitical,-,-,0.46181332649160983,0.07637334701678034,True,0.8,0.2,True,False
2024-08-15,801890,geopolitical,-,+,0.5422833100391555,0.08456662007831106,True,0.8,0.2,False,False
2024-08-15,801880,geopolitical,-,-,0.47059772761765495,0.0588045447646901,True,0.8,0.2,True,False
2024-08-15,801080,geopolitical,-,-,0.41078068157147013,0.17843863685705974,True,0.8,0.2,True,False
2024-08-15,801110,geopolitical,+,+,0.5321288535989895,0.06425770719797907,True,0.8,0.2,True,False
2024-09-09,801080,capital_market_policy,-,-,0.483231761030927,0.03353647793814596,True,0.8,0.2,True,False
2024-09-09,801750,capital_market_policy,+,+,0.5681339793252078,0.13626795865041563,True,0.8,0.2,True,False
2024-09-09,801770,capital_market_policy,+,+,0.5432738891506098,0.08654777830121962,True,0.8,0.2,True,False
2024-09-09,801790,capital_market_policy,+,+,0.6168566759137265,0.233713351827453,False,0.8,0.2,True,True
2024-09-24,801750,monetary_policy,+,+,0.6459337927167622,0.2918675854335244,False,0.8,0.2,True,True
2024-09-24,801180,monetary_policy,+,+,0.541816870637528,0.08363374127505607,True,0.8,0.2,True,False
2024-09-24,801780,monetary_policy,-,-,0.44493681791272366,0.11012636417455268,True,0.8,0.2,True,False
2024-09-24,801790,monetary_policy,+,+,0.6808838777674018,0.36176775553480356,False,0.8,0.2,True,True
2024-09-26,801180,capital_market_policy,-,+,0.5230888570009727,0.04617771400194548,True,0.8,0.2,False,False
2024-09-26,801710,capital_market_policy,-,-,0.47781046644517305,0.04437906710965389,True,0.8,0.2,True,False
2024-09-26,801780,capital_market_policy,-,-,0.45829893169786085,0.08340213660427831,True,0.8,0.2,True,False
2024-09-27,801790,capital_market_policy,+,+,0.565923029033217,0.131846058066434,True,0.8,0.2,True,False
2024-09-27,801080,capital_market_policy,+,+,0.5444504698602819,0.08890093972056379,True,0.8,0.2,True,False
2024-09-27,801750,capital_market_policy,+,+,0.6302422366507574,0.2604844733015148,False,0.8,0.2,True,True
2024-09-27,801030,capital_market_policy,-,+,0.543620273751792,0.08724054750358401,True,0.8,0.2,False,False
2024-10-21,801790,monetary_policy,-,-,0.49902635211693486,0.0019472957661302859,True,0.8,0.2,True,False
2024-10-21,801750,monetary_policy,+,-,0.45188306532006484,0.09623386935987033,True,0.8,0.2,False,False
2024-10-21,801710,monetary_policy,+,-,0.42044443445711666,0.1591111310857667,True,0.8,0.2,False,False
2024-10-21,801780,monetary_policy,-,-,0.44168362322201093,0.11663275355597813,True,0.8,0.2,True,False
2024-10-21,801180,monetary_policy,+,-,0.3963027436988117,0.20739451260237662,False,0.8,0.2,False,False
2024-10-29,801880,geopolitical,+,+,0.531766780053667,0.06353356010733391,True,0.8,0.2,True,False
2024-10-29,801730,geopolitical,+,+,0.5077021196947,0.015404239389400054,True,0.8,0.2,True,False
2024-11-08,801780,industry_policy,+,-,0.40192908842388847,0.19614182315222306,True,0.8,0.2,False,False
2024-11-08,801710,industry_policy,-,-,0.45190890422924124,0.09618219154151753,True,0.8,0.2,True,False
2024-11-08,801180,industry_policy,-,-,0.47209926974651095,0.055801460506978096,True,0.8,0.2,True,False
2024-12-02,801080,geopolitical,-,-,0.44699710999695935,0.1060057800060813,True,0.8,0.2,True,False
2024-12-02,801770,geopolitical,-,-,0.4614331923623228,0.07713361527535445,True,0.8,0.2,True,False
2024-12-03,801050,geopolitical,-,-,0.4394071261608683,0.1211857476782634,True,0.8,0.2,True,False
2024-12-03,801080,geopolitical,-,-,0.436527887461333,0.12694422507733405,True,0.8,0.2,True,False
2024-12-03,801880,geopolitical,+,+,0.526116625324573,0.05223325064914608,True,0.8,0.2,True,False
2024-12-03,801110,geopolitical,+,-,0.4970112046148908,0.005977590770218422,True,0.8,0.2,False,False
2024-12-03,801890,geopolitical,+,-,0.4870787359228614,0.025842528154277233,True,0.8,0.2,False,False
2024-12-03,801030,geopolitical,-,+,0.5067198601217723,0.013439720243544562,True,0.8,0.2,False,False
2024-12-09,801710,industry_policy,+,-,0.4169422280573607,0.1661155438852786,True,0.8,0.2,False,False
2024-12-09,801180,industry_policy,-,-,0.417515500859018,0.16496899828196399,True,0.8,0.2,True,False
2024-12-09,801790,industry_policy,-,-,0.34916259985256404,0.3016748002948719,False,0.8,0.2,True,True
2024-12-09,801780,industry_policy,+,-,0.45671501952969956,0.08656996094060088,True,0.8,0.2,False,False
2024-12-12,801780,industry_policy,+,-,0.4869734191180156,0.02605316176396877,True,0.8,0.2,False,False
2024-12-12,801790,industry_policy,-,-,0.3774930902890617,0.2450138194218766,False,0.8,0.2,True,True
2024-12-12,801180,industry_policy,-,-,0.47028601194124886,0.05942797611750228,True,0.8,0.2,True,False
2024-12-12,801710,industry_policy,-,-,0.47164220101297455,0.0567155979740509,True,0.8,0.2,True,False
2024-12-12,801880,industry_policy,-,-,0.4824311645516848,0.035137670896630446,True,0.8,0.2,True,False
2025-01-13,801750,geopolitical,+,-,0.45997259575971067,0.08005480848057867,True,0.8,0.2,False,False
2025-01-13,801770,geopolitical,+,-,0.4965908939489728,0.006818212102054355,True,0.8,0.2,False,False
2025-01-13,801080,geopolitical,+,-,0.47319850356865506,0.05360299286268988,True,0.8,0.2,False,False
2025-01-15,801080,geopolitical,+,-,0.4835778750755742,0.03284424984885159,True,0.8,0.2,False,False
2025-01-15,801770,geopolitical,+,-,0.47138401212756265,0.05723197574487471,True,0.8,0.2,False,False
2025-01-15,801750,geopolitical,+,-,0.43269168072799613,0.13461663854400774,True,0.8,0.2,False,False
2025-01-27,801760,industry_policy,+,-,0.4774722660320035,0.04505546793599302,True,0.8,0.2,False,False
2025-01-27,801080,industry_policy,+,+,0.5057081782691562,0.0114163565383123,True,0.8,0.2,True,False
2025-01-27,801750,industry_policy,+,+,0.5057884850711031,0.011576970142206156,True,0.8,0.2,True,False
2025-01-27,801770,industry_policy,-,+,0.5137030803980314,0.02740616079606273,True,0.8,0.2,False,False
2025-03-05,801180,industry_policy,-,-,0.4855395939437751,0.02892081211244979,True,0.8,0.2,True,False
2025-03-05,801790,industry_policy,+,-,0.4035735024761686,0.19285299504766285,True,0.8,0.2,False,False
2025-03-05,801780,industry_policy,-,-,0.42311761128723846,0.15376477742552308,True,0.8,0.2,True,False
2025-04-02,801080,geopolitical,-,-,0.45754605934711845,0.0849078813057631,True,0.8,0.2,True,False
2025-04-02,801110,geopolitical,-,+,0.5287993040637616,0.057598608127523265,True,0.8,0.2,False,False
2025-04-02,801880,geopolitical,-,+,0.5271839792735453,0.054367958547090645,True,0.8,0.2,False,False
2025-04-02,801030,geopolitical,-,+,0.5492566010501063,0.09851320210021264,True,0.8,0.2,False,False
2025-04-02,801050,geopolitical,-,+,0.5041296958617895,0.008259391723578924,True,0.8,0.2,False,False
2025-04-02,801890,geopolitical,-,+,0.52020748939693,0.04041497879385991,True,0.8,0.2,False,False
2025-04-04,801080,geopolitical,-,-,0.4735833856782818,0.052833228643436425,True,0.8,0.2,True,False
2025-04-04,801050,geopolitical,+,+,0.5070521239226189,0.014104247845237783,True,0.8,0.2,True,False
2025-04-04,801030,geopolitical,-,+,0.5378972948404881,0.07579458968097619,True,0.8,0.2,False,False
2025-04-04,801010,geopolitical,+,+,0.5642917644260741,0.1285835288521482,True,0.8,0.2,True,False
2025-04-07,801080,market_event,-,-,0.45043372826583306,0.09913254346833389,True,0.8,0.2,True,False
2025-04-07,801790,market_event,-,+,0.549072002230812,0.09814400446162397,True,0.8,0.2,False,False
2025-04-07,801750,market_event,-,-,0.484935235625553,0.030129528748893963,True,0.8,0.2,True,False
2025-04-07,801730,market_event,-,-,0.49330617700738405,0.0133876459852319,True,0.8,0.2,True,False
2025-04-07,801880,market_event,-,-,0.4966058735496925,0.006788252900615022,True,0.8,0.2,True,False
2025-05-07,801180,monetary_policy,-,-,0.4911502241881944,0.017699551623611254,True,0.8,0.2,True,False
2025-05-07,801710,monetary_policy,-,+,0.5071778570546042,0.014355714109208328,True,0.8,0.2,False,False
2025-05-07,801780,monetary_policy,+,-,0.48778557908467823,0.024428841830643533,True,0.8,0.2,False,False
2025-05-07,801790,monetary_policy,+,+,0.5871286352680851,0.17425727053617024,True,0.8,0.2,True,False
2025-05-20,801790,monetary_policy,-,+,0.5866834488517133,0.17336689770342661,True,0.8,0.2,False,False
2025-05-20,801180,monetary_policy,-,-,0.44666171161734786,0.10667657676530429,True,0.8,0.2,True,False
2025-05-20,801780,monetary_policy,+,-,0.49040701356380545,0.0191859728723891,True,0.8,0.2,False,False
2025-05-20,801710,monetary_policy,-,-,0.4903332127680266,0.01933357446394679,True,0.8,0.2,True,False
