event_date,event_type,industry_code,real_dir,final_dir,dir_correct,pred_mean_5,real_CAR
2020-01-01,monetary_policy,801780,-,+,False,0.004648202139351081,-0.010662
2020-01-01,monetary_policy,801790,-,+,False,0.01297765550319716,-0.019126
2020-01-01,monetary_policy,801180,-,+,False,0.011183845461202815,-0.010388
2020-02-03,monetary_policy,801780,-,-,True,-0.006610856793312176,-0.026806
2020-02-03,monetary_policy,801790,-,-,True,-0.0018194517091439145,-0.027079
2020-02-03,monetary_policy,801180,-,-,True,-0.00486299386333644,-0.02662
2020-02-17,monetary_policy,801780,-,-,True,-0.012737708408509203,-0.032234
2020-02-17,monetary_policy,801790,+,-,False,-0.011527089557412584,0.020116
2020-02-17,monetary_policy,801180,-,-,True,-0.01110656020367024,-0.046862
2020-02-20,monetary_policy,801780,-,-,True,-0.011592468775550317,-0.012185
2020-02-20,monetary_policy,801790,+,-,False,-0.007942051043222955,0.0052
2020-02-20,monetary_policy,801180,-,-,True,-0.010141873726482651,-0.008532
2020-03-13,monetary_policy,801780,+,-,False,-0.0016249976304108244,0.006871
2020-03-13,monetary_policy,801790,-,+,False,0.0032678159069027394,-0.008571
2020-03-13,monetary_policy,801180,-,+,False,0.0038253531553366395,-0.008969
2020-03-30,monetary_policy,801780,-,-,True,-0.004924637473444421,-0.027682
2020-03-30,monetary_policy,801790,-,-,True,-0.009466490274157477,-0.018241
2020-03-30,monetary_policy,801180,-,-,True,-0.006970482890006453,-0.01619
2020-04-03,monetary_policy,801780,-,-,True,-0.015122748701596595,-0.013809
2020-04-03,monetary_policy,801790,-,-,True,-0.022072522602471927,-0.011272
2020-04-03,monetary_policy,801180,-,-,True,-0.020385814579625933,-0.004635
2020-04-15,monetary_policy,801780,-,-,True,-0.0016023117847502703,-0.011559
2020-04-15,monetary_policy,801790,-,-,True,-0.0017765445653171446,-0.004653
2020-04-15,monetary_policy,801180,-,-,True,-0.0020097730594992656,-0.017715
2020-04-20,monetary_policy,801780,+,+,True,0.005859296588448854,0.007995
2020-04-20,monetary_policy,801790,-,+,False,0.005054556121448736,-0.022017
2020-04-20,monetary_policy,801180,-,+,False,0.008044670801164491,-0.007232
2020-04-20,monetary_policy,801710,+,+,True,0.015228830438349505,0.019768
2020-06-12,capital_market_policy,801790,-,-,True,-0.0002794133212067771,-0.006679
2020-06-12,capital_market_policy,801780,-,+,False,0.000838686488632002,-0.032675
2020-06-12,capital_market_policy,801750,-,-,True,-0.0015390018656693872,-0.0005
2020-08-04,industry_policy,801080,-,+,False,0.01055622153820571,-0.036086
2020-08-04,industry_policy,801750,-,+,False,0.006033643773882415,-0.026273
2020-08-04,industry_policy,801770,-,-,True,-0.003233879116165067,-0.023326
2020-08-17,geopolitical,801080,+,+,True,0.007194562866149922,0.001334
2020-08-17,geopolitical,801880,-,+,False,0.012296536775861823,-0.002362
2020-08-17,geopolitical,801110,-,+,False,0.011700613050411783,-0.023078
2020-08-17,geopolitical,801890,+,+,True,0.00924317120400025,0.009132
2020-08-17,geopolitical,801750,-,+,False,0.0005010637454123803,-0.005062
2020-08-17,geopolitical,801770,-,-,True,-0.0006059246663048011,-0.010742
2020-09-22,industry_policy,801730,+,+,True,0.006460549055485795,0.009221
2020-09-22,industry_policy,801160,-,-,True,-0.002963381366025225,-0.02192
2020-09-22,industry_policy,801050,-,-,True,-0.0054603273717547945,-0.044047
2020-09-22,industry_policy,801770,-,-,True,-0.010181916897998135,-0.026561
2020-11-05,industry_policy,801150,-,+,False,0.0060476115798821185,-0.04837
2020-11-10,industry_policy,801760,-,-,True,-0.004550130682522469,-0.026394
2020-11-10,industry_policy,801750,-,-,True,-0.008112616590940622,-0.033221
2020-12-18,geopolitical,801080,+,-,False,-0.01516474143036064,0.004487
2020-12-18,geopolitical,801880,+,-,False,-0.018915159226596246,0.010864
2020-12-18,geopolitical,801110,+,-,False,-0.004671583856288725,0.005345
2020-12-18,geopolitical,801890,+,-,False,-0.00482731701117131,0.002826
2020-12-18,geopolitical,801750,-,-,True,-0.006851171293317885,-0.056282
2020-12-18,geopolitical,801770,-,-,True,-0.010209305202610222,-0.051321
2020-12-31,capital_market_policy,801790,-,+,False,0.0018871020968996496,-0.040732
2020-12-31,capital_market_policy,801780,-,-,True,-0.004238176079071561,-0.054139
2020-12-31,capital_market_policy,801750,-,-,True,-0.008991006442492106,-0.059735
2021-02-07,industry_policy,801760,+,-,False,-0.01015947503359802,0.026054
2021-02-07,industry_policy,801750,+,-,False,-0.028911040336261584,0.048968
2021-04-10,industry_policy,801760,+,-,False,-0.005081956455907571,0.001891
2021-04-10,industry_policy,801750,+,-,False,-0.005889900402217667,0.025236
2021-06-23,industry_policy,801150,-,+,False,0.006424629111385216,-0.00406
2021-07-09,monetary_policy,801780,-,-,True,-0.03717641701994207,-0.014248
2021-07-09,monetary_policy,801790,+,-,False,-0.06629635494560948,0.004619
2021-07-09,monetary_policy,801180,-,-,True,-0.0170200728923059,-0.019353
2021-07-26,industry_policy,801760,-,-,True,-0.01428684262831569,-0.01686
2021-09-02,capital_market_policy,801790,+,-,False,-0.0027795752849006177,0.018625
2021-09-02,capital_market_policy,801780,+,+,True,0.003784189737169273,0.0032
2021-09-02,capital_market_policy,801750,+,-,False,-0.011190758259181777,0.002422
2021-10-08,industry_policy,801760,+,-,False,-0.012884786004732359,0.019664
2021-10-08,industry_policy,801750,+,-,False,-0.020858465522379403,0.017407
2021-11-26,industry_policy,801150,-,+,False,0.00024907268799469613,-0.01842
2021-12-03,industry_policy,801150,-,-,True,-0.019307997193702055,-0.025461
2021-12-06,monetary_policy,801780,-,-,True,-0.028554118748653,-0.022146
2021-12-06,monetary_policy,801790,+,-,False,-0.014082204251516637,0.004962
2021-12-06,monetary_policy,801180,-,-,True,-0.0014170015665348507,-0.022505
2021-12-20,monetary_policy,801780,-,-,True,-0.009404352503807827,-0.006363
2021-12-20,monetary_policy,801790,-,-,True,-0.01598818456695781,-0.007883
2022-01-17,monetary_policy,801780,+,-,False,-0.001799408275011195,0.029316
2022-01-17,monetary_policy,801790,+,-,False,-0.022530517315739393,0.006263
2022-01-17,monetary_policy,801180,+,+,True,0.001819500593601414,0.018132
2022-01-20,monetary_policy,801780,+,-,False,-0.009916066318381595,0.029385
2022-01-20,monetary_policy,801790,+,-,False,-0.0070780510418856565,0.003165
2022-01-20,monetary_policy,801180,-,-,True,-0.006910858498649713,-0.020592
2022-01-20,monetary_policy,801710,-,+,False,0.0005836493058982747,-0.040695
2022-01-24,monetary_policy,801780,+,+,True,0.006230933610861451,0.024658
2022-01-24,monetary_policy,801790,-,-,True,-0.0051543584969435795,-0.001646
2022-01-24,monetary_policy,801180,+,-,False,-0.008363578907046948,0.004332
2022-04-15,monetary_policy,801780,+,-,False,-0.03340014721704517,0.025073
2022-04-15,monetary_policy,801790,+,-,False,-0.013624138027553596,0.004824
2022-04-15,monetary_policy,801180,-,-,True,-0.006105960980257621,-0.011641
2022-04-25,monetary_policy,801780,-,+,False,0.02664471515140367,-0.032975
2022-04-25,monetary_policy,801790,-,+,False,0.01037915535345548,-0.045323
2022-04-25,monetary_policy,801180,-,+,False,0.005382027801973799,-0.038942
2022-05-20,monetary_policy,801180,-,-,True,-0.01735394387777995,-0.046473
2022-05-20,monetary_policy,801710,-,-,True,-0.016483666288545713,-0.003947
2022-08-15,monetary_policy,801780,-,-,True,-0.02195969108541384,-0.008638
2022-08-15,monetary_policy,801790,-,-,True,-0.009539419755801748,-0.006747
2022-08-15,monetary_policy,801180,+,+,True,0.0013724495607615316,0.039362
2022-08-22,monetary_policy,801780,+,-,False,-0.0020325599431075926,0.005133
2022-08-22,monetary_policy,801790,+,-,False,-0.010045476238090403,0.017386
2022-08-22,monetary_policy,801180,-,-,True,-0.00026694352807046654,-0.013031
2022-08-22,monetary_policy,801710,-,+,False,0.0008623456630529019,-0.02968
2022-09-05,monetary_policy,801780,+,-,False,-0.009435841129502565,0.003115
2022-09-05,monetary_policy,801790,+,-,False,-0.009634283392846037,0.005172
2022-09-05,monetary_policy,801180,+,+,True,0.002653497599537899,0.031812
2022-10-07,geopolitical,801080,+,-,False,-0.01580543034299293,0.032727
2022-10-07,geopolitical,801880,+,-,False,-0.01730460359971716,0.02913
2022-10-07,geopolitical,801110,-,-,True,-0.015712395182564932,-0.019249
2022-10-07,geopolitical,801890,+,-,False,-0.009036223572429789,0.074072
2022-10-07,geopolitical,801750,+,-,False,-0.00493732312074422,0.080184
2022-10-07,geopolitical,801770,+,-,False,-0.009321034726052238,0.051686
2022-10-07,geopolitical,801030,+,-,False,-0.024812328871991574,0.031977
2022-11-25,monetary_policy,801780,+,+,True,0.0027157370468129565,0.003452
2022-11-25,monetary_policy,801790,+,-,False,-0.03347954579322301,0.012493
2022-11-25,monetary_policy,801180,+,-,False,-0.017924392712918173,0.052558
2022-11-25,monetary_policy,801710,+,+,True,0.006403595570181914,0.003928
2022-11-28,industry_policy,801180,-,+,False,0.017320215188258242,-0.000644
2022-11-28,industry_policy,801780,-,-,True,-0.02029922049482173,-0.006354
2022-11-28,industry_policy,801710,+,+,True,0.004414940214425729,0.002945
2023-02-01,capital_market_policy,801790,-,-,True,-0.0020513284303936953,-0.008788
2023-02-01,capital_market_policy,801780,-,-,True,-0.014593475980489195,-0.009393
2023-02-01,capital_market_policy,801750,+,+,True,0.012226885882129897,0.059277
2023-02-17,capital_market_policy,801790,+,+,True,0.010311881664662298,0.008809
2023-02-17,capital_market_policy,801780,+,-,False,-0.007955745730812239,0.012383
2023-02-17,capital_market_policy,801750,-,+,False,0.008052371098393045,-0.011665
2023-03-17,monetary_policy,801780,-,+,False,0.0042480565489413065,-0.023531
2023-03-17,monetary_policy,801790,+,+,True,0.0035854191459282884,0.000899
2023-03-17,monetary_policy,801180,-,-,True,-0.0038959299802114092,-0.011634
2023-05-21,geopolitical,801080,+,-,False,-0.014349423431428083,0.031436
2023-05-21,geopolitical,801750,+,-,False,-0.01901541552403187,0.01449
2023-05-21,geopolitical,801770,+,-,False,-0.010236135105259959,0.045626
2023-06-13,monetary_policy,801780,-,-,True,-0.005493315555077824,-0.054936
2023-06-13,monetary_policy,801790,-,-,True,-0.016812336980604685,-0.029759
2023-06-13,monetary_policy,801180,-,-,True,-0.029407647464195396,-0.053735
2023-06-15,monetary_policy,801780,-,+,False,0.00388330432339285,-0.0257
2023-06-15,monetary_policy,801790,-,-,True,-0.008941516055195057,-0.028583
2023-06-15,monetary_policy,801180,-,-,True,-0.006244396527041426,-0.040061
2023-06-20,monetary_policy,801780,+,-,False,-0.0017272828383454203,0.006226
2023-06-20,monetary_policy,801790,-,+,False,0.006242595408158021,-0.009731
2023-06-20,monetary_policy,801180,-,-,True,-0.013282154794902235,-0.000245
2023-06-20,monetary_policy,801710,-,-,True,-0.0038162761320734246,-0.01003
2023-06-21,industry_policy,801730,+,+,True,0.0003065436952125494,0.038536
2023-06-21,industry_policy,801160,+,+,True,0.0026012551497110376,0.047139
2023-06-21,industry_policy,801880,+,-,False,-0.005272995697261211,0.032289
2023-06-21,industry_policy,801050,+,+,True,0.012686761331083662,0.011856
2023-07-03,geopolitical,801080,+,-,False,-0.0022740724526752326,0.001228
2023-07-03,geopolitical,801880,+,+,True,0.0027452438417170017,0.018994
2023-07-03,geopolitical,801110,-,+,False,0.0025862934433916506,-0.02663
2023-07-03,geopolitical,801890,-,+,False,0.0032348322058368293,-0.015626
2023-07-03,geopolitical,801050,+,-,False,-0.01879280558788844,0.022423
2023-07-03,geopolitical,801030,+,-,False,-0.0019032679877219627,0.004753
2023-07-21,industry_policy,801180,+,-,False,-0.0057922724734760225,0.071235
2023-07-21,industry_policy,801710,+,-,False,-0.0003930953748519105,0.024725
2023-07-21,industry_policy,801780,+,-,False,-0.019941651464062207,0.017932
2023-07-24,capital_market_policy,801790,+,+,True,0.0014300502518074776,0.072335
2023-07-24,capital_market_policy,801780,+,-,False,-0.00721766058676235,0.021393
2023-07-24,capital_market_policy,801750,-,-,True,-0.010581264470647061,-0.024142
2023-07-24,capital_market_policy,801760,-,-,True,-0.026398991768560198,-0.053839
2023-08-09,geopolitical,801080,-,-,True,-0.011436600900909786,-0.0315
2023-08-09,geopolitical,801750,-,-,True,-0.005993698995627469,-0.014792
2023-08-09,geopolitical,801770,-,-,True,-0.010143051518997432,-0.015996
2023-08-15,monetary_policy,801780,+,-,False,-0.028215328759653845,0.025323
2023-08-15,monetary_policy,801790,+,-,False,-0.030392387953885925,0.00605
2023-08-15,monetary_policy,801180,+,-,False,-0.010347573183040203,0.003881
2023-08-15,monetary_policy,801710,+,-,False,-0.00815654793766399,0.021268
2023-08-21,monetary_policy,801780,+,+,True,0.006201006551429374,0.019955
2023-08-21,monetary_policy,801790,+,+,True,0.004771474002116647,0.006448
2023-08-25,industry_policy,801180,+,-,False,-0.022426549810619884,0.011579
2023-08-25,industry_policy,801710,+,-,False,-0.020039602183190744,0.021813
2023-08-25,industry_policy,801780,-,-,True,-0.022654627504013935,-0.013219
2023-08-27,capital_market_policy,801790,-,+,False,0.0012273321081582357,-0.024251
2023-08-27,capital_market_policy,801780,-,-,True,-0.041943266457901154,-0.021008
2023-09-01,capital_market_policy,801790,+,-,False,-0.042703503759259596,0.012669
2023-09-01,capital_market_policy,801780,+,-,False,-0.01709255427502161,0.012026
2023-09-01,capital_market_policy,801750,-,-,True,-0.014767150975103102,-0.010507
2023-09-15,monetary_policy,801780,+,+,True,0.007977159114508092,0.008722
2023-09-15,monetary_policy,801790,+,+,True,0.0030319158696456433,0.013835
2023-09-15,monetary_policy,801180,-,-,True,-0.007802682111149426,-0.003677
2023-10-07,geopolitical,801030,-,-,True,-0.008193346486188354,-0.000342
2023-10-07,geopolitical,801040,+,-,False,-0.024681950695345057,0.003863
2023-10-17,geopolitical,801080,-,-,True,-0.009083462934411039,-0.002796
2023-10-17,geopolitical,801880,-,-,True,-0.009075043355736643,-0.003749
2023-10-17,geopolitical,801110,+,-,False,-0.015900875370271392,0.007465
2023-10-17,geopolitical,801890,-,-,True,-0.005344745211789509,-0.014228
2023-10-17,geopolitical,801750,-,-,True,-0.01417057305995775,-0.032997
2023-10-17,geopolitical,801770,-,-,True,-0.01833091469208781,-0.045323
2023-10-17,geopolitical,801030,+,-,False,-0.0068574028275802945,0.001745
2023-10-20,geopolitical,801080,-,-,True,-0.0018291292241446489,-0.010182
2023-10-20,geopolitical,801880,+,-,False,-0.003526864655025698,0.024832
2023-10-20,geopolitical,801110,-,+,False,0.011869502830786425,-0.002455
2023-10-20,geopolitical,801890,+,-,False,-0.007849474789318387,0.001649
2023-10-20,geopolitical,801050,+,-,False,-0.003138941941056549,0.012059
2023-10-20,geopolitical,801030,+,-,False,-0.01076491369344543,0.016592
2023-10-31,industry_policy,801780,-,+,False,0.002457919851214037,-0.005589
2023-10-31,industry_policy,801790,+,-,False,-0.022877470335452694,0.022559
2023-10-31,industry_policy,801180,+,-,False,-0.025268408014493503,0.004878
2024-01-24,monetary_policy,801780,+,+,True,0.007281349033795853,0.052112
2024-01-24,monetary_policy,801790,+,-,False,-0.009512505280799515,0.029548
2024-01-24,monetary_policy,801180,+,-,False,-0.005869131789701313,0.030768
2024-01-24,monetary_policy,801710,+,-,False,-0.00822348281569966,0.007479
2024-02-05,market_event,801790,-,-,True,-0.012949096568664855,-0.012597
2024-02-05,market_event,801780,-,+,False,0.007823859546847639,-0.034132
2024-02-05,market_event,801750,+,-,False,-0.03409416981657336,0.034151
2024-02-05,market_event,801080,+,-,False,-0.03630324257793486,0.039127
2024-02-07,capital_market_policy,801790,-,-,True,-0.014202815033521544,-0.00335
2024-02-07,capital_market_policy,801780,-,+,False,0.003847340044096494,-0.010135
2024-02-20,monetary_policy,801180,+,-,False,-0.019266789288418018,0.024702
2024-02-20,monetary_policy,801710,+,-,False,-0.007264123337438112,0.01431
2024-02-20,monetary_policy,801780,-,+,False,0.0039809048012942275,-0.010944
2024-03-13,industry_policy,801890,+,+,True,0.011631261648770253,0.02011
2024-03-13,industry_policy,801040,+,-,False,-0.012019242655812643,0.017119
2024-03-13,industry_policy,801030,+,+,True,0.009897357105283628,0.022039
2024-03-13,industry_policy,801880,+,+,True,0.001561954814427622,0.04239
2024-04-12,capital_market_policy,801790,-,-,True,-0.0066067960277464075,-0.003087
2024-04-12,capital_market_policy,801780,+,-,False,-0.008011610468716828,0.028432
2024-05-14,geopolitical,801880,-,-,True,-0.006054509450218531,-0.018169
2024-05-14,geopolitical,801730,-,+,False,0.01561755755297745,-0.024487
2024-05-14,geopolitical,801080,+,+,True,0.007631778107484647,0.00901
2024-05-17,industry_policy,801180,+,+,True,0.02634565009093312,0.027905
2024-05-17,industry_policy,801710,-,+,False,0.011407750528659295,-0.010448
2024-05-17,industry_policy,801780,+,+,True,0.014391486574602036,0.015168
2024-05-24,capital_market_policy,801790,-,+,False,0.008912914333627434,-0.005881
2024-05-24,capital_market_policy,801780,+,-,False,-0.0004593787931221043,0.00228
2024-05-24,capital_market_policy,801750,-,-,True,-0.009439929138852719,-0.001281
2024-06-19,capital_market_policy,801790,-,-,True,-0.00022653380219666354,-0.009075
2024-06-19,capital_market_policy,801780,+,-,False,-0.004698447134380889,0.028208
2024-07-10,capital_market_policy,801790,+,+,True,0.023482013908012373,0.00649
2024-07-10,capital_market_policy,801780,-,+,False,0.012295079688664601,-0.011593
2024-07-10,capital_market_policy,801750,-,-,True,-0.014991048322288708,-0.016594
2024-07-22,monetary_policy,801780,+,+,True,0.006268420131593724,0.023156
2024-07-22,monetary_policy,801790,+,+,True,0.018798594779254565,0.025813
2024-07-22,monetary_policy,801180,+,-,False,-0.010207273125536178,0.001992
2024-07-22,monetary_policy,801710,+,-,False,-0.006119174397206573,0.012554
2024-08-05,market_event,801080,-,-,True,-0.008694734566361564,-0.027684
2024-08-05,market_event,801750,-,-,True,-0.0030100503370602653,-0.042203
2024-08-05,market_event,801790,-,+,False,0.018649892720334987,-0.007489
2024-08-05,market_event,801770,-,-,True,-0.012197215621582819,-0.029484
2024-08-15,geopolitical,801080,-,-,True,-0.0053473484503968865,-0.020521
2024-08-15,geopolitical,801880,-,-,True,-0.010249791452350356,-0.017639
2024-08-15,geopolitical,801110,+,-,False,-0.0065372276878138515,0.012918
2024-08-15,geopolitical,801890,-,-,True,-0.01183708665710446,-0.01801
2024-08-15,geopolitical,801050,+,-,False,-0.012295095135664593,0.008483
2024-08-15,geopolitical,801030,-,-,True,-0.007276000884061357,-0.029439
2024-09-09,capital_market_policy,801080,-,-,True,-0.03273355399217314,-0.014621
2024-09-09,capital_market_policy,801750,+,-,False,-0.02368086207290291,0.011147
2024-09-09,capital_market_policy,801770,+,-,False,-0.022595122566288046,0.03541
2024-09-09,capital_market_policy,801790,+,-,False,-0.02651203418839641,0.019094
2024-09-24,monetary_policy,801780,-,-,True,-0.0038848224995493745,-0.147169
2024-09-24,monetary_policy,801790,+,-,False,-0.012551954842545943,0.165801
2024-09-24,monetary_policy,801180,+,-,False,-0.02292784794002263,0.017341
2024-09-24,monetary_policy,801750,+,+,True,0.0036209392569391307,0.172284
2024-09-26,capital_market_policy,801180,-,-,True,-0.006764044627521571,-0.017305
2024-09-26,capital_market_policy,801710,-,-,True,-0.0028205089744094457,-0.010046
2024-09-26,capital_market_policy,801780,-,-,True,-0.004241676013320072,-0.095562
2024-09-27,capital_market_policy,801080,+,-,False,-0.004761694203600167,0.103524
2024-09-27,capital_market_policy,801750,+,+,True,0.004512031914908327,0.10595
2024-09-27,capital_market_policy,801790,+,+,True,0.028500635984129368,0.076692
2024-09-27,capital_market_policy,801030,-,+,False,0.01551350643886423,-0.02518
2024-10-21,monetary_policy,801780,-,-,True,-0.002424941532668854,-0.034858
2024-10-21,monetary_policy,801790,-,+,False,0.071707488146772,-0.010567
2024-10-21,monetary_policy,801180,+,+,True,0.04080373862287685,0.055497
2024-10-21,monetary_policy,801710,+,+,True,0.019301702442663576,0.068042
2024-10-21,monetary_policy,801750,+,+,True,0.04042423919653519,0.009055
2024-10-29,geopolitical,801880,+,+,True,0.010817521790725346,0.021229
2024-10-29,geopolitical,801730,+,+,True,0.015159190677592888,0.000633
2024-11-08,industry_policy,801780,+,+,True,0.010908524912901365,0.008994
2024-11-08,industry_policy,801710,-,+,False,0.009501732958880448,-0.032636
2024-11-08,industry_policy,801180,-,+,False,0.017496182251027663,-0.076455
2024-12-02,geopolitical,801080,-,+,False,0.008656928559985084,-0.007227
2024-12-02,geopolitical,801770,-,+,False,0.0008664977196542828,-0.003873
2024-12-03,geopolitical,801080,-,-,True,-0.016585591370805737,-0.011904
2024-12-03,geopolitical,801880,+,-,False,-0.010028348997633057,0.007095
2024-12-03,geopolitical,801110,+,-,False,-0.02072136853972952,0.021353
2024-12-03,geopolitical,801890,+,-,False,-0.00569407681134969,0.026975
2024-12-03,geopolitical,801050,-,-,True,-0.00843844762200928,-0.002545
2024-12-03,geopolitical,801030,-,-,True,-0.012609237298507225,-0.004192
2024-12-09,industry_policy,801780,+,+,True,0.0036573536077634085,0.019374
2024-12-09,industry_policy,801790,-,+,False,0.03543253722049156,-0.021323
2024-12-09,industry_policy,801180,-,-,True,-0.009539857529582505,-0.014077
2024-12-09,industry_policy,801710,+,+,True,0.027560377478108838,0.005345
2024-12-12,industry_policy,801780,+,+,True,0.014999010484617381,0.012697
2024-12-12,industry_policy,801790,-,+,False,0.0022266236055824284,-0.02582
2024-12-12,industry_policy,801180,-,+,False,0.0029456262495113684,-0.058034
2024-12-12,industry_policy,801710,-,+,False,0.012866176818774468,-0.03697
2024-12-12,industry_policy,801880,-,+,False,0.009241986826540944,-0.012048
2025-01-13,geopolitical,801080,+,-,False,-0.024735100563625368,0.024881
2025-01-13,geopolitical,801750,+,-,False,-0.031209823468909333,0.040126
2025-01-13,geopolitical,801770,+,-,False,-0.024666440327073463,0.047158
2025-01-15,geopolitical,801080,+,-,False,-0.0013357574481619922,0.032355
2025-01-15,geopolitical,801770,+,-,False,-0.004533293098045165,0.069367
2025-01-15,geopolitical,801750,+,-,False,-0.0026328687516153026,0.003631
2025-01-27,industry_policy,801080,+,-,False,-0.02701700069508961,0.021832
2025-01-27,industry_policy,801750,+,-,False,-0.007163471194554562,0.13677
2025-01-27,industry_policy,801770,-,-,True,-0.009698294503259782,-0.00249
2025-01-27,industry_policy,801760,+,+,True,0.0027514583273616153,0.102936
2025-03-05,industry_policy,801780,-,+,False,0.0073713002130891036,-0.002111
2025-03-05,industry_policy,801790,+,+,True,0.015230374360723244,0.001636
2025-03-05,industry_policy,801180,-,-,True,-0.01527725129579068,-0.027285
2025-04-02,geopolitical,801080,-,-,True,-0.010553671946635819,-0.057707
2025-04-02,geopolitical,801110,-,-,True,-0.0014574145016193522,-0.034593
2025-04-02,geopolitical,801880,-,-,True,-0.0012839509008904467,-0.053564
2025-04-02,geopolitical,801030,-,-,True,-0.003902159153426882,-0.026722
2025-04-02,geopolitical,801050,-,+,False,0.0020117286244547145,-0.033528
2025-04-02,geopolitical,801890,-,-,True,-0.014228815900313631,-0.054115
2025-04-04,geopolitical,801010,+,-,False,-0.016848439922247088,0.067487
2025-04-04,geopolitical,801030,-,-,True,-7.275667512234574e-05,-0.013558
2025-04-04,geopolitical,801050,+,-,False,-0.012059843897056534,0.00632
2025-04-04,geopolitical,801080,-,-,True,-0.016206581004367754,-0.005477
2025-04-07,market_event,801080,-,-,True,-0.016206581004367754,-0.005477
2025-04-07,market_event,801790,-,-,True,-0.018385066308242833,-0.021835
2025-04-07,market_event,801750,-,-,True,-0.030841087533708116,-0.022496
2025-04-07,market_event,801730,-,-,True,-0.01539525718645155,-0.047053
2025-04-07,market_event,801880,-,-,True,-0.013554625068300852,-0.011746
2025-05-07,monetary_policy,801780,+,+,True,0.018184096041268513,0.030974
2025-05-07,monetary_policy,801790,+,+,True,0.0019826063239399595,0.024718
2025-05-07,monetary_policy,801180,-,+,False,0.010529138234567944,-0.033296
2025-05-07,monetary_policy,801710,-,+,False,0.0003870018661754321,-0.022555
2025-05-20,monetary_policy,801780,+,-,False,-0.0002841015776335415,0.016808
2025-05-20,monetary_policy,801790,-,-,True,-0.011697356267515408,-0.007534
2025-05-20,monetary_policy,801180,-,-,True,-0.01113577016799284,-0.01381
2025-05-20,monetary_policy,801710,-,-,True,-0.005469753162761567,-0.01064
