event_date,event_type,event_name,industry_code,direction,magnitude,window,t0,cum_ind_ret,cum_mkt_ret,CAR
2020-02-20,monetary_policy,LPR下调：1年期降至4.05%(-10bp)，5年期降至4.75%(-5bp),801780,+,高,1,2020-02-20,0.009175,0.024234,-0.015059
2020-02-20,monetary_policy,LPR下调：1年期降至4.05%(-10bp)，5年期降至4.75%(-5bp),801790,+,高,1,2020-02-20,0.035928,0.024234,0.011694
2020-02-20,monetary_policy,LPR下调：1年期降至4.05%(-10bp)，5年期降至4.75%(-5bp),801180,+,高,1,2020-02-20,0.001567,0.024234,-0.022667
2020-02-20,monetary_policy,LPR下调：1年期降至4.05%(-10bp)，5年期降至4.75%(-5bp),801780,+,高,5,2020-02-20,-0.0039,0.008285,-0.012185
2020-02-20,monetary_policy,LPR下调：1年期降至4.05%(-10bp)，5年期降至4.75%(-5bp),801790,+,高,5,2020-02-20,0.013485,0.008285,0.0052
2020-02-20,monetary_policy,LPR下调：1年期降至4.05%(-10bp)，5年期降至4.75%(-5bp),801180,+,高,5,2020-02-20,-0.000247,0.008285,-0.008532
2020-02-20,monetary_policy,LPR下调：1年期降至4.05%(-10bp)，5年期降至4.75%(-5bp),801780,+,高,20,2020-02-20,-0.113704,-0.114091,0.000387
2020-02-20,monetary_policy,LPR下调：1年期降至4.05%(-10bp)，5年期降至4.75%(-5bp),801790,+,高,20,2020-02-20,-0.111948,-0.114091,0.002143
2020-02-20,monetary_policy,LPR下调：1年期降至4.05%(-10bp)，5年期降至4.75%(-5bp),801180,+,高,20,2020-02-20,-0.101179,-0.114091,0.012912
2020-04-20,monetary_policy,LPR下调：1年期降至3.85%(-20bp)，5年期降至4.65%(-10bp),801780,+,高,1,2020-04-20,-0.007102,-0.008189,0.001086
2020-04-20,monetary_policy,LPR下调：1年期降至3.85%(-20bp)，5年期降至4.65%(-10bp),801790,+,高,1,2020-04-20,-0.008131,-0.008189,5.8e-05
2020-04-20,monetary_policy,LPR下调：1年期降至3.85%(-20bp)，5年期降至4.65%(-10bp),801180,+,高,1,2020-04-20,-0.013179,-0.008189,-0.004991
2020-04-20,monetary_policy,LPR下调：1年期降至3.85%(-20bp)，5年期降至4.65%(-10bp),801710,+,高,1,2020-04-20,0.030326,-0.008189,0.038514
2020-04-20,monetary_policy,LPR下调：1年期降至3.85%(-20bp)，5年期降至4.65%(-10bp),801780,+,高,5,2020-04-20,0.003641,-0.004354,0.007995
2020-04-20,monetary_policy,LPR下调：1年期降至3.85%(-20bp)，5年期降至4.65%(-10bp),801790,+,高,5,2020-04-20,-0.026371,-0.004354,-0.022017
2020-04-20,monetary_policy,LPR下调：1年期降至3.85%(-20bp)，5年期降至4.65%(-10bp),801180,+,高,5,2020-04-20,-0.011587,-0.004354,-0.007232
2020-04-20,monetary_policy,LPR下调：1年期降至3.85%(-20bp)，5年期降至4.65%(-10bp),801710,+,高,5,2020-04-20,0.015414,-0.004354,0.019768
2020-04-20,monetary_policy,LPR下调：1年期降至3.85%(-20bp)，5年期降至4.65%(-10bp),801780,+,高,20,2020-04-20,0.015505,0.019354,-0.003849
2020-04-20,monetary_policy,LPR下调：1年期降至3.85%(-20bp)，5年期降至4.65%(-10bp),801790,+,高,20,2020-04-20,-0.014618,0.019354,-0.033971
2020-04-20,monetary_policy,LPR下调：1年期降至3.85%(-20bp)，5年期降至4.65%(-10bp),801180,+,高,20,2020-04-20,-0.01352,0.019354,-0.032873
2020-04-20,monetary_policy,LPR下调：1年期降至3.85%(-20bp)，5年期降至4.65%(-10bp),801710,+,高,20,2020-04-20,0.02398,0.019354,0.004626
2020-09-22,industry_policy,双碳目标宣布：2030年碳达峰、2060年碳中和,801730,+,高,1,2020-09-22,0.006902,-0.008335,0.015236
2020-09-22,industry_policy,双碳目标宣布：2030年碳达峰、2060年碳中和,801160,+,高,1,2020-09-22,-0.010676,-0.008335,-0.002341
2020-09-22,industry_policy,双碳目标宣布：2030年碳达峰、2060年碳中和,801050,+,高,1,2020-09-22,-0.031604,-0.008335,-0.023269
2020-09-22,industry_policy,双碳目标宣布：2030年碳达峰、2060年碳中和,801770,+,高,1,2020-09-22,-0.012012,-0.008335,-0.003678
2020-09-22,industry_policy,双碳目标宣布：2030年碳达峰、2060年碳中和,801730,+,高,5,2020-09-22,-0.012016,-0.021236,0.009221
2020-09-22,industry_policy,双碳目标宣布：2030年碳达峰、2060年碳中和,801160,+,高,5,2020-09-22,-0.043156,-0.021236,-0.02192
2020-09-22,industry_policy,双碳目标宣布：2030年碳达峰、2060年碳中和,801050,+,高,5,2020-09-22,-0.065283,-0.021236,-0.044047
2020-09-22,industry_policy,双碳目标宣布：2030年碳达峰、2060年碳中和,801770,+,高,5,2020-09-22,-0.047797,-0.021236,-0.026561
2020-09-22,industry_policy,双碳目标宣布：2030年碳达峰、2060年碳中和,801730,+,高,20,2020-09-22,0.065873,0.009772,0.056101
2020-09-22,industry_policy,双碳目标宣布：2030年碳达峰、2060年碳中和,801160,+,高,20,2020-09-22,-0.038721,0.009772,-0.048493
2020-09-22,industry_policy,双碳目标宣布：2030年碳达峰、2060年碳中和,801050,+,高,20,2020-09-22,-0.02613,0.009772,-0.035902
2020-09-22,industry_policy,双碳目标宣布：2030年碳达峰、2060年碳中和,801770,+,高,20,2020-09-22,-0.04073,0.009772,-0.050502
2021-07-26,industry_policy,教育双减政策：学科类培训机构不得上市融资,801760,-,高,1,2021-07-26,-0.06526,-0.066398,0.001138
2021-07-26,industry_policy,教育双减政策：学科类培训机构不得上市融资,801760,-,高,5,2021-07-26,-0.047413,-0.030553,-0.01686
2021-07-26,industry_policy,教育双减政策：学科类培训机构不得上市融资,801760,-,高,20,2021-07-26,-0.05497,-0.034173,-0.020797
2021-12-06,monetary_policy,央行全面降准0.5个百分点，释放长期资金约1.2万亿元,801780,+,高,1,2021-12-06,0.014116,0.004302,0.009814
2021-12-06,monetary_policy,央行全面降准0.5个百分点，释放长期资金约1.2万亿元,801790,+,高,1,2021-12-06,0.018123,0.004302,0.013821
2021-12-06,monetary_policy,央行全面降准0.5个百分点，释放长期资金约1.2万亿元,801180,+,高,1,2021-12-06,0.012887,0.004302,0.008585
2021-12-06,monetary_policy,央行全面降准0.5个百分点，释放长期资金约1.2万亿元,801780,+,高,5,2021-12-06,0.015149,0.037295,-0.022146
2021-12-06,monetary_policy,央行全面降准0.5个百分点，释放长期资金约1.2万亿元,801790,+,高,5,2021-12-06,0.042257,0.037295,0.004962
2021-12-06,monetary_policy,央行全面降准0.5个百分点，释放长期资金约1.2万亿元,801180,+,高,5,2021-12-06,0.01479,0.037295,-0.022505
2021-12-06,monetary_policy,央行全面降准0.5个百分点，释放长期资金约1.2万亿元,801780,+,高,20,2021-12-06,-0.013404,0.003417,-0.016821
2021-12-06,monetary_policy,央行全面降准0.5个百分点，释放长期资金约1.2万亿元,801790,+,高,20,2021-12-06,0.031179,0.003417,0.027762
2021-12-06,monetary_policy,央行全面降准0.5个百分点，释放长期资金约1.2万亿元,801180,+,高,20,2021-12-06,0.050598,0.003417,0.047181
2021-12-20,monetary_policy,LPR下调：1年期降至3.80%(-5bp)，5年期维持4.65%不变,801780,+,中,1,2021-12-20,0.002801,-0.00833,0.011131
2021-12-20,monetary_policy,LPR下调：1年期降至3.80%(-5bp)，5年期维持4.65%不变,801790,+,中,1,2021-12-20,0.000191,-0.00833,0.008522
2021-12-20,monetary_policy,LPR下调：1年期降至3.80%(-5bp)，5年期维持4.65%不变,801780,+,中,5,2021-12-20,-0.013515,-0.007152,-0.006363
2021-12-20,monetary_policy,LPR下调：1年期降至3.80%(-5bp)，5年期维持4.65%不变,801790,+,中,5,2021-12-20,-0.015035,-0.007152,-0.007883
2021-12-20,monetary_policy,LPR下调：1年期降至3.80%(-5bp)，5年期维持4.65%不变,801780,+,中,20,2021-12-20,0.020065,-0.028541,0.048605
2021-12-20,monetary_policy,LPR下调：1年期降至3.80%(-5bp)，5年期维持4.65%不变,801790,+,中,20,2021-12-20,-0.035846,-0.028541,-0.007306
2022-01-20,monetary_policy,LPR双降：1年期降至3.70%(-10bp)，5年期降至4.60%(-5bp),801780,+,高,1,2022-01-20,0.016831,-0.000223,0.017054
2022-01-20,monetary_policy,LPR双降：1年期降至3.70%(-10bp)，5年期降至4.60%(-5bp),801790,+,高,1,2022-01-20,0.013154,-0.000223,0.013376
2022-01-20,monetary_policy,LPR双降：1年期降至3.70%(-10bp)，5年期降至4.60%(-5bp),801180,+,高,1,2022-01-20,-0.012423,-0.000223,-0.012201
2022-01-20,monetary_policy,LPR双降：1年期降至3.70%(-10bp)，5年期降至4.60%(-5bp),801710,+,高,1,2022-01-20,-0.024139,-0.000223,-0.023917
2022-01-20,monetary_policy,LPR双降：1年期降至3.70%(-10bp)，5年期降至4.60%(-5bp),801780,+,高,5,2022-01-20,-0.004189,-0.033575,0.029385
2022-01-20,monetary_policy,LPR双降：1年期降至3.70%(-10bp)，5年期降至4.60%(-5bp),801790,+,高,5,2022-01-20,-0.03041,-0.033575,0.003165
2022-01-20,monetary_policy,LPR双降：1年期降至3.70%(-10bp)，5年期降至4.60%(-5bp),801180,+,高,5,2022-01-20,-0.054167,-0.033575,-0.020592
2022-01-20,monetary_policy,LPR双降：1年期降至3.70%(-10bp)，5年期降至4.60%(-5bp),801710,+,高,5,2022-01-20,-0.07427,-0.033575,-0.040695
2022-01-20,monetary_policy,LPR双降：1年期降至3.70%(-10bp)，5年期降至4.60%(-5bp),801780,+,高,20,2022-01-20,-0.004453,-0.052519,0.048066
2022-01-20,monetary_policy,LPR双降：1年期降至3.70%(-10bp)，5年期降至4.60%(-5bp),801790,+,高,20,2022-01-20,-0.066626,-0.052519,-0.014107
2022-01-20,monetary_policy,LPR双降：1年期降至3.70%(-10bp)，5年期降至4.60%(-5bp),801180,+,高,20,2022-01-20,-0.051287,-0.052519,0.001231
2022-01-20,monetary_policy,LPR双降：1年期降至3.70%(-10bp)，5年期降至4.60%(-5bp),801710,+,高,20,2022-01-20,-0.080937,-0.052519,-0.028418
2022-04-15,monetary_policy,央行降准0.25个百分点：释放长期资金约5300亿元,801780,+,中,1,2022-04-15,-0.016303,-0.006008,-0.010295
2022-04-15,monetary_policy,央行降准0.25个百分点：释放长期资金约5300亿元,801790,+,中,1,2022-04-15,-0.01621,-0.006008,-0.010201
2022-04-15,monetary_policy,央行降准0.25个百分点：释放长期资金约5300亿元,801180,+,中,1,2022-04-15,0.006727,-0.006008,0.012735
2022-04-15,monetary_policy,央行降准0.25个百分点：释放长期资金约5300亿元,801780,+,中,5,2022-04-15,-0.017469,-0.042542,0.025073
2022-04-15,monetary_policy,央行降准0.25个百分点：释放长期资金约5300亿元,801790,+,中,5,2022-04-15,-0.037718,-0.042542,0.004824
2022-04-15,monetary_policy,央行降准0.25个百分点：释放长期资金约5300亿元,801180,+,中,5,2022-04-15,-0.054184,-0.042542,-0.011641
2022-04-15,monetary_policy,央行降准0.25个百分点：释放长期资金约5300亿元,801780,+,中,20,2022-04-15,-0.072066,-0.017842,-0.054223
2022-04-15,monetary_policy,央行降准0.25个百分点：释放长期资金约5300亿元,801790,+,中,20,2022-04-15,-0.074056,-0.017842,-0.056213
2022-04-15,monetary_policy,央行降准0.25个百分点：释放长期资金约5300亿元,801180,+,中,20,2022-04-15,-0.074358,-0.017842,-0.056516
2022-05-20,monetary_policy,LPR非对称下调：1年期维持3.70%，5年期大降至4.45%(-15bp),801180,+,高,1,2022-05-20,-0.033792,0.013597,-0.047389
2022-05-20,monetary_policy,LPR非对称下调：1年期维持3.70%，5年期大降至4.45%(-15bp),801710,+,高,1,2022-05-20,0.017781,0.013597,0.004184
2022-05-20,monetary_policy,LPR非对称下调：1年期维持3.70%，5年期大降至4.45%(-15bp),801180,+,高,5,2022-05-20,-0.046048,0.000425,-0.046473
2022-05-20,monetary_policy,LPR非对称下调：1年期维持3.70%，5年期大降至4.45%(-15bp),801710,+,高,5,2022-05-20,-0.003521,0.000425,-0.003947
2022-05-20,monetary_policy,LPR非对称下调：1年期维持3.70%，5年期大降至4.45%(-15bp),801180,+,高,20,2022-05-20,-0.049536,0.082717,-0.132253
2022-05-20,monetary_policy,LPR非对称下调：1年期维持3.70%，5年期大降至4.45%(-15bp),801710,+,高,20,2022-05-20,0.051546,0.082717,-0.031171
2022-08-22,monetary_policy,LPR双降：1年期降至3.65%(-5bp)，5年期降至4.30%(-15bp),801780,+,高,1,2022-08-22,-0.010668,0.002411,-0.013079
2022-08-22,monetary_policy,LPR双降：1年期降至3.65%(-5bp)，5年期降至4.30%(-15bp),801790,+,高,1,2022-08-22,-0.001171,0.002411,-0.003582
2022-08-22,monetary_policy,LPR双降：1年期降至3.65%(-5bp)，5年期降至4.30%(-15bp),801180,+,高,1,2022-08-22,-0.005106,0.002411,-0.007517
2022-08-22,monetary_policy,LPR双降：1年期降至3.65%(-5bp)，5年期降至4.30%(-15bp),801710,+,高,1,2022-08-22,-0.02462,0.002411,-0.027031
2022-08-22,monetary_policy,LPR双降：1年期降至3.65%(-5bp)，5年期降至4.30%(-15bp),801780,+,高,5,2022-08-22,-0.009695,-0.014828,0.005133
2022-08-22,monetary_policy,LPR双降：1年期降至3.65%(-5bp)，5年期降至4.30%(-15bp),801790,+,高,5,2022-08-22,0.002558,-0.014828,0.017386
2022-08-22,monetary_policy,LPR双降：1年期降至3.65%(-5bp)，5年期降至4.30%(-15bp),801180,+,高,5,2022-08-22,-0.027859,-0.014828,-0.013031
2022-08-22,monetary_policy,LPR双降：1年期降至3.65%(-5bp)，5年期降至4.30%(-15bp),801710,+,高,5,2022-08-22,-0.044508,-0.014828,-0.02968
2022-08-22,monetary_policy,LPR双降：1年期降至3.65%(-5bp)，5年期降至4.30%(-15bp),801780,+,高,20,2022-08-22,0.00605,-0.052574,0.058623
2022-08-22,monetary_policy,LPR双降：1年期降至3.65%(-5bp)，5年期降至4.30%(-15bp),801790,+,高,20,2022-08-22,-0.046108,-0.052574,0.006465
2022-08-22,monetary_policy,LPR双降：1年期降至3.65%(-5bp)，5年期降至4.30%(-15bp),801180,+,高,20,2022-08-22,0.010419,-0.052574,0.062993
2022-08-22,monetary_policy,LPR双降：1年期降至3.65%(-5bp)，5年期降至4.30%(-15bp),801710,+,高,20,2022-08-22,-0.085598,-0.052574,-0.033024
2022-11-25,monetary_policy,央行降准0.25个百分点：释放长期资金约5000亿元,801780,+,中,1,2022-11-25,0.004715,-0.006273,0.010988
2022-11-25,monetary_policy,央行降准0.25个百分点：释放长期资金约5000亿元,801790,+,中,1,2022-11-25,-0.003493,-0.006273,0.00278
2022-11-25,monetary_policy,央行降准0.25个百分点：释放长期资金约5000亿元,801180,+,中,1,2022-11-25,0.042186,-0.006273,0.048459
2022-11-25,monetary_policy,央行降准0.25个百分点：释放长期资金约5000亿元,801710,+,中,1,2022-11-25,0.011558,-0.006273,0.017831
2022-11-25,monetary_policy,央行降准0.25个百分点：释放长期资金约5000亿元,801780,+,中,5,2022-11-25,0.033835,0.030382,0.003452
2022-11-25,monetary_policy,央行降准0.25个百分点：释放长期资金约5000亿元,801790,+,中,5,2022-11-25,0.042876,0.030382,0.012493
2022-11-25,monetary_policy,央行降准0.25个百分点：释放长期资金约5000亿元,801180,+,中,5,2022-11-25,0.082941,0.030382,0.052558
2022-11-25,monetary_policy,央行降准0.25个百分点：释放长期资金约5000亿元,801710,+,中,5,2022-11-25,0.03431,0.030382,0.003928
2022-11-25,monetary_policy,央行降准0.25个百分点：释放长期资金约5000亿元,801780,+,中,20,2022-11-25,0.035327,0.019008,0.016319
2022-11-25,monetary_policy,央行降准0.25个百分点：释放长期资金约5000亿元,801790,+,中,20,2022-11-25,0.024311,0.019008,0.005303
2022-11-25,monetary_policy,央行降准0.25个百分点：释放长期资金约5000亿元,801180,+,中,20,2022-11-25,0.034685,0.019008,0.015676
2022-11-25,monetary_policy,央行降准0.25个百分点：释放长期资金约5000亿元,801710,+,中,20,2022-11-25,0.010649,0.019008,-0.008359
2022-11-28,industry_policy,房地产金融16条：支持房企合理融资需求,801180,+,高,1,2022-11-28,0.074841,0.01924,0.055601
2022-11-28,industry_policy,房地产金融16条：支持房企合理融资需求,801780,+,高,1,2022-11-28,0.028222,0.01924,0.008982
2022-11-28,industry_policy,房地产金融16条：支持房企合理融资需求,801710,+,高,1,2022-11-28,0.032811,0.01924,0.013571
2022-11-28,industry_policy,房地产金融16条：支持房企合理融资需求,801180,+,高,5,2022-11-28,0.044672,0.045315,-0.000644
2022-11-28,industry_policy,房地产金融16条：支持房企合理融资需求,801780,+,高,5,2022-11-28,0.038961,0.045315,-0.006354
2022-11-28,industry_policy,房地产金融16条：支持房企合理融资需求,801710,+,高,5,2022-11-28,0.04826,0.045315,0.002945
2022-11-28,industry_policy,房地产金融16条：支持房企合理融资需求,801180,+,高,20,2022-11-28,-0.027223,0.017934,-0.045157
2022-11-28,industry_policy,房地产金融16条：支持房企合理融资需求,801780,+,高,20,2022-11-28,0.006077,0.017934,-0.011857
2022-11-28,industry_policy,房地产金融16条：支持房企合理融资需求,801710,+,高,20,2022-11-28,-0.012232,0.017934,-0.030166
2023-03-17,monetary_policy,央行降准0.25个百分点：释放长期资金约5000亿元,801780,+,中,1,2023-03-17,-0.004393,-1.9e-05,-0.004374
2023-03-17,monetary_policy,央行降准0.25个百分点：释放长期资金约5000亿元,801790,+,中,1,2023-03-17,0.008723,-1.9e-05,0.008742
2023-03-17,monetary_policy,央行降准0.25个百分点：释放长期资金约5000亿元,801180,+,中,1,2023-03-17,0.001884,-1.9e-05,0.001903
2023-03-17,monetary_policy,央行降准0.25个百分点：释放长期资金约5000亿元,801780,+,中,5,2023-03-17,-0.001218,0.022313,-0.023531
2023-03-17,monetary_policy,央行降准0.25个百分点：释放长期资金约5000亿元,801790,+,中,5,2023-03-17,0.023212,0.022313,0.000899
2023-03-17,monetary_policy,央行降准0.25个百分点：释放长期资金约5000亿元,801180,+,中,5,2023-03-17,0.010679,0.022313,-0.011634
2023-03-17,monetary_policy,央行降准0.25个百分点：释放长期资金约5000亿元,801780,+,中,20,2023-03-17,0.031739,0.05337,-0.021631
2023-03-17,monetary_policy,央行降准0.25个百分点：释放长期资金约5000亿元,801790,+,中,20,2023-03-17,0.07526,0.05337,0.02189
2023-03-17,monetary_policy,央行降准0.25个百分点：释放长期资金约5000亿元,801180,+,中,20,2023-03-17,0.020508,0.05337,-0.032863
2023-06-20,monetary_policy,LPR双降：1年期降至3.55%(-10bp)，5年期降至4.20%(-10bp),801780,+,高,1,2023-06-20,-0.008209,-0.017013,0.008804
2023-06-20,monetary_policy,LPR双降：1年期降至3.55%(-10bp)，5年期降至4.20%(-10bp),801790,+,高,1,2023-06-20,-0.023639,-0.017013,-0.006627
2023-06-20,monetary_policy,LPR双降：1年期降至3.55%(-10bp)，5年期降至4.20%(-10bp),801180,+,高,1,2023-06-20,-0.029373,-0.017013,-0.01236
2023-06-20,monetary_policy,LPR双降：1年期降至3.55%(-10bp)，5年期降至4.20%(-10bp),801710,+,高,1,2023-06-20,-0.042791,-0.017013,-0.025778
2023-06-20,monetary_policy,LPR双降：1年期降至3.55%(-10bp)，5年期降至4.20%(-10bp),801780,+,高,5,2023-06-20,-0.021519,-0.027745,0.006226
2023-06-20,monetary_policy,LPR双降：1年期降至3.55%(-10bp)，5年期降至4.20%(-10bp),801790,+,高,5,2023-06-20,-0.037476,-0.027745,-0.009731
2023-06-20,monetary_policy,LPR双降：1年期降至3.55%(-10bp)，5年期降至4.20%(-10bp),801180,+,高,5,2023-06-20,-0.02799,-0.027745,-0.000245
2023-06-20,monetary_policy,LPR双降：1年期降至3.55%(-10bp)，5年期降至4.20%(-10bp),801710,+,高,5,2023-06-20,-0.037776,-0.027745,-0.01003
2023-06-20,monetary_policy,LPR双降：1年期降至3.55%(-10bp)，5年期降至4.20%(-10bp),801780,+,高,20,2023-06-20,-0.028829,-0.027274,-0.001555
2023-06-20,monetary_policy,LPR双降：1年期降至3.55%(-10bp)，5年期降至4.20%(-10bp),801790,+,高,20,2023-06-20,-0.00747,-0.027274,0.019804
2023-06-20,monetary_policy,LPR双降：1年期降至3.55%(-10bp)，5年期降至4.20%(-10bp),801180,+,高,20,2023-06-20,-0.017814,-0.027274,0.00946
2023-06-20,monetary_policy,LPR双降：1年期降至3.55%(-10bp)，5年期降至4.20%(-10bp),801710,+,高,20,2023-06-20,-0.024263,-0.027274,0.003011
2023-07-24,capital_market_policy,政治局会议：活跃资本市场，提振投资者信心,801790,+,高,1,2023-07-24,0.051715,0.024387,0.027328
2023-07-24,capital_market_policy,政治局会议：活跃资本市场，提振投资者信心,801780,+,高,1,2023-07-24,0.023892,0.024387,-0.000495
2023-07-24,capital_market_policy,政治局会议：活跃资本市场，提振投资者信心,801750,+,高,1,2023-07-24,0.029852,0.024387,0.005465
2023-07-24,capital_market_policy,政治局会议：活跃资本市场，提振投资者信心,801760,+,高,1,2023-07-24,0.01444,0.024387,-0.009947
2023-07-24,capital_market_policy,政治局会议：活跃资本市场，提振投资者信心,801790,+,高,5,2023-07-24,0.12276,0.050425,0.072335
2023-07-24,capital_market_policy,政治局会议：活跃资本市场，提振投资者信心,801780,+,高,5,2023-07-24,0.071818,0.050425,0.021393
2023-07-24,capital_market_policy,政治局会议：活跃资本市场，提振投资者信心,801750,+,高,5,2023-07-24,0.026283,0.050425,-0.024142
2023-07-24,capital_market_policy,政治局会议：活跃资本市场，提振投资者信心,801760,+,高,5,2023-07-24,-0.003414,0.050425,-0.053839
2023-07-24,capital_market_policy,政治局会议：活跃资本市场，提振投资者信心,801790,+,高,20,2023-07-24,0.061917,-0.024165,0.086081
2023-07-24,capital_market_policy,政治局会议：活跃资本市场，提振投资者信心,801780,+,高,20,2023-07-24,0.003862,-0.024165,0.028026
2023-07-24,capital_market_policy,政治局会议：活跃资本市场，提振投资者信心,801750,+,高,20,2023-07-24,-0.028648,-0.024165,-0.004484
2023-07-24,capital_market_policy,政治局会议：活跃资本市场，提振投资者信心,801760,+,高,20,2023-07-24,-0.068952,-0.024165,-0.044787
2023-08-15,monetary_policy,央行降息：MLF降15bp至2.50%、7天逆回购降10bp至1.80%,801780,+,高,1,2023-08-15,0.008846,-0.009744,0.01859
2023-08-15,monetary_policy,央行降息：MLF降15bp至2.50%、7天逆回购降10bp至1.80%,801790,+,高,1,2023-08-15,0.013479,-0.009744,0.023223
2023-08-15,monetary_policy,央行降息：MLF降15bp至2.50%、7天逆回购降10bp至1.80%,801180,+,高,1,2023-08-15,0.01485,-0.009744,0.024594
2023-08-15,monetary_policy,央行降息：MLF降15bp至2.50%、7天逆回购降10bp至1.80%,801710,+,高,1,2023-08-15,0.003114,-0.009744,0.012858
2023-08-15,monetary_policy,央行降息：MLF降15bp至2.50%、7天逆回购降10bp至1.80%,801780,+,高,5,2023-08-15,-1e-05,-0.025332,0.025323
2023-08-15,monetary_policy,央行降息：MLF降15bp至2.50%、7天逆回购降10bp至1.80%,801790,+,高,5,2023-08-15,-0.019282,-0.025332,0.00605
2023-08-15,monetary_policy,央行降息：MLF降15bp至2.50%、7天逆回购降10bp至1.80%,801180,+,高,5,2023-08-15,-0.021451,-0.025332,0.003881
2023-08-15,monetary_policy,央行降息：MLF降15bp至2.50%、7天逆回购降10bp至1.80%,801710,+,高,5,2023-08-15,-0.004065,-0.025332,0.021268
2023-08-15,monetary_policy,央行降息：MLF降15bp至2.50%、7天逆回购降10bp至1.80%,801780,+,高,20,2023-08-15,0.003769,-0.026139,0.029908
2023-08-15,monetary_policy,央行降息：MLF降15bp至2.50%、7天逆回购降10bp至1.80%,801790,+,高,20,2023-08-15,-0.040745,-0.026139,-0.014606
2023-08-15,monetary_policy,央行降息：MLF降15bp至2.50%、7天逆回购降10bp至1.80%,801180,+,高,20,2023-08-15,-0.041536,-0.026139,-0.015397
2023-08-15,monetary_policy,央行降息：MLF降15bp至2.50%、7天逆回购降10bp至1.80%,801710,+,高,20,2023-08-15,-0.017938,-0.026139,0.008201
2023-08-21,monetary_policy,LPR非对称下调：1年期降至3.45%(-10bp)，5年期维持4.20%,801780,+,中,1,2023-08-21,-0.005213,-0.006812,0.0016
2023-08-21,monetary_policy,LPR非对称下调：1年期降至3.45%(-10bp)，5年期维持4.20%,801790,+,中,1,2023-08-21,-0.016902,-0.006812,-0.01009
2023-08-21,monetary_policy,LPR非对称下调：1年期降至3.45%(-10bp)，5年期维持4.20%,801780,+,中,5,2023-08-21,0.011661,-0.008294,0.019955
2023-08-21,monetary_policy,LPR非对称下调：1年期降至3.45%(-10bp)，5年期维持4.20%,801790,+,中,5,2023-08-21,-0.001846,-0.008294,0.006448
2023-08-21,monetary_policy,LPR非对称下调：1年期降至3.45%(-10bp)，5年期维持4.20%,801780,+,中,20,2023-08-21,0.010149,-0.011923,0.022072
2023-08-21,monetary_policy,LPR非对称下调：1年期降至3.45%(-10bp)，5年期维持4.20%,801790,+,中,20,2023-08-21,-0.039693,-0.011923,-0.027771
2023-08-27,capital_market_policy,证监会：印花税减半、阶段性收紧IPO、规范减持,801790,+,高,1,2023-08-28,0.020758,0.021826,-0.001068
2023-08-27,capital_market_policy,证监会：印花税减半、阶段性收紧IPO、规范减持,801780,+,高,1,2023-08-28,0.001947,0.021826,-0.019878
2023-08-27,capital_market_policy,证监会：印花税减半、阶段性收紧IPO、规范减持,801790,+,高,5,2023-08-28,0.013439,0.037691,-0.024251
2023-08-27,capital_market_policy,证监会：印花税减半、阶段性收紧IPO、规范减持,801780,+,高,5,2023-08-28,0.016682,0.037691,-0.021008
2023-08-27,capital_market_policy,证监会：印花税减半、阶段性收紧IPO、规范减持,801790,+,高,20,2023-08-28,-0.022756,0.000537,-0.023293
2023-08-27,capital_market_policy,证监会：印花税减半、阶段性收紧IPO、规范减持,801780,+,高,20,2023-08-28,0.017871,0.000537,0.017334
2023-09-15,monetary_policy,央行降准0.25个百分点：释放长期资金约5000亿元,801780,+,中,1,2023-09-15,-0.003347,-0.001553,-0.001794
2023-09-15,monetary_policy,央行降准0.25个百分点：释放长期资金约5000亿元,801790,+,中,1,2023-09-15,-0.002308,-0.001553,-0.000755
2023-09-15,monetary_policy,央行降准0.25个百分点：释放长期资金约5000亿元,801180,+,中,1,2023-09-15,-0.007215,-0.001553,-0.005662
2023-09-15,monetary_policy,央行降准0.25个百分点：释放长期资金约5000亿元,801780,+,中,5,2023-09-15,0.010175,0.001453,0.008722
2023-09-15,monetary_policy,央行降准0.25个百分点：释放长期资金约5000亿元,801790,+,中,5,2023-09-15,0.015288,0.001453,0.013835
2023-09-15,monetary_policy,央行降准0.25个百分点：释放长期资金约5000亿元,801180,+,中,5,2023-09-15,-0.002224,0.001453,-0.003677
2023-09-15,monetary_policy,央行降准0.25个百分点：释放长期资金约5000亿元,801780,+,中,20,2023-09-15,-0.02621,-0.069442,0.043233
2023-09-15,monetary_policy,央行降准0.25个百分点：释放长期资金约5000亿元,801790,+,中,20,2023-09-15,-0.053196,-0.069442,0.016246
2023-09-15,monetary_policy,央行降准0.25个百分点：释放长期资金约5000亿元,801180,+,中,20,2023-09-15,-0.118886,-0.069442,-0.049443
2023-10-07,geopolitical,巴以冲突爆发：哈马斯袭击以色列引发中东局势骤紧,801030,+,高,1,2023-10-09,-0.008549,-0.008779,0.00023
2023-10-07,geopolitical,巴以冲突爆发：哈马斯袭击以色列引发中东局势骤紧,801040,+,高,1,2023-10-09,-0.010904,-0.008779,-0.002125
2023-10-07,geopolitical,巴以冲突爆发：哈马斯袭击以色列引发中东局势骤紧,801030,+,高,5,2023-10-09,-0.017396,-0.017054,-0.000342
2023-10-07,geopolitical,巴以冲突爆发：哈马斯袭击以色列引发中东局势骤紧,801040,+,高,5,2023-10-09,-0.013191,-0.017054,0.003863
2023-10-07,geopolitical,巴以冲突爆发：哈马斯袭击以色列引发中东局势骤紧,801030,+,高,20,2023-10-09,-0.004132,-0.015425,0.011293
2023-10-07,geopolitical,巴以冲突爆发：哈马斯袭击以色列引发中东局势骤紧,801040,+,高,20,2023-10-09,-0.022323,-0.015425,-0.006899
2023-10-31,industry_policy,中央金融工作会议：加快建设金融强国（五年一度重磅会议）,801780,+,高,1,2023-10-31,0.00162,-0.003556,0.005177
2023-10-31,industry_policy,中央金融工作会议：加快建设金融强国（五年一度重磅会议）,801790,+,高,1,2023-10-31,0.000445,-0.003556,0.004002
2023-10-31,industry_policy,中央金融工作会议：加快建设金融强国（五年一度重磅会议）,801180,+,高,1,2023-10-31,-0.00532,-0.003556,-0.001764
2023-10-31,industry_policy,中央金融工作会议：加快建设金融强国（五年一度重磅会议）,801780,+,高,5,2023-10-31,0.004453,0.010042,-0.005589
2023-10-31,industry_policy,中央金融工作会议：加快建设金融强国（五年一度重磅会议）,801790,+,高,5,2023-10-31,0.032601,0.010042,0.022559
2023-10-31,industry_policy,中央金融工作会议：加快建设金融强国（五年一度重磅会议）,801180,+,高,5,2023-10-31,0.014919,0.010042,0.004878
2023-10-31,industry_policy,中央金融工作会议：加快建设金融强国（五年一度重磅会议）,801780,+,高,20,2023-10-31,-0.014614,-0.018207,0.003592
2023-10-31,industry_policy,中央金融工作会议：加快建设金融强国（五年一度重磅会议）,801790,+,高,20,2023-10-31,-0.019974,-0.018207,-0.001768
2023-10-31,industry_policy,中央金融工作会议：加快建设金融强国（五年一度重磅会议）,801180,+,高,20,2023-10-31,0.014831,-0.018207,0.033038
2024-01-24,monetary_policy,央行降准0.5pp+支农支小再贷款利率降25bp,801780,+,高,1,2024-01-24,0.031303,0.03434,-0.003038
2024-01-24,monetary_policy,央行降准0.5pp+支农支小再贷款利率降25bp,801790,+,高,1,2024-01-24,0.061118,0.03434,0.026778
2024-01-24,monetary_policy,央行降准0.5pp+支农支小再贷款利率降25bp,801180,+,高,1,2024-01-24,0.0918,0.03434,0.057459
2024-01-24,monetary_policy,央行降准0.5pp+支农支小再贷款利率降25bp,801710,+,高,1,2024-01-24,0.054313,0.03434,0.019972
2024-01-24,monetary_policy,央行降准0.5pp+支农支小再贷款利率降25bp,801780,+,高,5,2024-01-24,0.046981,-0.00513,0.052112
2024-01-24,monetary_policy,央行降准0.5pp+支农支小再贷款利率降25bp,801790,+,高,5,2024-01-24,0.024418,-0.00513,0.029548
2024-01-24,monetary_policy,央行降准0.5pp+支农支小再贷款利率降25bp,801180,+,高,5,2024-01-24,0.025638,-0.00513,0.030768
2024-01-24,monetary_policy,央行降准0.5pp+支农支小再贷款利率降25bp,801710,+,高,5,2024-01-24,0.002349,-0.00513,0.007479
2024-01-24,monetary_policy,央行降准0.5pp+支农支小再贷款利率降25bp,801780,+,高,20,2024-01-24,0.092908,0.08792,0.004989
2024-01-24,monetary_policy,央行降准0.5pp+支农支小再贷款利率降25bp,801790,+,高,20,2024-01-24,0.09052,0.08792,0.0026
2024-01-24,monetary_policy,央行降准0.5pp+支农支小再贷款利率降25bp,801180,+,高,20,2024-01-24,0.048979,0.08792,-0.038941
2024-01-24,monetary_policy,央行降准0.5pp+支农支小再贷款利率降25bp,801710,+,高,20,2024-01-24,0.046046,0.08792,-0.041873
2024-02-05,market_event,A股春节前急跌：沪指失守2700后V型反转,801790,-,高,1,2024-02-05,0.035136,0.041534,-0.006399
2024-02-05,market_event,A股春节前急跌：沪指失守2700后V型反转,801780,-,高,1,2024-02-05,0.02373,0.041534,-0.017804
2024-02-05,market_event,A股春节前急跌：沪指失守2700后V型反转,801750,-,高,1,2024-02-05,-0.012478,0.041534,-0.054012
2024-02-05,market_event,A股春节前急跌：沪指失守2700后V型反转,801080,-,高,1,2024-02-05,0.023275,0.041534,-0.018259
2024-02-05,market_event,A股春节前急跌：沪指失守2700后V型反转,801790,-,高,5,2024-02-05,0.060124,0.072721,-0.012597
2024-02-05,market_event,A股春节前急跌：沪指失守2700后V型反转,801780,-,高,5,2024-02-05,0.038589,0.072721,-0.034132
2024-02-05,market_event,A股春节前急跌：沪指失守2700后V型反转,801750,-,高,5,2024-02-05,0.106872,0.072721,0.034151
2024-02-05,market_event,A股春节前急跌：沪指失守2700后V型反转,801080,-,高,5,2024-02-05,0.111848,0.072721,0.039127
2024-02-05,market_event,A股春节前急跌：沪指失守2700后V型反转,801790,-,高,20,2024-02-05,0.090678,0.13142,-0.040741
2024-02-05,market_event,A股春节前急跌：沪指失守2700后V型反转,801780,-,高,20,2024-02-05,0.040581,0.13142,-0.090839
2024-02-05,market_event,A股春节前急跌：沪指失守2700后V型反转,801750,-,高,20,2024-02-05,0.273638,0.13142,0.142218
2024-02-05,market_event,A股春节前急跌：沪指失守2700后V型反转,801080,-,高,20,2024-02-05,0.257263,0.13142,0.125843
2024-02-07,capital_market_policy,证监会主席换帅：吴清接任易会满,801790,+,中,1,2024-02-07,0.024626,0.016076,0.00855
2024-02-07,capital_market_policy,证监会主席换帅：吴清接任易会满,801780,+,中,1,2024-02-07,-0.011636,0.016076,-0.027712
2024-02-07,capital_market_policy,证监会主席换帅：吴清接任易会满,801790,+,中,5,2024-02-07,0.049488,0.052838,-0.00335
2024-02-07,capital_market_policy,证监会主席换帅：吴清接任易会满,801780,+,中,5,2024-02-07,0.042703,0.052838,-0.010135
2024-02-07,capital_market_policy,证监会主席换帅：吴清接任易会满,801790,+,中,20,2024-02-07,0.026857,0.07565,-0.048793
2024-02-07,capital_market_policy,证监会主席换帅：吴清接任易会满,801780,+,中,20,2024-02-07,0.006726,0.07565,-0.068924
2024-02-20,monetary_policy,LPR非对称下调：1年期维持3.45%，5年期大降至3.95%(-25bp),801180,+,高,1,2024-02-20,0.030277,0.015589,0.014687
2024-02-20,monetary_policy,LPR非对称下调：1年期维持3.45%，5年期大降至3.95%(-25bp),801710,+,高,1,2024-02-20,0.022952,0.015589,0.007363
2024-02-20,monetary_policy,LPR非对称下调：1年期维持3.45%，5年期大降至3.95%(-25bp),801780,+,高,1,2024-02-20,0.034297,0.015589,0.018708
2024-02-20,monetary_policy,LPR非对称下调：1年期维持3.45%，5年期大降至3.95%(-25bp),801180,+,高,5,2024-02-20,0.051431,0.026729,0.024702
2024-02-20,monetary_policy,LPR非对称下调：1年期维持3.45%，5年期大降至3.95%(-25bp),801710,+,高,5,2024-02-20,0.041039,0.026729,0.01431
2024-02-20,monetary_policy,LPR非对称下调：1年期维持3.45%，5年期大降至3.95%(-25bp),801780,+,高,5,2024-02-20,0.015784,0.026729,-0.010944
2024-02-20,monetary_policy,LPR非对称下调：1年期维持3.45%，5年期大降至3.95%(-25bp),801180,+,高,20,2024-02-20,0.022075,0.051067,-0.028992
2024-02-20,monetary_policy,LPR非对称下调：1年期维持3.45%，5年期大降至3.95%(-25bp),801710,+,高,20,2024-02-20,0.046335,0.051067,-0.004732
2024-02-20,monetary_policy,LPR非对称下调：1年期维持3.45%，5年期大降至3.95%(-25bp),801780,+,高,20,2024-02-20,-0.004752,0.051067,-0.055819
2024-03-13,industry_policy,推动大规模设备更新和消费品以旧换新行动方案,801890,+,高,1,2024-03-13,-0.005834,-0.009804,0.003971
2024-03-13,industry_policy,推动大规模设备更新和消费品以旧换新行动方案,801040,+,高,1,2024-03-13,-0.005606,-0.009804,0.004198
2024-03-13,industry_policy,推动大规模设备更新和消费品以旧换新行动方案,801030,+,高,1,2024-03-13,-0.010048,-0.009804,-0.000244
2024-03-13,industry_policy,推动大规模设备更新和消费品以旧换新行动方案,801880,+,高,1,2024-03-13,0.007921,-0.009804,0.017726
2024-03-13,industry_policy,推动大规模设备更新和消费品以旧换新行动方案,801890,+,高,5,2024-03-13,0.016743,-0.003366,0.02011
2024-03-13,industry_policy,推动大规模设备更新和消费品以旧换新行动方案,801040,+,高,5,2024-03-13,0.013752,-0.003366,0.017119
2024-03-13,industry_policy,推动大规模设备更新和消费品以旧换新行动方案,801030,+,高,5,2024-03-13,0.018672,-0.003366,0.022039
2024-03-13,industry_policy,推动大规模设备更新和消费品以旧换新行动方案,801880,+,高,5,2024-03-13,0.039024,-0.003366,0.04239
2024-03-13,industry_policy,推动大规模设备更新和消费品以旧换新行动方案,801890,+,高,20,2024-03-13,-0.02054,-0.033817,0.013277
2024-03-13,industry_policy,推动大规模设备更新和消费品以旧换新行动方案,801040,+,高,20,2024-03-13,0.024239,-0.033817,0.058055
2024-03-13,industry_policy,推动大规模设备更新和消费品以旧换新行动方案,801030,+,高,20,2024-03-13,0.02627,-0.033817,0.060087
2024-03-13,industry_policy,推动大规模设备更新和消费品以旧换新行动方案,801880,+,高,20,2024-03-13,0.009403,-0.033817,0.04322
2024-04-12,capital_market_policy,国务院新国九条：推动资本市场高质量发展,801790,+,高,1,2024-04-12,-0.002134,0.012793,-0.014927
2024-04-12,capital_market_policy,国务院新国九条：推动资本市场高质量发展,801780,+,高,1,2024-04-12,0.012868,0.012793,7.5e-05
2024-04-12,capital_market_policy,国务院新国九条：推动资本市场高质量发展,801790,+,高,5,2024-04-12,0.007591,0.010678,-0.003087
2024-04-12,capital_market_policy,国务院新国九条：推动资本市场高质量发展,801780,+,高,5,2024-04-12,0.039109,0.010678,0.028432
2024-04-12,capital_market_policy,国务院新国九条：推动资本市场高质量发展,801790,+,高,20,2024-04-12,0.054409,0.034761,0.019648
2024-04-12,capital_market_policy,国务院新国九条：推动资本市场高质量发展,801780,+,高,20,2024-04-12,0.05702,0.034761,0.022259
2024-05-14,geopolitical,美国对华301关税：电动车100%+电池25%+太阳能50%,801880,-,高,1,2024-05-14,-0.006443,-0.010542,0.0041
2024-05-14,geopolitical,美国对华301关税：电动车100%+电池25%+太阳能50%,801730,-,高,1,2024-05-14,-0.015339,-0.010542,-0.004796
2024-05-14,geopolitical,美国对华301关税：电动车100%+电池25%+太阳能50%,801080,-,高,1,2024-05-14,-0.007356,-0.010542,0.003186
2024-05-14,geopolitical,美国对华301关税：电动车100%+电池25%+太阳能50%,801880,-,高,5,2024-05-14,-0.015039,0.00313,-0.018169
2024-05-14,geopolitical,美国对华301关税：电动车100%+电池25%+太阳能50%,801730,-,高,5,2024-05-14,-0.021358,0.00313,-0.024487
2024-05-14,geopolitical,美国对华301关税：电动车100%+电池25%+太阳能50%,801080,-,高,5,2024-05-14,0.01214,0.00313,0.00901
2024-05-14,geopolitical,美国对华301关税：电动车100%+电池25%+太阳能50%,801880,-,高,20,2024-05-14,-0.050527,-0.0329,-0.017627
2024-05-14,geopolitical,美国对华301关税：电动车100%+电池25%+太阳能50%,801730,-,高,20,2024-05-14,-0.067493,-0.0329,-0.034594
2024-05-14,geopolitical,美国对华301关税：电动车100%+电池25%+太阳能50%,801080,-,高,20,2024-05-14,0.034548,-0.0329,0.067448
2024-05-17,industry_policy,房地产新政5·17：取消房贷利率下限+首付15%+3000亿保障房再贷款,801180,+,高,1,2024-05-17,0.058346,0.013901,0.044446
2024-05-17,industry_policy,房地产新政5·17：取消房贷利率下限+首付15%+3000亿保障房再贷款,801710,+,高,1,2024-05-17,0.018979,0.013901,0.005078
2024-05-17,industry_policy,房地产新政5·17：取消房贷利率下限+首付15%+3000亿保障房再贷款,801780,+,高,1,2024-05-17,0.006949,0.013901,-0.006951
2024-05-17,industry_policy,房地产新政5·17：取消房贷利率下限+首付15%+3000亿保障房再贷款,801180,+,高,5,2024-05-17,0.017224,-0.010681,0.027905
2024-05-17,industry_policy,房地产新政5·17：取消房贷利率下限+首付15%+3000亿保障房再贷款,801710,+,高,5,2024-05-17,-0.021129,-0.010681,-0.010448
2024-05-17,industry_policy,房地产新政5·17：取消房贷利率下限+首付15%+3000亿保障房再贷款,801780,+,高,5,2024-05-17,0.004486,-0.010681,0.015168
2024-05-17,industry_policy,房地产新政5·17：取消房贷利率下限+首付15%+3000亿保障房再贷款,801180,+,高,20,2024-05-17,-0.082609,-0.028613,-0.053996
2024-05-17,industry_policy,房地产新政5·17：取消房贷利率下限+首付15%+3000亿保障房再贷款,801710,+,高,20,2024-05-17,-0.120753,-0.028613,-0.09214
2024-05-17,industry_policy,房地产新政5·17：取消房贷利率下限+首付15%+3000亿保障房再贷款,801780,+,高,20,2024-05-17,-0.046532,-0.028613,-0.017919
2024-06-19,capital_market_policy,国资委：央企市值管理纳入业绩考核,801790,+,中,1,2024-06-19,-0.018408,-0.011933,-0.006475
2024-06-19,capital_market_policy,国资委：央企市值管理纳入业绩考核,801780,+,中,1,2024-06-19,0.005703,-0.011933,0.017636
2024-06-19,capital_market_policy,国资委：央企市值管理纳入业绩考核,801790,+,中,5,2024-06-19,-0.0275,-0.018424,-0.009075
2024-06-19,capital_market_policy,国资委：央企市值管理纳入业绩考核,801780,+,中,5,2024-06-19,0.009783,-0.018424,0.028208
2024-06-19,capital_market_policy,国资委：央企市值管理纳入业绩考核,801790,+,中,20,2024-06-19,-0.042708,-0.012411,-0.030297
2024-06-19,capital_market_policy,国资委：央企市值管理纳入业绩考核,801780,+,中,20,2024-06-19,0.038016,-0.012411,0.050427
2024-07-22,monetary_policy,LPR双降：1年期降至3.35%(-10bp)，5年期降至3.85%(-10bp),801780,+,高,1,2024-07-22,-0.007061,-0.028013,0.020952
2024-07-22,monetary_policy,LPR双降：1年期降至3.35%(-10bp)，5年期降至3.85%(-10bp),801790,+,高,1,2024-07-22,-0.014217,-0.028013,0.013796
2024-07-22,monetary_policy,LPR双降：1年期降至3.35%(-10bp)，5年期降至3.85%(-10bp),801180,+,高,1,2024-07-22,-0.021307,-0.028013,0.006705
2024-07-22,monetary_policy,LPR双降：1年期降至3.35%(-10bp)，5年期降至3.85%(-10bp),801710,+,高,1,2024-07-22,-0.026435,-0.028013,0.001578
2024-07-22,monetary_policy,LPR双降：1年期降至3.35%(-10bp)，5年期降至3.85%(-10bp),801780,+,高,5,2024-07-22,-0.018741,-0.041897,0.023156
2024-07-22,monetary_policy,LPR双降：1年期降至3.35%(-10bp)，5年期降至3.85%(-10bp),801790,+,高,5,2024-07-22,-0.016084,-0.041897,0.025813
2024-07-22,monetary_policy,LPR双降：1年期降至3.35%(-10bp)，5年期降至3.85%(-10bp),801180,+,高,5,2024-07-22,-0.039905,-0.041897,0.001992
2024-07-22,monetary_policy,LPR双降：1年期降至3.35%(-10bp)，5年期降至3.85%(-10bp),801710,+,高,5,2024-07-22,-0.029343,-0.041897,0.012554
2024-07-22,monetary_policy,LPR双降：1年期降至3.35%(-10bp)，5年期降至3.85%(-10bp),801780,+,高,20,2024-07-22,0.006959,-0.05144,0.058399
2024-07-22,monetary_policy,LPR双降：1年期降至3.35%(-10bp)，5年期降至3.85%(-10bp),801790,+,高,20,2024-07-22,7.4e-05,-0.05144,0.051515
2024-07-22,monetary_policy,LPR双降：1年期降至3.35%(-10bp)，5年期降至3.85%(-10bp),801180,+,高,20,2024-07-22,-0.025651,-0.05144,0.025789
2024-07-22,monetary_policy,LPR双降：1年期降至3.35%(-10bp)，5年期降至3.85%(-10bp),801710,+,高,20,2024-07-22,-0.055163,-0.05144,-0.003723
2024-08-05,market_event,全球科技股黑色星期一：日股暴跌12.4%+美科技股急挫联动,801080,-,高,1,2024-08-05,-0.038579,-0.012236,-0.026342
2024-08-05,market_event,全球科技股黑色星期一：日股暴跌12.4%+美科技股急挫联动,801750,-,高,1,2024-08-05,-0.022715,-0.012236,-0.010479
2024-08-05,market_event,全球科技股黑色星期一：日股暴跌12.4%+美科技股急挫联动,801790,-,高,1,2024-08-05,-0.012354,-0.012236,-0.000118
2024-08-05,market_event,全球科技股黑色星期一：日股暴跌12.4%+美科技股急挫联动,801770,-,高,1,2024-08-05,-0.032616,-0.012236,-0.020379
2024-08-05,market_event,全球科技股黑色星期一：日股暴跌12.4%+美科技股急挫联动,801080,-,高,5,2024-08-05,-0.044977,-0.017293,-0.027684
2024-08-05,market_event,全球科技股黑色星期一：日股暴跌12.4%+美科技股急挫联动,801750,-,高,5,2024-08-05,-0.059496,-0.017293,-0.042203
2024-08-05,market_event,全球科技股黑色星期一：日股暴跌12.4%+美科技股急挫联动,801790,-,高,5,2024-08-05,-0.024783,-0.017293,-0.007489
2024-08-05,market_event,全球科技股黑色星期一：日股暴跌12.4%+美科技股急挫联动,801770,-,高,5,2024-08-05,-0.046777,-0.017293,-0.029484
2024-08-05,market_event,全球科技股黑色星期一：日股暴跌12.4%+美科技股急挫联动,801080,-,高,20,2024-08-05,-0.055273,-0.035274,-0.019999
2024-08-05,market_event,全球科技股黑色星期一：日股暴跌12.4%+美科技股急挫联动,801750,-,高,20,2024-08-05,-0.072842,-0.035274,-0.037568
2024-08-05,market_event,全球科技股黑色星期一：日股暴跌12.4%+美科技股急挫联动,801790,-,高,20,2024-08-05,-0.015338,-0.035274,0.019936
2024-08-05,market_event,全球科技股黑色星期一：日股暴跌12.4%+美科技股急挫联动,801770,-,高,20,2024-08-05,-0.058396,-0.035274,-0.023122
2024-09-09,capital_market_policy,证监会科八条：进一步强化科创板硬科技定位,801080,+,中,1,2024-09-09,0.003601,-0.011014,0.014615
2024-09-09,capital_market_policy,证监会科八条：进一步强化科创板硬科技定位,801750,+,中,1,2024-09-09,0.011157,-0.011014,0.022171
2024-09-09,capital_market_policy,证监会科八条：进一步强化科创板硬科技定位,801770,+,中,1,2024-09-09,0.01867,-0.011014,0.029684
2024-09-09,capital_market_policy,证监会科八条：进一步强化科创板硬科技定位,801790,+,中,1,2024-09-09,-0.00883,-0.011014,0.002184
2024-09-09,capital_market_policy,证监会科八条：进一步强化科创板硬科技定位,801080,+,中,5,2024-09-09,-0.033293,-0.018672,-0.014621
2024-09-09,capital_market_policy,证监会科八条：进一步强化科创板硬科技定位,801750,+,中,5,2024-09-09,-0.007525,-0.018672,0.011147
2024-09-09,capital_market_policy,证监会科八条：进一步强化科创板硬科技定位,801770,+,中,5,2024-09-09,0.016738,-0.018672,0.03541
2024-09-09,capital_market_policy,证监会科八条：进一步强化科创板硬科技定位,801790,+,中,5,2024-09-09,0.000422,-0.018672,0.019094
2024-09-09,capital_market_policy,证监会科八条：进一步强化科创板硬科技定位,801080,+,中,20,2024-09-09,0.261921,0.185756,0.076164
2024-09-09,capital_market_policy,证监会科八条：进一步强化科创板硬科技定位,801750,+,中,20,2024-09-09,0.409959,0.185756,0.224203
2024-09-09,capital_market_policy,证监会科八条：进一步强化科创板硬科技定位,801770,+,中,20,2024-09-09,0.254985,0.185756,0.069229
2024-09-09,capital_market_policy,证监会科八条：进一步强化科创板硬科技定位,801790,+,中,20,2024-09-09,0.341335,0.185756,0.155579
2024-09-24,monetary_policy,央行、金监总局、证监会联合发布一揽子金融政策,801780,+,高,1,2024-09-24,0.063141,0.058756,0.004385
2024-09-24,monetary_policy,央行、金监总局、证监会联合发布一揽子金融政策,801790,+,高,1,2024-09-24,0.084835,0.058756,0.026079
2024-09-24,monetary_policy,央行、金监总局、证监会联合发布一揽子金融政策,801180,+,高,1,2024-09-24,0.040719,0.058756,-0.018037
2024-09-24,monetary_policy,央行、金监总局、证监会联合发布一揽子金融政策,801750,+,高,1,2024-09-24,0.046206,0.058756,-0.01255
2024-09-24,monetary_policy,央行、金监总局、证监会联合发布一揽子金融政策,801780,+,高,5,2024-09-24,0.177577,0.324746,-0.147169
2024-09-24,monetary_policy,央行、金监总局、证监会联合发布一揽子金融政策,801790,+,高,5,2024-09-24,0.490547,0.324746,0.165801
2024-09-24,monetary_policy,央行、金监总局、证监会联合发布一揽子金融政策,801180,+,高,5,2024-09-24,0.342087,0.324746,0.017341
2024-09-24,monetary_policy,央行、金监总局、证监会联合发布一揽子金融政策,801750,+,高,5,2024-09-24,0.49703,0.324746,0.172284
2024-09-24,monetary_policy,央行、金监总局、证监会联合发布一揽子金融政策,801780,+,高,20,2024-09-24,0.136214,0.22158,-0.085367
2024-09-24,monetary_policy,央行、金监总局、证监会联合发布一揽子金融政策,801790,+,高,20,2024-09-24,0.372876,0.22158,0.151296
2024-09-24,monetary_policy,央行、金监总局、证监会联合发布一揽子金融政策,801180,+,高,20,2024-09-24,0.291298,0.22158,0.069718
2024-09-24,monetary_policy,央行、金监总局、证监会联合发布一揽子金融政策,801750,+,高,20,2024-09-24,0.46264,0.22158,0.24106
2024-09-26,capital_market_policy,政治局会议：促进房地产市场止跌回稳,801180,+,高,1,2024-09-26,0.154036,0.088828,0.065208
2024-09-26,capital_market_policy,政治局会议：促进房地产市场止跌回稳,801710,+,高,1,2024-09-26,0.118242,0.088828,0.029414
2024-09-26,capital_market_policy,政治局会议：促进房地产市场止跌回稳,801780,+,高,1,2024-09-26,0.027544,0.088828,-0.061284
2024-09-26,capital_market_policy,政治局会议：促进房地产市场止跌回稳,801180,+,高,5,2024-09-26,0.157985,0.17529,-0.017305
2024-09-26,capital_market_policy,政治局会议：促进房地产市场止跌回稳,801710,+,高,5,2024-09-26,0.165244,0.17529,-0.010046
2024-09-26,capital_market_policy,政治局会议：促进房地产市场止跌回稳,801780,+,高,5,2024-09-26,0.079728,0.17529,-0.095562
2024-09-26,capital_market_policy,政治局会议：促进房地产市场止跌回稳,801180,+,高,20,2024-09-26,0.299148,0.143908,0.15524
2024-09-26,capital_market_policy,政治局会议：促进房地产市场止跌回稳,801710,+,高,20,2024-09-26,0.273149,0.143908,0.129242
2024-09-26,capital_market_policy,政治局会议：促进房地产市场止跌回稳,801780,+,高,20,2024-09-26,0.049078,0.143908,-0.09483
2024-09-27,capital_market_policy,证监会并购六条：支持上市公司并购重组,801080,+,中,1,2024-09-27,0.200147,0.133284,0.066863
2024-09-27,capital_market_policy,证监会并购六条：支持上市公司并购重组,801750,+,中,1,2024-09-27,0.219933,0.133284,0.086648
2024-09-27,capital_market_policy,证监会并购六条：支持上市公司并购重组,801790,+,中,1,2024-09-27,0.18068,0.133284,0.047395
2024-09-27,capital_market_policy,证监会并购六条：支持上市公司并购重组,801030,+,中,1,2024-09-27,0.144534,0.133284,0.011249
2024-09-27,capital_market_policy,证监会并购六条：支持上市公司并购重组,801080,+,中,5,2024-09-27,0.199946,0.096422,0.103524
2024-09-27,capital_market_policy,证监会并购六条：支持上市公司并购重组,801750,+,中,5,2024-09-27,0.202372,0.096422,0.10595
2024-09-27,capital_market_policy,证监会并购六条：支持上市公司并购重组,801790,+,中,5,2024-09-27,0.173114,0.096422,0.076692
2024-09-27,capital_market_policy,证监会并购六条：支持上市公司并购重组,801030,+,中,5,2024-09-27,0.071243,0.096422,-0.02518
2024-09-27,capital_market_policy,证监会并购六条：支持上市公司并购重组,801080,+,中,20,2024-09-27,0.31462,0.097227,0.217393
2024-09-27,capital_market_policy,证监会并购六条：支持上市公司并购重组,801750,+,中,20,2024-09-27,0.312028,0.097227,0.214801
2024-09-27,capital_market_policy,证监会并购六条：支持上市公司并购重组,801790,+,中,20,2024-09-27,0.199906,0.097227,0.102679
2024-09-27,capital_market_policy,证监会并购六条：支持上市公司并购重组,801030,+,中,20,2024-09-27,0.122428,0.097227,0.025201
2024-10-21,monetary_policy,LPR双降：1年期降至3.10%(-25bp)，5年期降至3.60%(-25bp),801780,+,高,1,2024-10-21,-0.012255,0.00829,-0.020545
2024-10-21,monetary_policy,LPR双降：1年期降至3.10%(-25bp)，5年期降至3.60%(-25bp),801790,+,高,1,2024-10-21,-0.006499,0.00829,-0.014789
2024-10-21,monetary_policy,LPR双降：1年期降至3.10%(-25bp)，5年期降至3.60%(-25bp),801180,+,高,1,2024-10-21,0.013749,0.00829,0.005459
2024-10-21,monetary_policy,LPR双降：1年期降至3.10%(-25bp)，5年期降至3.60%(-25bp),801710,+,高,1,2024-10-21,0.020142,0.00829,0.011851
2024-10-21,monetary_policy,LPR双降：1年期降至3.10%(-25bp)，5年期降至3.60%(-25bp),801750,+,高,1,2024-10-21,0.004956,0.00829,-0.003335
2024-10-21,monetary_policy,LPR双降：1年期降至3.10%(-25bp)，5年期降至3.60%(-25bp),801780,+,高,5,2024-10-21,-0.024942,0.009916,-0.034858
2024-10-21,monetary_policy,LPR双降：1年期降至3.10%(-25bp)，5年期降至3.60%(-25bp),801790,+,高,5,2024-10-21,-0.00065,0.009916,-0.010567
2024-10-21,monetary_policy,LPR双降：1年期降至3.10%(-25bp)，5年期降至3.60%(-25bp),801180,+,高,5,2024-10-21,0.065413,0.009916,0.055497
2024-10-21,monetary_policy,LPR双降：1年期降至3.10%(-25bp)，5年期降至3.60%(-25bp),801710,+,高,5,2024-10-21,0.077958,0.009916,0.068042
2024-10-21,monetary_policy,LPR双降：1年期降至3.10%(-25bp)，5年期降至3.60%(-25bp),801750,+,高,5,2024-10-21,0.018971,0.009916,0.009055
2024-10-21,monetary_policy,LPR双降：1年期降至3.10%(-25bp)，5年期降至3.60%(-25bp),801780,+,高,20,2024-10-21,-0.020144,0.006406,-0.02655
2024-10-21,monetary_policy,LPR双降：1年期降至3.10%(-25bp)，5年期降至3.60%(-25bp),801790,+,高,20,2024-10-21,0.023716,0.006406,0.01731
2024-10-21,monetary_policy,LPR双降：1年期降至3.10%(-25bp)，5年期降至3.60%(-25bp),801180,+,高,20,2024-10-21,0.071223,0.006406,0.064817
2024-10-21,monetary_policy,LPR双降：1年期降至3.10%(-25bp)，5年期降至3.60%(-25bp),801710,+,高,20,2024-10-21,0.044825,0.006406,0.038418
2024-10-21,monetary_policy,LPR双降：1年期降至3.10%(-25bp)，5年期降至3.60%(-25bp),801750,+,高,20,2024-10-21,0.031493,0.006406,0.025086
2024-10-29,geopolitical,欧盟对中国电动车反补贴关税终裁：最高36.3%,801880,-,高,1,2024-10-29,0.00342,-0.018846,0.022266
2024-10-29,geopolitical,欧盟对中国电动车反补贴关税终裁：最高36.3%,801730,-,高,1,2024-10-29,-0.023002,-0.018846,-0.004156
2024-10-29,geopolitical,欧盟对中国电动车反补贴关税终裁：最高36.3%,801880,-,高,5,2024-10-29,0.041515,0.020286,0.021229
2024-10-29,geopolitical,欧盟对中国电动车反补贴关税终裁：最高36.3%,801730,-,高,5,2024-10-29,0.020918,0.020286,0.000633
2024-10-29,geopolitical,欧盟对中国电动车反补贴关税终裁：最高36.3%,801880,-,高,20,2024-10-29,-0.002977,-0.031273,0.028296
2024-10-29,geopolitical,欧盟对中国电动车反补贴关税终裁：最高36.3%,801730,-,高,20,2024-10-29,-0.023953,-0.031273,0.00732
2024-11-08,industry_policy,人大常委会10万亿化债方案：6万亿+4万亿置换隐性债务,801780,+,高,1,2024-11-08,-0.027898,-0.003513,-0.024385
2024-11-08,industry_policy,人大常委会10万亿化债方案：6万亿+4万亿置换隐性债务,801710,+,高,1,2024-11-08,-0.03009,-0.003513,-0.026577
2024-11-08,industry_policy,人大常委会10万亿化债方案：6万亿+4万亿置换隐性债务,801180,+,高,1,2024-11-08,-0.043042,-0.003513,-0.039529
2024-11-08,industry_policy,人大常委会10万亿化债方案：6万亿+4万亿置换隐性债务,801780,+,高,5,2024-11-08,-0.033668,-0.042662,0.008994
2024-11-08,industry_policy,人大常委会10万亿化债方案：6万亿+4万亿置换隐性债务,801710,+,高,5,2024-11-08,-0.075298,-0.042662,-0.032636
2024-11-08,industry_policy,人大常委会10万亿化债方案：6万亿+4万亿置换隐性债务,801180,+,高,5,2024-11-08,-0.119117,-0.042662,-0.076455
2024-11-08,industry_policy,人大常委会10万亿化债方案：6万亿+4万亿置换隐性债务,801780,+,高,20,2024-11-08,-0.004169,-0.041622,0.037454
2024-11-08,industry_policy,人大常委会10万亿化债方案：6万亿+4万亿置换隐性债务,801710,+,高,20,2024-11-08,-0.04945,-0.041622,-0.007828
2024-11-08,industry_policy,人大常委会10万亿化债方案：6万亿+4万亿置换隐性债务,801180,+,高,20,2024-11-08,-0.070029,-0.041622,-0.028407
2024-12-02,geopolitical,美BIS第三轮半导体出口管制：扩大实体清单+HBM芯片,801080,-,高,1,2024-12-02,0.005577,0.009015,-0.003438
2024-12-02,geopolitical,美BIS第三轮半导体出口管制：扩大实体清单+HBM芯片,801770,-,高,1,2024-12-02,0.018321,0.009015,0.009306
2024-12-02,geopolitical,美BIS第三轮半导体出口管制：扩大实体清单+HBM芯片,801080,-,高,5,2024-12-02,0.005536,0.012763,-0.007227
2024-12-02,geopolitical,美BIS第三轮半导体出口管制：扩大实体清单+HBM芯片,801770,-,高,5,2024-12-02,0.00889,0.012763,-0.003873
2024-12-02,geopolitical,美BIS第三轮半导体出口管制：扩大实体清单+HBM芯片,801080,-,高,20,2024-12-02,0.047364,0.021057,0.026307
2024-12-02,geopolitical,美BIS第三轮半导体出口管制：扩大实体清单+HBM芯片,801770,-,高,20,2024-12-02,0.074677,0.021057,0.05362
2024-12-09,industry_policy,中央政治局会议：适度宽松货币政策+更加积极财政政策,801780,+,高,1,2024-12-09,0.014374,0.005662,0.008712
2024-12-09,industry_policy,中央政治局会议：适度宽松货币政策+更加积极财政政策,801790,+,高,1,2024-12-09,0.002227,0.005662,-0.003435
2024-12-09,industry_policy,中央政治局会议：适度宽松货币政策+更加积极财政政策,801180,+,高,1,2024-12-09,-0.020247,0.005662,-0.025909
2024-12-09,industry_policy,中央政治局会议：适度宽松货币政策+更加积极财政政策,801710,+,高,1,2024-12-09,0.009733,0.005662,0.004071
2024-12-09,industry_policy,中央政治局会议：适度宽松货币政策+更加积极财政政策,801780,+,高,5,2024-12-09,0.003946,-0.015428,0.019374
2024-12-09,industry_policy,中央政治局会议：适度宽松货币政策+更加积极财政政策,801790,+,高,5,2024-12-09,-0.036751,-0.015428,-0.021323
2024-12-09,industry_policy,中央政治局会议：适度宽松货币政策+更加积极财政政策,801180,+,高,5,2024-12-09,-0.029505,-0.015428,-0.014077
2024-12-09,industry_policy,中央政治局会议：适度宽松货币政策+更加积极财政政策,801710,+,高,5,2024-12-09,-0.010084,-0.015428,0.005345
2024-12-09,industry_policy,中央政治局会议：适度宽松货币政策+更加积极财政政策,801780,+,高,20,2024-12-09,0.026346,-0.044558,0.070904
2024-12-09,industry_policy,中央政治局会议：适度宽松货币政策+更加积极财政政策,801790,+,高,20,2024-12-09,-0.122253,-0.044558,-0.077695
2024-12-09,industry_policy,中央政治局会议：适度宽松货币政策+更加积极财政政策,801180,+,高,20,2024-12-09,-0.164675,-0.044558,-0.120117
2024-12-09,industry_policy,中央政治局会议：适度宽松货币政策+更加积极财政政策,801710,+,高,20,2024-12-09,-0.087374,-0.044558,-0.042816
2024-12-12,industry_policy,中央经济工作会议：明年实施更加积极有为的宏观政策,801780,+,高,1,2024-12-12,-0.007529,-0.013951,0.006422
2024-12-12,industry_policy,中央经济工作会议：明年实施更加积极有为的宏观政策,801790,+,高,1,2024-12-12,-0.018902,-0.013951,-0.004951
2024-12-12,industry_policy,中央经济工作会议：明年实施更加积极有为的宏观政策,801180,+,高,1,2024-12-12,-0.020608,-0.013951,-0.006657
2024-12-12,industry_policy,中央经济工作会议：明年实施更加积极有为的宏观政策,801710,+,高,1,2024-12-12,-0.003938,-0.013951,0.010014
2024-12-12,industry_policy,中央经济工作会议：明年实施更加积极有为的宏观政策,801880,+,高,1,2024-12-12,-0.013033,-0.013951,0.000918
2024-12-12,industry_policy,中央经济工作会议：明年实施更加积极有为的宏观政策,801780,+,高,5,2024-12-12,0.001825,-0.010872,0.012697
2024-12-12,industry_policy,中央经济工作会议：明年实施更加积极有为的宏观政策,801790,+,高,5,2024-12-12,-0.036692,-0.010872,-0.02582
2024-12-12,industry_policy,中央经济工作会议：明年实施更加积极有为的宏观政策,801180,+,高,5,2024-12-12,-0.068906,-0.010872,-0.058034
2024-12-12,industry_policy,中央经济工作会议：明年实施更加积极有为的宏观政策,801710,+,高,5,2024-12-12,-0.047842,-0.010872,-0.03697
2024-12-12,industry_policy,中央经济工作会议：明年实施更加积极有为的宏观政策,801880,+,高,5,2024-12-12,-0.02292,-0.010872,-0.012048
2024-12-12,industry_policy,中央经济工作会议：明年实施更加积极有为的宏观政策,801780,+,高,20,2024-12-12,0.015655,-0.064267,0.079922
2024-12-12,industry_policy,中央经济工作会议：明年实施更加积极有为的宏观政策,801790,+,高,20,2024-12-12,-0.145236,-0.064267,-0.080969
2024-12-12,industry_policy,中央经济工作会议：明年实施更加积极有为的宏观政策,801180,+,高,20,2024-12-12,-0.192307,-0.064267,-0.12804
2024-12-12,industry_policy,中央经济工作会议：明年实施更加积极有为的宏观政策,801710,+,高,20,2024-12-12,-0.124603,-0.064267,-0.060336
2024-12-12,industry_policy,中央经济工作会议：明年实施更加积极有为的宏观政策,801880,+,高,20,2024-12-12,-0.077934,-0.064267,-0.013667
2025-01-15,geopolitical,拜登末期AI芯片出口管制框架：分国别配额限制,801080,-,中,1,2025-01-15,-0.017829,-0.005276,-0.012553
2025-01-15,geopolitical,拜登末期AI芯片出口管制框架：分国别配额限制,801770,-,中,1,2025-01-15,0.013855,-0.005276,0.019131
2025-01-15,geopolitical,拜登末期AI芯片出口管制框架：分国别配额限制,801750,-,中,1,2025-01-15,-0.005161,-0.005276,0.000115
2025-01-15,geopolitical,拜登末期AI芯片出口管制框架：分国别配额限制,801080,-,中,5,2025-01-15,0.026198,-0.006157,0.032355
2025-01-15,geopolitical,拜登末期AI芯片出口管制框架：分国别配额限制,801770,-,中,5,2025-01-15,0.06321,-0.006157,0.069367
2025-01-15,geopolitical,拜登末期AI芯片出口管制框架：分国别配额限制,801750,-,中,5,2025-01-15,-0.002526,-0.006157,0.003631
2025-01-15,geopolitical,拜登末期AI芯片出口管制框架：分国别配额限制,801080,-,中,20,2025-01-15,0.097981,0.028361,0.06962
2025-01-15,geopolitical,拜登末期AI芯片出口管制框架：分国别配额限制,801770,-,中,20,2025-01-15,0.117063,0.028361,0.088702
2025-01-15,geopolitical,拜登末期AI芯片出口管制框架：分国别配额限制,801750,-,中,20,2025-01-15,0.234446,0.028361,0.206085
2025-01-27,industry_policy,DeepSeek-R1登顶全球应用榜：中国AI里程碑,801080,+,高,1,2025-01-27,-0.017293,-0.009857,-0.007436
2025-01-27,industry_policy,DeepSeek-R1登顶全球应用榜：中国AI里程碑,801750,+,高,1,2025-01-27,0.047147,-0.009857,0.057003
2025-01-27,industry_policy,DeepSeek-R1登顶全球应用榜：中国AI里程碑,801770,+,高,1,2025-01-27,-0.059138,-0.009857,-0.049281
2025-01-27,industry_policy,DeepSeek-R1登顶全球应用榜：中国AI里程碑,801760,+,高,1,2025-01-27,0.035628,-0.009857,0.045484
2025-01-27,industry_policy,DeepSeek-R1登顶全球应用榜：中国AI里程碑,801080,+,高,5,2025-01-27,0.034947,0.013116,0.021832
2025-01-27,industry_policy,DeepSeek-R1登顶全球应用榜：中国AI里程碑,801750,+,高,5,2025-01-27,0.149886,0.013116,0.13677
2025-01-27,industry_policy,DeepSeek-R1登顶全球应用榜：中国AI里程碑,801770,+,高,5,2025-01-27,0.010625,0.013116,-0.00249
2025-01-27,industry_policy,DeepSeek-R1登顶全球应用榜：中国AI里程碑,801760,+,高,5,2025-01-27,0.116052,0.013116,0.102936
2025-01-27,industry_policy,DeepSeek-R1登顶全球应用榜：中国AI里程碑,801080,+,高,20,2025-01-27,0.062672,0.01366,0.049012
2025-01-27,industry_policy,DeepSeek-R1登顶全球应用榜：中国AI里程碑,801750,+,高,20,2025-01-27,0.168878,0.01366,0.155218
2025-01-27,industry_policy,DeepSeek-R1登顶全球应用榜：中国AI里程碑,801770,+,高,20,2025-01-27,-0.004765,0.01366,-0.018425
2025-01-27,industry_policy,DeepSeek-R1登顶全球应用榜：中国AI里程碑,801760,+,高,20,2025-01-27,0.075613,0.01366,0.061953
2025-03-05,industry_policy,2025政府工作报告：GDP目标5%左右+财政赤字率4%,801780,+,高,1,2025-03-05,0.011642,0.018278,-0.006637
2025-03-05,industry_policy,2025政府工作报告：GDP目标5%左右+财政赤字率4%,801790,+,高,1,2025-03-05,0.028614,0.018278,0.010336
2025-03-05,industry_policy,2025政府工作报告：GDP目标5%左右+财政赤字率4%,801180,+,高,1,2025-03-05,0.008339,0.018278,-0.00994
2025-03-05,industry_policy,2025政府工作报告：GDP目标5%左右+财政赤字率4%,801780,+,高,5,2025-03-05,0.008702,0.010813,-0.002111
2025-03-05,industry_policy,2025政府工作报告：GDP目标5%左右+财政赤字率4%,801790,+,高,5,2025-03-05,0.012449,0.010813,0.001636
2025-03-05,industry_policy,2025政府工作报告：GDP目标5%左右+财政赤字率4%,801180,+,高,5,2025-03-05,-0.016472,0.010813,-0.027285
2025-03-05,industry_policy,2025政府工作报告：GDP目标5%左右+财政赤字率4%,801780,+,高,20,2025-03-05,0.031859,-0.000215,0.032073
2025-03-05,industry_policy,2025政府工作报告：GDP目标5%左右+财政赤字率4%,801790,+,高,20,2025-03-05,-1.1e-05,-0.000215,0.000204
2025-03-05,industry_policy,2025政府工作报告：GDP目标5%左右+财政赤字率4%,801180,+,高,20,2025-03-05,-0.051025,-0.000215,-0.050811
2025-04-02,geopolitical,特朗普宣布对等关税：对华累计加征54%关税,801080,-,高,1,2025-04-02,-0.025002,-0.006734,-0.018268
2025-04-02,geopolitical,特朗普宣布对等关税：对华累计加征54%关税,801110,-,高,1,2025-04-02,-0.021396,-0.006734,-0.014661
2025-04-02,geopolitical,特朗普宣布对等关税：对华累计加征54%关税,801880,-,高,1,2025-04-02,-0.018792,-0.006734,-0.012057
2025-04-02,geopolitical,特朗普宣布对等关税：对华累计加征54%关税,801030,-,高,1,2025-04-02,-0.008745,-0.006734,-0.002011
2025-04-02,geopolitical,特朗普宣布对等关税：对华累计加征54%关税,801050,-,高,1,2025-04-02,-0.021602,-0.006734,-0.014868
2025-04-02,geopolitical,特朗普宣布对等关税：对华累计加征54%关税,801890,-,高,1,2025-04-02,-0.0144,-0.006734,-0.007666
2025-04-02,geopolitical,特朗普宣布对等关税：对华累计加征54%关税,801080,-,高,5,2025-04-02,-0.096951,-0.039244,-0.057707
2025-04-02,geopolitical,特朗普宣布对等关税：对华累计加征54%关税,801110,-,高,5,2025-04-02,-0.073837,-0.039244,-0.034593
2025-04-02,geopolitical,特朗普宣布对等关税：对华累计加征54%关税,801880,-,高,5,2025-04-02,-0.092808,-0.039244,-0.053564
2025-04-02,geopolitical,特朗普宣布对等关税：对华累计加征54%关税,801030,-,高,5,2025-04-02,-0.065967,-0.039244,-0.026722
2025-04-02,geopolitical,特朗普宣布对等关税：对华累计加征54%关税,801050,-,高,5,2025-04-02,-0.072772,-0.039244,-0.033528
2025-04-02,geopolitical,特朗普宣布对等关税：对华累计加征54%关税,801890,-,高,5,2025-04-02,-0.093359,-0.039244,-0.054115
2025-04-02,geopolitical,特朗普宣布对等关税：对华累计加征54%关税,801080,-,高,20,2025-04-02,-0.023496,-0.020357,-0.003139
2025-04-02,geopolitical,特朗普宣布对等关税：对华累计加征54%关税,801110,-,高,20,2025-04-02,-0.027226,-0.020357,-0.006869
2025-04-02,geopolitical,特朗普宣布对等关税：对华累计加征54%关税,801880,-,高,20,2025-04-02,-0.009198,-0.020357,0.011159
2025-04-02,geopolitical,特朗普宣布对等关税：对华累计加征54%关税,801030,-,高,20,2025-04-02,-0.015167,-0.020357,0.00519
2025-04-02,geopolitical,特朗普宣布对等关税：对华累计加征54%关税,801050,-,高,20,2025-04-02,-0.024915,-0.020357,-0.004558
2025-04-02,geopolitical,特朗普宣布对等关税：对华累计加征54%关税,801890,-,高,20,2025-04-02,-0.019671,-0.020357,0.000686
2025-04-04,geopolitical,中国反制：对美所有商品加征34%关税,801010,-,高,1,2025-04-07,0.055058,-0.054576,0.109634
2025-04-04,geopolitical,中国反制：对美所有商品加征34%关税,801030,-,高,1,2025-04-07,-0.084912,-0.054576,-0.030336
2025-04-04,geopolitical,中国反制：对美所有商品加征34%关税,801050,-,高,1,2025-04-07,-0.093364,-0.054576,-0.038789
2025-04-04,geopolitical,中国反制：对美所有商品加征34%关税,801080,-,高,1,2025-04-07,-0.125475,-0.054576,-0.070899
2025-04-04,geopolitical,中国反制：对美所有商品加征34%关税,801010,-,高,5,2025-04-07,0.040978,-0.026508,0.067487
2025-04-04,geopolitical,中国反制：对美所有商品加征34%关税,801030,-,高,5,2025-04-07,-0.040066,-0.026508,-0.013558
2025-04-04,geopolitical,中国反制：对美所有商品加征34%关税,801050,-,高,5,2025-04-07,-0.020188,-0.026508,0.00632
2025-04-04,geopolitical,中国反制：对美所有商品加征34%关税,801080,-,高,5,2025-04-07,-0.031985,-0.026508,-0.005477
2025-04-04,geopolitical,中国反制：对美所有商品加征34%关税,801010,-,高,20,2025-04-07,0.017205,-0.002229,0.019434
2025-04-04,geopolitical,中国反制：对美所有商品加征34%关税,801030,-,高,20,2025-04-07,0.00288,-0.002229,0.005109
2025-04-04,geopolitical,中国反制：对美所有商品加征34%关税,801050,-,高,20,2025-04-07,-0.003185,-0.002229,-0.000956
2025-04-04,geopolitical,中国反制：对美所有商品加征34%关税,801080,-,高,20,2025-04-07,0.002834,-0.002229,0.005063
2025-04-07,market_event,A股黑色星期一：沪指跌7.34%创业板跌12.5%,801080,-,高,1,2025-04-07,-0.125475,-0.054576,-0.070899
2025-04-07,market_event,A股黑色星期一：沪指跌7.34%创业板跌12.5%,801790,-,高,1,2025-04-07,-0.076515,-0.054576,-0.02194
2025-04-07,market_event,A股黑色星期一：沪指跌7.34%创业板跌12.5%,801750,-,高,1,2025-04-07,-0.118812,-0.054576,-0.064236
2025-04-07,market_event,A股黑色星期一：沪指跌7.34%创业板跌12.5%,801730,-,高,1,2025-04-07,-0.11779,-0.054576,-0.063214
2025-04-07,market_event,A股黑色星期一：沪指跌7.34%创业板跌12.5%,801880,-,高,1,2025-04-07,-0.115027,-0.054576,-0.060451
2025-04-07,market_event,A股黑色星期一：沪指跌7.34%创业板跌12.5%,801080,-,高,5,2025-04-07,-0.031985,-0.026508,-0.005477
2025-04-07,market_event,A股黑色星期一：沪指跌7.34%创业板跌12.5%,801790,-,高,5,2025-04-07,-0.048343,-0.026508,-0.021835
2025-04-07,market_event,A股黑色星期一：沪指跌7.34%创业板跌12.5%,801750,-,高,5,2025-04-07,-0.049004,-0.026508,-0.022496
2025-04-07,market_event,A股黑色星期一：沪指跌7.34%创业板跌12.5%,801730,-,高,5,2025-04-07,-0.073561,-0.026508,-0.047053
2025-04-07,market_event,A股黑色星期一：沪指跌7.34%创业板跌12.5%,801880,-,高,5,2025-04-07,-0.038254,-0.026508,-0.011746
2025-04-07,market_event,A股黑色星期一：沪指跌7.34%创业板跌12.5%,801080,-,高,20,2025-04-07,0.002834,-0.002229,0.005063
2025-04-07,market_event,A股黑色星期一：沪指跌7.34%创业板跌12.5%,801790,-,高,20,2025-04-07,-0.01733,-0.002229,-0.015101
2025-04-07,market_event,A股黑色星期一：沪指跌7.34%创业板跌12.5%,801750,-,高,20,2025-04-07,0.004953,-0.002229,0.007182
2025-04-07,market_event,A股黑色星期一：沪指跌7.34%创业板跌12.5%,801730,-,高,20,2025-04-07,-0.023243,-0.002229,-0.021015
2025-04-07,market_event,A股黑色星期一：沪指跌7.34%创业板跌12.5%,801880,-,高,20,2025-04-07,0.017983,-0.002229,0.020211
2025-05-07,monetary_policy,央行一揽子宽松：降准0.5个百分点+降息10bp,801780,+,高,1,2025-05-07,0.026172,0.011646,0.014526
2025-05-07,monetary_policy,央行一揽子宽松：降准0.5个百分点+降息10bp,801790,+,高,1,2025-05-07,0.013119,0.011646,0.001474
2025-05-07,monetary_policy,央行一揽子宽松：降准0.5个百分点+降息10bp,801180,+,高,1,2025-05-07,0.009233,0.011646,-0.002413
2025-05-07,monetary_policy,央行一揽子宽松：降准0.5个百分点+降息10bp,801710,+,高,1,2025-05-07,0.009722,0.011646,-0.001924
2025-05-07,monetary_policy,央行一揽子宽松：降准0.5个百分点+降息10bp,801780,+,高,5,2025-05-07,0.066334,0.03536,0.030974
2025-05-07,monetary_policy,央行一揽子宽松：降准0.5个百分点+降息10bp,801790,+,高,5,2025-05-07,0.060078,0.03536,0.024718
2025-05-07,monetary_policy,央行一揽子宽松：降准0.5个百分点+降息10bp,801180,+,高,5,2025-05-07,0.002063,0.03536,-0.033296
2025-05-07,monetary_policy,央行一揽子宽松：降准0.5个百分点+降息10bp,801710,+,高,5,2025-05-07,0.012805,0.03536,-0.022555
2025-05-07,monetary_policy,央行一揽子宽松：降准0.5个百分点+降息10bp,801780,+,高,20,2025-05-07,0.075429,0.018121,0.057308
2025-05-07,monetary_policy,央行一揽子宽松：降准0.5个百分点+降息10bp,801790,+,高,20,2025-05-07,0.04158,0.018121,0.023459
2025-05-07,monetary_policy,央行一揽子宽松：降准0.5个百分点+降息10bp,801180,+,高,20,2025-05-07,-0.008283,0.018121,-0.026404
2025-05-07,monetary_policy,央行一揽子宽松：降准0.5个百分点+降息10bp,801710,+,高,20,2025-05-07,-0.00265,0.018121,-0.02077
2025-05-20,monetary_policy,LPR双降：1年期降至3.00%(-10bp)5年期降至3.50%(-10bp),801780,+,高,1,2025-05-20,0.00908,0.01012,-0.00104
2025-05-20,monetary_policy,LPR双降：1年期降至3.00%(-10bp)5年期降至3.50%(-10bp),801790,+,高,1,2025-05-20,0.000961,0.01012,-0.009159
2025-05-20,monetary_policy,LPR双降：1年期降至3.00%(-10bp)5年期降至3.50%(-10bp),801180,+,高,1,2025-05-20,-0.006411,0.01012,-0.016531
2025-05-20,monetary_policy,LPR双降：1年期降至3.00%(-10bp)5年期降至3.50%(-10bp),801710,+,高,1,2025-05-20,0.002062,0.01012,-0.008058
2025-05-20,monetary_policy,LPR双降：1年期降至3.00%(-10bp)5年期降至3.50%(-10bp),801780,+,高,5,2025-05-20,0.007072,-0.009736,0.016808
2025-05-20,monetary_policy,LPR双降：1年期降至3.00%(-10bp)5年期降至3.50%(-10bp),801790,+,高,5,2025-05-20,-0.01727,-0.009736,-0.007534
2025-05-20,monetary_policy,LPR双降：1年期降至3.00%(-10bp)5年期降至3.50%(-10bp),801180,+,高,5,2025-05-20,-0.023546,-0.009736,-0.01381
2025-05-20,monetary_policy,LPR双降：1年期降至3.00%(-10bp)5年期降至3.50%(-10bp),801710,+,高,5,2025-05-20,-0.020376,-0.009736,-0.01064
2025-05-20,monetary_policy,LPR双降：1年期降至3.00%(-10bp)5年期降至3.50%(-10bp),801780,+,高,20,2025-05-20,0.051272,-0.000561,0.051832
2025-05-20,monetary_policy,LPR双降：1年期降至3.00%(-10bp)5年期降至3.50%(-10bp),801790,+,高,20,2025-05-20,0.017884,-0.000561,0.018445
2025-05-20,monetary_policy,LPR双降：1年期降至3.00%(-10bp)5年期降至3.50%(-10bp),801180,+,高,20,2025-05-20,-0.029638,-0.000561,-0.029077
2025-05-20,monetary_policy,LPR双降：1年期降至3.00%(-10bp)5年期降至3.50%(-10bp),801710,+,高,20,2025-05-20,-0.042783,-0.000561,-0.042222
