event_date,event_type,confidence,event_name,official_source,notes
2020-01-01,monetary_policy,high,央行宣布全面下调金融机构存款准备金率0.5个百分点（自1月6日起实施）,PBoC/gov.cn 降准公告；新华社2020-01-02报道(xinhuanet c_138674539)确认'周三宣布'(2020-01-01为周三)，释放约8000亿元,全面降准50bp，释放长期资金约8000亿元；影响银行、地产、券商等利率敏感板块
2020-02-03,monetary_policy,high,央行开展1.2万亿元逆回购操作并下调7天、14天逆回购中标利率10个基点（至2.4%、2.55%）,PBoC公开市场操作公告；SCMP/Economic Times/ceifx多源确认2020-02-03春节后开市首日逆回购-10bp、投放1.2万亿元,OMO利率下调+史上最大单日逆回购投放，疫情后流动性维稳；关乎全市场无风险利率与银行、地产
2020-02-17,monetary_policy,high,央行开展中期借贷便利（MLF）操作，1年期中标利率下调10个基点至3.15%,PBoC MLF公告；WSJ 2020-02-17文章(11581908545)、gov.cn(202003/16 content_WS5e6ef0e1)确认1年期3.15%,MLF政策利率-10bp，为2月20日LPR下调提供锚定；影响银行净息差与整体贷款定价
2020-03-13,monetary_policy,medium,央行宣布定向降准：对达到普惠金融考核标准的银行下调存款准备金率0.5-1个百分点，并对符合条件的股份制银行额外下调1个百分点,PBoC定向降准公告；ETAuto/Reuters报道($79亿美元/约5500亿元，普惠金融定向降准50-100bp),结构性定向降准，释放长期资金约5500亿元；主要利好中小银行及普惠信贷相关板块
2020-03-30,monetary_policy,high,央行开展500亿元7天逆回购操作，中标利率下调20个基点至2.2%,gov.cn国务院/PBoC公告(english.www.gov.cn/statecouncil/ministries/202003/30 content_WS5e81919f)确认'March 30...20 basis points',7天逆回购利率-20bp，为疫情期间最大幅度OMO降息；引导市场利率与银行、地产板块
2020-04-03,monetary_policy,medium,央行宣布对中小银行定向降准1个百分点（分4月15日、5月15日两次实施），并将金融机构超额存款准备金利率由0.72%下调至0.35%,PBoC公告；Reuters/Yahoo Finance报道对中小银行定向降准100bp分两次、超额准备金利率降至0.35%(2008年来首次调整),定向降准约4000亿元+12年来首次下调超额准备金利率；主要影响中小银行、农商行流动性
2020-04-15,monetary_policy,high,央行开展中期借贷便利（MLF）操作，1年期中标利率下调20个基点至2.95%,PBoC MLF公告；Economic Times确认1年期MLF降至2.95%(为2014年该工具设立以来最低),MLF政策利率-20bp，创历史新低，为4月20日LPR下调铺垫；注意与既有集合中2024-04-15不同
2020-06-12,capital_market_policy,high,证监会发布创业板改革并试点注册制相关制度规则（首发注册管理办法等，试行）,"CSRC / 深交所；SZSE Weekly Bulletin：""On June 12th, the CSRC released the Administrative Measures on IPO Registration on the ChiNext Market (For Trial Implementation)""（https://mondovisione.com/_assets/files/SZSE_Bulletin_17_P020200617497503178975.pdf）+ gov.cn 2020-06-13",创业板注册制配套规则落地，文本涉及创业板IPO/再融资注册、信息披露与发行承销；主要影响券商、创投及创业板成长型行业
2020-08-04,industry_policy,high,国务院印发《新时期促进集成电路产业和软件产业高质量发展的若干政策》（国发〔2020〕8号）,"中国政府网 gov.cn 2020-08-04 发布（正文落款2020-07-27）；CSET 译本注明 PRC Central Government website, August 4, 2020, notice dated July 27, 2020 (https://cset.georgetown.edu/wp-content/uploads/t0195_IC_software_policy_EN-1.pdf)",国务院对集成电路与软件产业的财税、投融资、研发、进出口八方面扶持政策；正文涉及半导体制造、设计、封测、装备材料及软件行业。用 gov.cn 发布日 08-04（市场可获知日）而非落款日 07-27。
2020-08-17,geopolitical,medium,美国商务部BIS扩大对华为的外国直接产品规则(FDPR)，并新增38家华为关联实体至出口管制实体清单,美国商务部BIS 2020-08-17 新闻稿与联邦公报IFR(85 FR 51596)；多家律所(JDSupra/Mayer Brown)一致引述当日发布,美对华出口管制升级，FDPR切断华为通过第三方获取含美技术芯片；直接涉及半导体、通信设备、电子元器件产业链
2020-11-05,industry_policy,high,国家组织冠脉支架集中带量采购在天津开标并产生拟中选结果（首次高值医用耗材国家集采，10个品种中选）,国家卫健委 en.nhc.gov.cn 2020-11/06/c_82076.htm（结果公布）；国家医保局主办、天津开标；Reuters 2020-11-05报道,首次国家级高值医用耗材集采，冠脉支架；文本涉及医疗器械/心血管耗材行业（乐普、微创等）
2020-11-10,industry_policy,high,市场监管总局发布《关于平台经济领域的反垄断指南（征求意见稿）》公开征求意见,国务院 english.www.gov.cn 202011/14；China Justice Observer 20201110；多家律所（Lexology/Paul Weiss）确认2020-11-10 SAMR发布,平台经济反垄断监管起点征求意见稿；文本针对互联网平台（电商/本地生活/社交）行业
2020-12-18,geopolitical,high,美国商务部BIS将中芯国际(SMIC)等逾60家中国实体列入出口管制实体清单(合计77家),美国商务部BIS 2020-12-18新闻稿，2020-12-22联邦公报刊登；Reuters/Lexology/Hughes Hubbard均确认12月18日生效,对华最大芯片制造商SMIC加征出口许可要求；涉及半导体制造、无人机(大疆)、电子设备板块
2020-12-31,capital_market_policy,high,沪深交易所发布退市制度改革相关业务规则（退市新规），当日施行,"上交所/深交所；gov.cn英文站：""The Shanghai and Shenzhen stock exchanges released new delisting rules on Dec 31, 2020, which took effect on the same day""；Global Times 2021-01（""released on Thursday, effective immediately""）",重构财务类/交易类/规范类/重大违法退市标准（含面值退市、组合财务指标）；文本面向全市场上市公司质量与壳公司，涉ST板块
2021-02-07,industry_policy,high,国务院反垄断委员会印发《关于平台经济领域的反垄断指南》正式稿,国务院 english.www.gov.cn 202102/07/content_WS601ffe31...；Reuters 2021-02-07；SAMR公布,平台经济首部正式反垄断指南（六章24条）；文本约束互联网平台经营行为
2021-04-10,industry_policy,high,市场监管总局对阿里巴巴集团作出反垄断行政处罚决定（罚款182.28亿元，按2019年销售额4%计）,SAMR行政处罚决定书日期2021-04-10；Lexology/China Justice Observer确认SAMR issued decision on 10 April 2021,平台反垄断标志性执法（'二选一'滥用市场支配地位）；文本涉及电商/互联网平台行业
2021-06-23,industry_policy,high,第五批国家组织药品集中带量采购在上海开标（251个品种、148家企业中选，平均降价约56%）,国务院 english.www.gov.cn 202106/24/content_WS60d3d573...；上海阳光医药采购网(SMPAA)公布；Eversana 2021-06-25,第五批国家药品集采，规模最大之一；文本涉及仿制药/制药行业
2021-07-09,monetary_policy,high,央行宣布全面下调金融机构存款准备金率0.5个百分点（自7月15日起实施）,PBoC降准公告；Reuters(idUSKBN2EJ02L)确认'on Friday...50bps...effective July 15'(2021-07-09为周五)，释放约1万亿元,全面降准50bp，释放长期资金约1万亿元；关乎银行、地产、券商等利率敏感板块
2021-09-02,capital_market_policy,high,国家在服贸会致辞中宣布设立北京证券交易所,最高领导人服贸会（CIFTIS）致辞；Reuters 2021-09-02（https://www.reuters.com/world/china/xi-says-china-set-up-stock-exchange-beijing-2021-09-02/）+ gov.cn + Wikipedia,宣布设立服务创新型中小企业的北交所（基于新三板精选层）；文本涉券商、新三板/中小市值、创投行业
2021-10-08,industry_policy,high,市场监管总局对美团作出反垄断行政处罚决定（罚款34.42亿元，按2020年中国境内销售额3%计）,新华社 news.cn 2021-10/08/c_1310232862；Reuters 2021-10-08；SAMR公布,平台反垄断执法（餐饮外卖'二选一'滥用市场支配地位）；文本涉及本地生活/外卖平台行业
2021-11-26,industry_policy,high,国家组织胰岛素专项集中带量采购产生拟中选结果（42个产品、11家企业中选，平均降价约48%）,国家医保局主办；Novo Nordisk官方新闻稿2021-11-26确认收到VBP招标结果；新华社/gov.cn 2021-11-28,首次生物药（胰岛素）专项国家集采；文本涉及糖尿病用药/制药行业（含外资药企诺和诺德、赛诺菲、礼来）
2021-12-03,industry_policy,high,2021年国家医保药品目录谈判调整结果公布（新增74种药品，谈判新增药品平均降价约61.7%）,"国家医保局(NHSA)发布，日期2021-12-03；BioWorld 'released the new list on Dec. 3, 2021'；natlawreview确认",年度国家医保谈判（创新药以价换量进医保）；文本涉及创新药/制药行业
2022-01-17,monetary_policy,high,中国人民银行下调1年期MLF利率10个基点至2.85%、7天期逆回购利率10个基点至2.10%（含7000亿元MLF操作）,gov.cn 国务院 english.www.gov.cn/statecouncil/ministries/202201/17/content_WS61e55e08c6d09c94e48a3c92.html（2022-01-17）；Reuters reuters.com/markets/rates-bonds/china-cuts-rates-policy-loans-analysts-point-more-easing-ahead-2022-01-17,全面货币宽松，降低政策利率；政策文本涉及银行、非银金融及利率敏感行业（地产、基建）；为2020年4月以来首次MLF降息
2022-01-24,monetary_policy,high,中国人民银行下调14天期逆回购利率10个基点,gov.cn 国务院 english.www.gov.cn/statecouncil/ministries/202201/24/content_WS61ee902bc6d09c94e48a4317.html（2022-01-24，2020年6月以来首次下调14天逆回购利率）,春节前OMO操作利率下调，延续1月宽松；政策文本涉及银行体系流动性、货币市场；为相对小型的公开市场操作调整
2022-04-25,monetary_policy,high,中国人民银行下调金融机构外汇存款准备金率1个百分点（9%→8%），5月15日起生效,Straits Times straitstimes.com/business/economy/china-lowers-banks-forex-reserve-ratio-to-curb-yuan-weakness（明确PBoC于周一2022-04-25发布声明）,外汇存款准备金率首次下调，增加外汇资金供给；政策文本涉及银行、外汇及跨境相关业务，与人民币汇率流动性管理相关
2022-08-15,monetary_policy,high,中国人民银行下调1年期MLF利率10个基点至2.75%、7天期逆回购利率10个基点至2.0%（含4000亿元MLF操作）,Reuters reuters.com/world/china/china-unexpectedly-cuts-2-key-rates-withdraws-cash-banking-system-2022-08-15；gov.cn 国务院 english.www.gov.cn/statecouncil/ministries/202208/16/content_WS62fb9d37c6d02e533532f384.html,MLF利率由2.85%降至2.75%，逆回购降至2.0%；政策文本涉及银行、非银金融及利率敏感行业（地产、基建）；此次降息为LPR于8月22日下调铺垫
2022-09-05,monetary_policy,high,中国人民银行下调金融机构外汇存款准备金率2个百分点（8%→6%），9月15日起生效,Bloomberg bloomberg.com/news/articles/2022-09-05/china-battles-yuan-losses-by-unleashing-foreign-exchange-onshore（2022-09-05）；Reuters via investing.com/news/economy/china-central-bank-to-cut-fx-reserve-ratio-to-help-limit-yuan-weakness-2885872（周一）,年内第二次下调外汇存款准备金率，释放外汇流动性；政策文本涉及银行、外汇及跨境相关业务，与人民币汇率管理相关
2022-10-07,geopolitical,high,美国商务部BIS发布对华先进计算芯片及半导体制造设备出口管制新规(EAR),美国商务部BIS 2022-10-07 interim final rule；Lexology/DigitalPolicyAlert/Pictet均确认10月7日发布,美方系统性限制先进制程芯片、AI计算芯片及制造设备对华出口；直接冲击半导体、电子、AI算力产业链
2023-02-01,capital_market_policy,high,证监会就全面实行股票发行注册制主要制度规则公开征求意见,"CSRC；Han Kun 法律评述：""On February 1, 2023, the CSRC started soliciting public feedback on the draft Administrative Measures for the Registration of Initial Public Offerings""（https://www.hankunlaw.com/upload/portal/20230206/d9433c7b0185ff5411620fcf4d7c7290.pdf）",全面注册制征求意见稿发布（主板注册制、发行承销、持续监管等一揽子规则）；文本面向全市场IPO与券商投行业务
2023-02-17,capital_market_policy,medium,证监会发布全面实行股票发行注册制相关制度规则（主板注册制正式落地）,CSRC 正式发布全面注册制配套制度规则（主板首发注册管理办法等）；征求意见期于2月1日启动、2月中旬定稿发布,全面注册制正式规则出台，主板纳入注册制；文本涉券商投行、全市场IPO定价与再融资。发布日为2月中旬，具体日期未在本次检索中独立复核
2023-05-21,geopolitical,high,中国网信办宣布美光公司(Micron)在华销售产品未通过网络安全审查,中国国家网信办(CAC) 2023-05-21公告；Reuters/SCMP/Stanford DigiChina确认5月21日(周日)发布,中方要求关键信息基础设施运营者停止采购美光产品；涉及存储芯片、半导体、信创/国产替代板块
2023-06-13,monetary_policy,high,中国人民银行下调7天期逆回购利率10个基点至1.90%,Global Times globaltimes.cn/page/202306/1292502.shtml（2023-06-13，10个月来首次）；21世纪经济报道 m.21jingji.com/article/20230614/herald/42b463f1698f91931469691257d556b5.html,10个月来首次下调7天逆回购政策利率，启动新一轮宽松；政策文本涉及银行、非银金融及利率敏感行业
2023-06-15,monetary_policy,high,中国人民银行下调1年期MLF利率10个基点至2.65%（含2370亿元MLF操作）,Reuters reuters.com/article/idUSL1N3870JT；CNBC cnbc.com/2023/06/15/china-cuts-a-key-policy-rate-for-first-time-in-10-months-as-economic-rebound-cools.html（2023-06-15）,MLF利率由2.75%降至2.65%，紧随6月13日逆回购降息；政策文本涉及银行、非银金融及利率敏感行业（地产、基建）；为6月20日LPR下调铺垫
2023-06-21,industry_policy,high,财政部、税务总局、工信部公告延续和优化新能源汽车车辆购置税减免政策（2024-2025年免征、2026-2027年减半，单车最高3万元）,"国务院 english.www.gov.cn 202306/21/content_WS64929394...；财政部2023-06-21声明；Reuters 2023-06-21；cnevpost 'On June 21, the MOF announced'",新能源车购置税减免延续至2027年（总减免约5200亿元）；文本涉及新能源汽车整车/产业链行业
2023-07-03,geopolitical,high,商务部、海关总署发布对镓、锗相关物项实施出口管制的公告（自8月1日起施行）,"商务部+海关总署 2023-07-03 公告；Global Times (""On July 3, the MOFCOM and GAC jointly issued a notice"")、CNN、Mayer Brown 确认 July 3, 2023",对镓、锗及相关化合物物项实施出口许可管制，8月1日生效；直接涉及半导体材料与化合物半导体上游。
2023-07-21,industry_policy,high,国务院常务会议审议通过《关于在超大特大城市积极稳步推进城中村改造的指导意见》,"gov.cn 2023-07-21（http://english.www.gov.cn/news/202307/21/content_WS64ba8c15c6d0868f4e8de05d.html）；Reuters 2023-07-21 (""China's cabinet has approved guidelines on transforming underdeveloped areas in megacities"")",国常会通过超大特大城市城中村改造指导意见；涉及房地产开发、建材、城市更新板块。
2023-08-09,geopolitical,high,美国总统签署第14105号行政令，建立对华半导体、量子信息、人工智能领域对外投资审查机制,美国白宫Executive Order 14105 (2023-08-09)；美国财政部与Simpson Thacher/Paul Weiss/Arnold Porter一致确认8月9日签署,美方首次限制对华三类敏感技术领域(半导体/量子/AI)的对外投资；涉及科技投融资、半导体、AI板块
2023-08-25,industry_policy,high,住建部、央行、金融监管总局联合发文推动落实购买首套房贷款“认房不用认贷”政策措施,国新办 SCIO 2023-08-25（http://english.scio.gov.cn/m/pressroom/2023-08/25/content_107593161.htm）；CAST Insight 报告确认 August 25 三部门联合通知；Bloomberg/Reuters 2023-08-25,三部门联合通知统一首套房认定口径（家庭在当地无房即按首套认定按揭）；涉及房地产、银行个人按揭。
2023-09-01,capital_market_policy,high,证监会及沪深交易所发布股票程序化交易报告制度相关规则,"CSRC / 沪深交易所；Junhe：""On September 1, 2023, the CSRC announced program trading reporting rules for stock market... circulars by each of the exchanges the same day""（https://www.junhe.com/legal-updates/2261）+ Reuters 2023-09-01",建立股票程序化（量化）交易报告制度与监管安排（报告细则60交易日过渡、规则2023-10-09生效）；文本面向量化私募、券商、高频交易
2023-10-17,geopolitical,high,美国商务部BIS更新并扩大对华先进计算芯片及半导体制造设备出口管制规则,美国商务部BIS 2023-10-17发布；Norton Rose Fulbright/AP(WRAL/KFOR)/Fortune一致确认10月17日(周二)发布,对2022-10-07规则进行修订扩围，新增受控AI芯片与制造设备类别；涉及半导体、AI算力、电子设备板块
2023-10-20,geopolitical,high,中国商务部、海关总署发布2023年第39号公告，对石墨相关物项实施出口管制(12月1日起施行),中国商务部、海关总署2023年第39号公告；Reuters/ChemLinked/Global Times确认10月20日发布、12月1日生效,中方对高敏感石墨物项(含球化石墨等)实施出口许可管制；涉及石墨、锂电池材料、新能源汽车产业链
2024-05-24,capital_market_policy,medium,证监会发布《上市公司股东减持股份管理暂行办法》及沪深北交易所配套细则,"CSRC；law.asia：""In May 2024, the CSRC issued the Interim Measures for the Administration of Share Reduction by Shareholders of Listed Companies, with the Shanghai and Shenzhen [exchanges]...""（https://law.asia/new-share-disposal-rules-china-2024/）+ Global Times 2024-05",将减持规则升格为部门规章、堵大宗/协议转让等绕道减持，破发破净/分红不达标限制减持；文本面向全市场大股东、董监高。5月具体发布日未在本次检索逐日复核
2024-07-10,capital_market_policy,high,证监会批准中证金融暂停转融券业务、并上调融券保证金比例申请,"CSRC；Reuters 2024-07-10（https://www.reuters.com/markets/asia/chinese-regulator-suspend-securities-relending-curb-short-selling-2024-07-10/）+ Xinhua/China Economic Net：""BEIJING, July 10... on Wednesday""",批准暂停转融券（存量7月底前了结）、融券保证金比例上调；文本面向融券/量化对冲、券商两融业务与被融券做空标的
2024-08-15,geopolitical,high,商务部、海关总署发布对锑、超硬材料相关物项实施出口管制的公告（2024年第33号，自9月15日起施行）,"商务部+海关总署 2024年第33号公告 2024-08-15；Reuters 2024-08-15、IEA Policies (""Announcement No. 33 of 2024 ... issued ... on August 15, 2024"")、ChemLinked",对锑（含锑矿、锑金属、氧化锑等六类）及超硬材料相关物项实施出口许可管制，9月15日生效；涉及半导体超硬材料、光伏及军工材料上游。
2024-12-03,geopolitical,high,中国商务部发布2024年第46号公告，加强镓、锗、锑及超硬材料等两用物项对美国出口管制,中国商务部2024年第46号公告；CSET(Georgetown)译文、AP/PBS/CSIS/FDD确认12月3日(周二)发布并即时生效,针对性收紧对美关键矿物(镓/锗/锑/超硬材料)出口，作为对美12月2日芯片管制的反制；涉及有色金属、稀有金属、军工材料板块
2025-01-13,geopolitical,high,美国商务部BIS发布人工智能扩散框架(Framework for AI Diffusion)临时最终规则，管制先进AI芯片与模型权重出口,美国商务部BIS 2025-01-13 interim final rule(联邦公报2025-00636)；BIS新闻稿、WilmerHale/Perkins Coie/CFR确认1月13日生效,美方按国家分级管制先进AI芯片、算力与前沿模型权重出口；涉及AI算力、半导体、云计算板块
