event_date,event_type,event_name,affected_industries,direction,magnitude,description
2020-02-20,monetary_policy,LPR下调：1年期降至4.05%(-10bp)，5年期降至4.75%(-5bp),"801780,801790,801180",+,高,新冠疫情冲击下首次降息，货币宽松正式开启，银行、非银、房地产直接受益
2020-04-20,monetary_policy,LPR下调：1年期降至3.85%(-20bp)，5年期降至4.65%(-10bp),"801780,801790,801180,801710",+,高,2020年幅度最大的一次降息，疫情应对宽松力度空前
2020-09-22,industry_policy,双碳目标宣布：2030年碳达峰、2060年碳中和,"801730,801160,801050,801770",+,高,习近平在第75届联合国大会一般性辩论上宣布双碳目标，新能源、电力、有色金属直接受益
2021-07-26,industry_policy,教育双减政策：学科类培训机构不得上市融资,801760,-,高,中办、国办印发双减意见，K12学科类培训监管骤紧，传媒（教育）板块重大利空
2021-12-06,monetary_policy,央行全面降准0.5个百分点，释放长期资金约1.2万亿元,"801780,801790,801180",+,高,央行宣布自2021年12月15日起下调金融机构存款准备金率0.5个百分点
2021-12-20,monetary_policy,LPR下调：1年期降至3.80%(-5bp)，5年期维持4.65%不变,"801780,801790",+,中,时隔20个月1年期LPR再次下调，向市场释放宽信用信号
2022-01-20,monetary_policy,LPR双降：1年期降至3.70%(-10bp)，5年期降至4.60%(-5bp),"801780,801790,801180,801710",+,高,5年期LPR时隔21个月首次下调，货币政策明显转向宽松，稳增长意图明确
2022-04-15,monetary_policy,央行降准0.25个百分点：释放长期资金约5300亿元,"801780,801790,801180",+,中,央行宣布自4月25日起下调金融机构存款准备金率0.25个百分点，对小微企业贷款占比较高的城商行额外多降0.25个百分点
2022-05-20,monetary_policy,LPR非对称下调：1年期维持3.70%，5年期大降至4.45%(-15bp),"801180,801710,801720",+,高,5年期单独大幅下调15bp为历史最大单次降幅，明确托底房地产市场信号
2022-08-22,monetary_policy,LPR双降：1年期降至3.65%(-5bp)，5年期降至4.30%(-15bp),"801780,801790,801180,801710",+,高,楼市持续低迷背景下再度双降，2022年全年降息幅度创LPR改革以来新高
2022-11-25,monetary_policy,央行降准0.25个百分点：释放长期资金约5000亿元,"801780,801790,801180,801710",+,中,央行宣布自12月5日起下调金融机构存款准备金率0.25个百分点，配合金融16条出台，房地产融资环境改善预期升温
2022-11-28,industry_policy,房地产金融16条：支持房企合理融资需求,"801180,801780,801710,801720",+,高,央行、银保监会发布16条金融支持房地产措施，标志房地产融资政策全面转向
2023-03-17,monetary_policy,央行降准0.25个百分点：释放长期资金约5000亿元,"801780,801790,801180",+,中,央行宣布自3月27日起下调存款准备金率0.25个百分点，为2023年首次降准，全面降准支持经济复苏
2023-06-20,monetary_policy,LPR双降：1年期降至3.55%(-10bp)，5年期降至4.20%(-10bp),"801780,801790,801180,801710",+,高,时隔10个月后重启降息，配合经济复苏预期不及预期的政策应对
2023-07-24,capital_market_policy,政治局会议：活跃资本市场，提振投资者信心,"801790,801780,801750,801760",+,高,7月政治局会议首次提出活跃资本市场，证监会随后密集出台降印花税等系列举措
2023-08-15,monetary_policy,央行降息：MLF降15bp至2.50%、7天逆回购降10bp至1.80%,"801780,801790,801180,801710",+,高,央行同步下调MLF和OMO利率，幅度超市场预期，MLF 15bp为2020年4月以来最大单次降幅
2023-08-21,monetary_policy,LPR非对称下调：1年期降至3.45%(-10bp)，5年期维持4.20%,"801780,801790",+,中,1年期单降，5年期暂不调整为后续存量房贷利率下调保留空间
2023-08-27,capital_market_policy,证监会：印花税减半、阶段性收紧IPO、规范减持,"801790,801780",+,高,证监会一次性推出三项重磅举措，股票交易印花税由0.1%降至0.05%
2023-09-15,monetary_policy,央行降准0.25个百分点：释放长期资金约5000亿元,"801780,801790,801180",+,中,央行宣布自9月15日起下调存款准备金率0.25个百分点，不含已执行5%的金融机构，下半年首次降准
2023-10-07,geopolitical,巴以冲突爆发：哈马斯袭击以色列引发中东局势骤紧,"801960,801030,801040",+,高,哈马斯对以色列发动大规模袭击，以色列宣布进入战争状态，中东地缘风险升级推升原油价格（Brent短线涨10%+），利好石油石化、化工
2023-10-31,industry_policy,中央金融工作会议：加快建设金融强国（五年一度重磅会议）,"801780,801790,801180",+,高,中央金融工作会议在京举行（10月30-31日），首次提出建设金融强国目标，加强党中央对金融工作集中统一领导，会议规格5年一度
2024-01-24,monetary_policy,央行降准0.5pp+支农支小再贷款利率降25bp,"801780,801790,801180,801710",+,高,央行行长潘功胜在国新办发布会上宣布降准0.5个百分点（2月5日生效）及支农支小再贷款利率下调25bp，释放长期资金约1万亿元
2024-02-05,market_event,A股春节前急跌：沪指失守2700后V型反转,"801790,801780,801750,801080",-,高,2024年1月底A股急跌（沪指最低跌破2700），引发市场流动性危机预期，2024-02-05中央汇金宣布增持ETF稳市场，叠加2-07吴清接任前夕市场情绪转向
2024-02-07,capital_market_policy,证监会主席换帅：吴清接任易会满,"801790,801780",+,中,国务院任免决定吴清担任证监会主席，易会满不再担任，换帅时点正值A股春节前急跌后维稳关键期，市场预期监管转向以投资者为本
2024-02-20,monetary_policy,LPR非对称下调：1年期维持3.45%，5年期大降至3.95%(-25bp),"801180,801710,801720,801780",+,高,5年期单次降幅25bp创历史新高，力度超预期，重点支持房地产需求端
2024-03-13,industry_policy,推动大规模设备更新和消费品以旧换新行动方案,"801890,801040,801030,801880",+,高,国务院印发行动方案，目标2027年工业、农业、建筑、交通运输等领域设备投资规模较2023年增长25%以上，利好机械、钢铁、化工、汽车产业链
2024-04-12,capital_market_policy,国务院新国九条：推动资本市场高质量发展,"801790,801780",+,高,国务院印发关于加强监管防范风险推动资本市场高质量发展的若干意见（第三个国九条），严把发行上市准入、严格上市公司持续监管、加大退市监管
2024-05-14,geopolitical,美国对华301关税：电动车100%+电池25%+太阳能50%,"801880,801730,801080",-,高,USTR宣布对中国电动汽车关税从25%提高至100%、电池从7.5%提至25%、太阳能电池从25%提至50%、半导体从25%提至50%，覆盖180亿美元商品
2024-05-17,industry_policy,房地产新政5·17：取消房贷利率下限+首付15%+3000亿保障房再贷款,"801180,801710,801720,801780",+,高,央行+金融监管总局+住建部联合发布，央行取消全国层面首套和二套个人住房贷款利率政策下限，首付比例下调至15%/25%，设立3000亿元保障性住房再贷款工具
2024-06-19,capital_market_policy,国资委：央企市值管理纳入业绩考核,"801790,801780,801950,801960",+,中,国务院国资委发布关于改进和加强中央企业控股上市公司市值管理工作的若干意见，央企负责人考核纳入市值管理指标，利好低估值高股息央企
2024-07-22,monetary_policy,LPR双降：1年期降至3.35%(-10bp)，5年期降至3.85%(-10bp),"801780,801790,801180,801710",+,高,配合7天逆回购利率下调，完整降息链条启动
2024-08-05,market_event,全球科技股黑色星期一：日股暴跌12.4%+美科技股急挫联动,"801080,801750,801790,801770",-,高,日经225单日暴跌12.4%（史上最大跌幅），美国7月就业数据弱于预期叠加日央行加息后日元套利交易平仓，全球科技股联动暴跌，A股科技/半导体跟跌
2024-09-09,capital_market_policy,证监会科八条：进一步强化科创板硬科技定位,"801080,801750,801770,801790",+,中,证监会发布关于深化科创板改革服务科技创新和新质生产力发展的八条措施，包括强化硬科技上市标准、支持科创板并购重组
2024-09-24,monetary_policy,央行、金监总局、证监会联合发布一揽子金融政策,"801780,801790,801180,801750",+,高,央行宣布降准0.5bp、降存量房贷利率等，证监会推互换便利与股票回购再贷款，史上力度最强组合拳
2024-09-26,capital_market_policy,政治局会议：促进房地产市场止跌回稳,"801180,801710,801720,801780",+,高,9月政治局会议首提房地产止跌回稳，政策定调明确，房地产板块强烈反弹
2024-09-27,capital_market_policy,证监会并购六条：支持上市公司并购重组,"801080,801750,801790,801030",+,中,证监会发布关于深化上市公司并购重组市场改革的意见（六条），鼓励跨行业并购、新质生产力方向并购、提高监管包容度
2024-10-21,monetary_policy,LPR双降：1年期降至3.10%(-25bp)，5年期降至3.60%(-25bp),"801780,801790,801180,801710,801750",+,高,9·24一揽子政策落地后首次LPR调整，幅度25bp为本轮最大单次降息
2024-10-29,geopolitical,欧盟对中国电动车反补贴关税终裁：最高36.3%,"801880,801730",-,高,欧委会通过对华电动车反补贴关税终裁，最终关税7.8%-35.3%，叠加既有10%关税，最高税率45.3%（比亚迪+17.0%、吉利+18.8%、上汽+35.3%）
2024-11-08,industry_policy,人大常委会10万亿化债方案：6万亿+4万亿置换隐性债务,"801780,801720,801710,801180",+,高,十四届全国人大常委会第十二次会议通过决议，增加6万亿元地方政府债务限额置换存量隐性债务+5年累计4万亿元专项债置换，利好银行、建筑、建材
2024-12-02,geopolitical,美BIS第三轮半导体出口管制：扩大实体清单+HBM芯片,"801080,801770",-,高,美国商务部产业安全局对140家中国企业实施出口管制（含中微、北方华创等设备厂），扩大对HBM存储芯片和24种半导体制造设备的限制
2024-12-09,industry_policy,中央政治局会议：适度宽松货币政策+更加积极财政政策,"801780,801790,801180,801710",+,高,中央政治局会议首次提出适度宽松货币政策（14年首次表述变化）和更加积极财政政策，市场解读为重大宏观转向信号
2024-12-12,industry_policy,中央经济工作会议：明年实施更加积极有为的宏观政策,"801780,801790,801180,801710,801880",+,高,中央经济工作会议在京举行（12月11-12日），定调2025年更加积极有为的宏观政策、扩大内需、稳楼市稳股市
2025-01-15,geopolitical,拜登末期AI芯片出口管制框架：分国别配额限制,"801080,801770,801750",-,中,拜登政府推出AI扩散框架，将各国划分三档，限制先进AI芯片出口规模与第三国转售，影响中国AI算力供应链
2025-01-27,industry_policy,DeepSeek-R1登顶全球应用榜：中国AI里程碑,"801080,801750,801770,801760",+,高,DeepSeek-R1以极低成本比肩GPT-o1登顶美区AppStore英伟达单日蒸发5890亿美元A股AI概念股春节后平均涨幅超17%
2025-03-05,industry_policy,2025政府工作报告：GDP目标5%左右+财政赤字率4%,"801780,801790,801180,801720",+,高,十四届全国人大三次会议李强作政府工作报告，2025年GDP增长目标5%左右、CPI涨幅2%、财政赤字率4%（创新高）、专项债4.4万亿
2025-04-02,geopolitical,特朗普宣布对等关税：对华累计加征54%关税,"801080,801110,801880,801030,801050,801890",-,高,美国宣布对华额外加征34%对等关税叠加此前20%共计54%电子家电汽车化工等出口链重挫
2025-04-04,geopolitical,中国反制：对美所有商品加征34%关税,"801010,801030,801050,801080",-,高,国务院关税税则委员会宣布自4月10日起对原产于美国的所有商品加征34%进口关税
2025-04-07,market_event,A股黑色星期一：沪指跌7.34%创业板跌12.5%,"801080,801790,801750,801730,801880",-,高,关税冲击下全球股市暴跌A股三大指数集体重挫中央汇金公司宣布增持ETF托底
2025-05-07,monetary_policy,央行一揽子宽松：降准0.5个百分点+降息10bp,"801780,801790,801180,801710",+,高,央行宣布三类十项措施降准释放1万亿流动性加7天逆回购利率降至1.4%加结构性工具利率下调25bp
2025-05-20,monetary_policy,LPR双降：1年期降至3.00%(-10bp)5年期降至3.50%(-10bp),"801780,801790,801180,801710",+,高,2025年首次LPR下调预计带动房贷利率逼近3%存量房贷利率降至3.2%
