date,sse_fin,szse_fin,total_fin
2019-06-03,554095723600,359071041023.0,913166764623.0
2019-06-04,551845445249,357685869570.0,909531314819.0
2019-06-05,550165203687,357174114748.0,907339318435.0
2019-06-06,546661467639,355134652791.0,901796120430.0
2019-06-10,545807399551,355476355525.0,901283755076.0
2019-06-11,546076092112,356901104639.0,902977196751.0
2019-06-12,547092700496,357662441819.0,904755142315.0
2019-06-13,547506113249,358911878075.0,906417991324.0
2019-06-14,545365849561,356505090576.0,901870940137.0
2019-06-17,544906059569,357002158161.0,901908217730.0
2019-06-18,543689979601,356916629780.0,900606609381.0
2019-06-19,543194212320,356586292104.0,899780504424.0
2019-06-20,545474733422,356545954196.0,902020687618.0
2019-06-21,544809211659,356292984699.0,901102196358.0
2019-06-24,546922849389,358195149278.0,905117998667.0
2019-06-25,548267174410,358402751925.0,906669926335.0
2019-06-26,547799690532,358443080126.0,906242770658.0
2019-06-27,547617686319,358937809305.0,906555495624.0
2019-06-28,545403611820,356559063573.0,901962675393.0
2019-07-01,548115136533,358795387054.0,906910523587.0
2019-07-02,549329550799,359013686566.0,908343237365.0
2019-07-03,550488925077,360718702346.0,911207627423.0
2019-07-04,550607512075,360726831339.0,911334343414.0
2019-07-05,549758208389,359527623893.0,909285832282.0
2019-07-08,549280291963,359225996451.0,908506288414.0
2019-07-09,548742383856,358747995718.0,907490379574.0
2019-07-10,548502478946,358316393429.0,906818872375.0
2019-07-11,546736009397,357830126396.0,904566135793.0
2019-07-12,545292920109,357033297572.0,902326217681.0
2019-07-15,546829583252,357853337644.0,904682920896.0
2019-07-16,546419207751,357990795306.0,904410003057.0
2019-07-17,546770795139,358585803290.0,905356598429.0
2019-07-18,545891094423,357663051878.0,903554146301.0
2019-07-19,544117046863,357256049991.0,901373096854.0
2019-07-22,542317389721,355946907182.0,898264296903.0
2019-07-23,540885652598,355857346597.0,896742999195.0
2019-07-24,540838721429,356619060908.0,897457782337.0
2019-07-25,540617344435,357311612714.0,897928957149.0
2019-07-26,539752245878,356267460520.0,896019706398.0
2019-07-29,541103076216,357358658391.0,898461734607.0
2019-07-30,541192071940,356771810015.0,897963881955.0
2019-07-31,540746046599,356737867568.0,897483914167.0
2019-08-01,540682032669,357387050400.0,898069083069.0
2019-08-02,538926998030,355699879798.0,894626877828.0
2019-08-05,539088661040,355936327645.0,895024988685.0
2019-08-06,536449029000,353814360650.0,890263389650.0
2019-08-07,534335401053,352197279477.0,886532680530.0
2019-08-08,533481575844,351167279642.0,884648855486.0
2019-08-09,531240738575,349588256931.0,880828995506.0
2019-08-12,531567416332,350232526230.0,881799942562.0
2019-08-13,531855170860,350425952718.0,882281123578.0
2019-08-14,532093964720,351066785715.0,883160750435.0
2019-08-15,531287578318,350968614745.0,882256193063.0
2019-08-16,530938203843,351303432525.0,882241636368.0
2019-08-19,534798962347,358247751126.0,893046713473.0
2019-08-20,535069125138,362462964777.0,897532089915.0
2019-08-21,535653416579,364959969283.0,900613385862.0
2019-08-22,536149988643,367813387949.0,903963376592.0
2019-08-23,534954183704,368085031657.0,903039215361.0
2019-08-26,536544973668,370479574514.0,907024548182.0
2019-08-27,536284871635,372494892897.0,908779764532.0
2019-08-28,537103608725,374388810778.0,911492419503.0
2019-08-29,538787831176,375786880769.0,914574711945.0
2019-08-30,538541616594,374936628224.0,913478244818.0
2019-09-02,540259932065,377908602471.0,918168534536.0
2019-09-03,540321825192,380570505326.0,920892330518.0
2019-09-04,540978840534,383273405173.0,924252245707.0
2019-09-05,542059512654,388828064471.0,930887577125.0
2019-09-06,541315600123,390461445139.0,931777045262.0
2019-09-09,545831543383,396948751726.0,942780295109.0
2019-09-10,547266110610,400771177254.0,948037287864.0
2019-09-11,548131519774,402886439495.0,951017959269.0
2019-09-12,545974771941,400881904352.0,946856676293.0
2019-09-16,549029500599,405643241552.0,954672742151.0
2019-09-17,550022693898,406223171693.0,956245865591.0
2019-09-18,550256286908,407184772957.0,957441059865.0
2019-09-19,551374200309,408847406584.0,960221606893.0
2019-09-20,550048535904,407681840327.0,957730376231.0
2019-09-23,550826508305,409639846913.0,960466355218.0
2019-09-24,550171649766,410274224508.0,960445874274.0
2019-09-25,548262512825,409003683267.0,957266196092.0
2019-09-26,545878128202,406277754948.0,952155883150.0
2019-09-27,543547417610,403859761930.0,947407179540.0
2019-09-30,538791089316,398487589825.0,937278679141.0
2019-10-08,541173606913,401456699550.0,942630306463.0
2019-10-09,541990984143,402171463288.0,944162447431.0
2019-10-10,542411429535,404382398945.0,946793828480.0
2019-10-11,541053440557,403376831930.0,944430272487.0
2019-10-14,544165541216,406587714483.0,950753255699.0
2019-10-15,543677569235,405753881912.0,949431451147.0
2019-10-16,543790595150,406467490313.0,950258085463.0
2019-10-17,543067159580,407282704170.0,950349863750.0
2019-10-18,541397950787,405739597749.0,947137548536.0
2019-10-21,541719877028,405719191340.0,947439068368.0
2019-10-22,542455008256,406094556370.0,948549564626.0
2019-10-23,542590711121,406643011432.0,949233722553.0
2019-10-24,543586678053,406951152943.0,950537830996.0
2019-10-25,543351773604,407449968800.0,950801742404.0
2019-10-28,545352851087,410863642460.0,956216493547.0
2019-10-29,544786863040,410725191166.0,955512054206.0
2019-10-30,544449761544,410950506501.0,955400268045.0
2019-10-31,543040299737,410207768519.0,953248068256.0
2019-11-01,542675980074,410524564516.0,953200544590.0
2019-11-04,543020295419,412108509099.0,955128804518.0
2019-11-05,544029029680,412677807001.0,956706836681.0
2019-11-06,543999526706,412842411930.0,956841938636.0
2019-11-07,544188094794,413897357151.0,958085451945.0
2019-11-08,543255280042,412950627056.0,956205907098.0
2019-11-11,541755441181,412781118287.0,954536559468.0
2019-11-12,541360163467,412591879167.0,953952042634.0
2019-11-13,542048023809,412948152696.0,954996176505.0
2019-11-14,542725646617,414203569085.0,956929215702.0
2019-11-15,541112917831,412414846741.0,953527764572.0
2019-11-18,541533326643,413096715916.0,954630042559.0
2019-11-19,542721380946,415096926919.0,957818307865.0
2019-11-20,543039825777,415446588621.0,958486414398.0
2019-11-21,544024320788,415210737209.0,959235057997.0
2019-11-22,542558701610,412875109050.0,955433810660.0
2019-11-25,542994841271,412104777216.0,955099618487.0
2019-11-26,541048628299,410931748373.0,951980376672.0
2019-11-27,541540132118,412230710350.0,953770842468.0
2019-11-28,540557833985,411937360700.0,952495194685.0
2019-11-29,540589918492,411407975807.0,951997894299.0
2019-12-02,540793588479,412574912988.0,953368501467.0
2019-12-03,541820549640,413765616078.0,955586165718.0
2019-12-04,542474281717,413920492779.0,956394774496.0
2019-12-05,542948225200,415895903818.0,958844129018.0
2019-12-06,542900227729,416205988264.0,959106215993.0
2019-12-09,543860276636,418819330256.0,962679606892.0
2019-12-10,544324601840,420631739120.0,964956340960.0
2019-12-11,544826951629,421916690559.0,966743642188.0
2019-12-12,544762356034,423457288662.0,968219644696.0
2019-12-13,544431163367,423422868505.0,967854031872.0
2019-12-16,548288053609,428851154451.0,977139208060.0
2019-12-17,551516610507,433966722200.0,985483332707.0
2019-12-18,554466188124,438511398249.0,992977586373.0
2019-12-19,556309366942,440571799372.0,996881166314.0
2019-12-20,555035446253,439595152383.0,994630598636.0
2019-12-23,556003821374,440697737336.0,996701558710.0
2019-12-24,554400951209,442190815204.0,996591766413.0
2019-12-25,555015167639,443311618799.0,998326786438.0
2019-12-26,555995394376,445284559052.0,1001279953428.0
2019-12-27,555111529883,444624972938.0,999736502821.0
2019-12-30,558917674707,446558443201.0,1005476117908.0
2019-12-31,559055426838,446449044436.0,1005504471274.0
2020-01-02,561396722311,449269066938.0,1010665789249.0
2020-01-03,562710881010,449511452527.0,1012222333537.0
2020-01-06,567760802437,454972078011.0,1022732880448.0
2020-01-07,568793261762,458305921627.0,1027099183389.0
2020-01-08,570740658657,459428001826.0,1030168660483.0
2020-01-09,571819012961,461464019174.0,1033283032135.0
2020-01-10,570739934602,461320615077.0,1032060549679.0
2020-01-13,573021434835,464649372976.0,1037670807811.0
2020-01-14,574945207770,465294877392.0,1040240085162.0
2020-01-15,575929132790,467166892513.0,1043096025303.0
2020-01-16,576558354303,467369711068.0,1043928065371.0
2020-01-17,575491812969,465660483299.0,1041152296268.0
2020-01-20,576303022728,468733216157.0,1045036238885.0
2020-01-21,576301105902,468137678163.0,1044438784065.0
2020-01-22,576330861708,467952487538.0,1044283349246.0
2020-01-23,568373798279,458562909605.0,1026936707884.0
2020-02-03,561975455459,453579966199.0,1015555421658.0
2020-02-04,559952837462,454113085118.0,1014065922580.0
2020-02-05,559232297605,455738595644.0,1014970893249.0
2020-02-06,562022699504,461853530526.0,1023876230030.0
2020-02-07,561920858486,465418494599.0,1027339353085.0
2020-02-10,563895597858,468627200989.0,1032522798847.0
2020-02-11,562460299122,468163946953.0,1030624246075.0
2020-02-12,564705327037,472552264437.0,1037257591474.0
2020-02-13,565269286069,474496041178.0,1039765327247.0
2020-02-14,564842574521,474107708344.0,1038950282865.0
2020-02-17,568927550285,481892175459.0,1050819725744.0
2020-02-18,573602028083,488463233092.0,1062065261175.0
2020-02-19,574072376028,490531410786.0,1064603786814.0
2020-02-20,577770431812,497827789601.0,1075598221413.0
2020-02-21,579970674213,502866856721.0,1082837530934.0
2020-02-24,586415776616,509951142593.0,1096366919209.0
2020-02-25,590115848980,517656953744.0,1107772802724.0
2020-02-26,591118726025,519818162483.0,1110936888508.0
2020-02-27,589914863168,519358961780.0,1109273824948.0
2020-02-28,582209646574,505693031962.0,1087902678536.0
2020-03-02,584892862349,511391678858.0,1096284541207.0
2020-03-03,587708596032,514331095365.0,1102039691397.0
2020-03-04,589223256850,515924722274.0,1105147979124.0
2020-03-05,594628864283,520434179954.0,1115063044237.0
2020-03-06,590460217993,520357505604.0,1110817723597.0
2020-03-09,591181177560,516707449205.0,1107888626765.0
2020-03-10,591394308733,521869297309.0,1113263606042.0
2020-03-11,590756731201,520578882586.0,1111335613787.0
2020-03-12,589062499522,518864427401.0,1107926926923.0
2020-03-13,585866095442,513589788166.0,1099455883608.0
2020-03-16,578948250524,503196219177.0,1082144469701.0
2020-03-17,579300265730,504454718178.0,1083754983908.0
2020-03-18,575453741797,499159404542.0,1074613146339.0
2020-03-19,576795028671,502124537713.0,1078919566384.0
2020-03-20,573455088179,499649197859.0,1073104286038.0
2020-03-23,569697127931,493530178433.0,1063227306364.0
2020-03-24,568532351819,493767735485.0,1062300087304.0
2020-03-25,569239231247,494446164320.0,1063685395567.0
2020-03-26,567775129391,491725407412.0,1059500536803.0
2020-03-27,565477732570,488262702166.0,1053740434736.0
2020-03-30,564031495104,486053632524.0,1050085127628.0
2020-03-31,562713019950,484731326081.0,1047444346031.0
2020-04-01,559305882671,483689592766.0,1042995475437.0
2020-04-02,558526402294,485807275024.0,1044333677318.0
2020-04-03,554642771517,482845549547.0,1037488321064.0
2020-04-07,556005279122,486965856254.0,1042971135376.0
2020-04-08,555044653995,487596365070.0,1042641019065.0
2020-04-09,555131422688,489341197175.0,1044472619863.0
2020-04-10,552122826513,485784700457.0,1037907526970.0
2020-04-13,551402967203,486014529600.0,1037417496803.0
2020-04-14,551453038319,486326194621.0,1037779232940.0
2020-04-15,551400055359,486454643662.0,1037854699021.0
2020-04-16,552724896743,487260215594.0,1039985112337.0
2020-04-17,551148283066,486555441093.0,1037703724159.0
2020-04-20,552092865833,489370494211.0,1041463360044.0
2020-04-21,552024405126,490463061808.0,1042487466934.0
2020-04-22,552974194763,492525158643.0,1045499353406.0
2020-04-23,552995180646,492361574758.0,1045356755404.0
2020-04-24,550033499023,488802471958.0,1038835970981.0
2020-04-27,549190163750,487722592361.0,1036912756111.0
2020-04-28,546719357234,485924833967.0,1032644191201.0
2020-04-29,543684772162,484857810876.0,1028542583038.0
2020-04-30,540087048500,481540744235.0,1021627792735.0
2020-05-06,546427698550,487079301937.0,1033507000487.0
2020-05-07,548983059716,490474771739.0,1039457831455.0
2020-05-08,550055155563,490899643352.0,1040954798915.0
2020-05-11,553137209402,493983394094.0,1047120603496.0
2020-05-12,554421178255,495645801847.0,1050066980102.0
2020-05-13,554829513206,498320149184.0,1053149662390.0
2020-05-14,555669875057,499204013772.0,1054873888829.0
2020-05-15,555066959688,499245047244.0,1054312006932.0
2020-05-18,556568601275,498731569414.0,1055300170689.0
2020-05-19,558516802310,500383075950.0,1058899878260.0
2020-05-20,558071029282,500786117246.0,1058857146528.0
2020-05-21,557611667024,500600623772.0,1058212290796.0
2020-05-22,556339825469,496945531530.0,1053285356999.0
2020-05-25,556476814207,497029445261.0,1053506259468.0
2020-05-26,557499732122,498452065685.0,1055951797807.0
2020-05-27,557552127210,497935837869.0,1055487965079.0
2020-05-28,556679561665,497969304295.0,1054648865960.0
2020-05-29,555018097562,496894771442.0,1051912869004.0
2020-06-01,559577690993,502433278675.0,1062010969668.0
2020-06-02,560049208115,506094244983.0,1066143453098.0
2020-06-03,560353938047,508554825273.0,1068908763320.0
2020-06-04,562154767159,508689247326.0,1070844014485.0
2020-06-05,562693813584,507127778925.0,1069821592509.0
2020-06-08,564623246283,509712072766.0,1074335319049.0
2020-06-09,565324951356,510723661638.0,1076048612994.0
2020-06-10,566139309135,511951472719.0,1078090781854.0
2020-06-11,567697168308,513292991878.0,1080990160186.0
2020-06-12,567784675205,512972867352.0,1080757542557.0
2020-06-15,569218261248,515838671509.0,1085056932757.0
2020-06-16,571708480538,520499482100.0,1092207962638.0
2020-06-17,572629011059,523133118792.0,1095762129851.0
2020-06-18,574702654882,526023373065.0,1100726027947.0
2020-06-19,574584041996,526117482984.0,1100701524980.0
2020-06-22,579997002944,531454808684.0,1111451811628.0
2020-06-23,582362137952,533229003786.0,1115591141738.0
2020-06-24,578986495858,531535032601.0,1110521528459.0
2020-06-29,583149719849,536059356129.0,1119209075978.0
2020-06-30,588541166170,542833003150.0,1131374169320.0
2020-07-01,593499380417,548661831099.0,1142161211516.0
2020-07-02,599389899784,555621038406.0,1155010938190.0
2020-07-03,606187612076,560577408273.0,1166765020349.0
2020-07-06,627556881275,576033236515.0,1203590117790.0
2020-07-07,640490679043,589502546680.0,1229993225723.0
2020-07-08,657755813850,602942715092.0,1260698528942.0
2020-07-09,669814955947,614860931788.0,1284675887735.0
2020-07-10,678735135575,622647059040.0,1301382194615.0
2020-07-13,693969954893,637946656633.0,1331916611526.0
2020-07-14,700304768072,644712749316.0,1345017517388.0
2020-07-15,703088755528,643403252536.0,1346492008064.0
2020-07-16,701564857416,640374907827.0,1341939765243.0
2020-07-17,696844708851,637994464363.0,1334839173214.0
2020-07-20,701056904736,643512781679.0,1344569686415.0
2020-07-21,701417603825,643511611820.0,1344929215645.0
2020-07-22,704025960797,646370158065.0,1350396118862.0
2020-07-23,708063785728,650039205257.0,1358102990985.0
2020-07-24,700715314451,640462332153.0,1341177646604.0
2020-07-27,703259741449,641731534189.0,1344991275638.0
2020-07-28,703851065382,642059645946.0,1345910711328.0
2020-07-29,709581445856,648784931244.0,1358366377100.0
2020-07-30,712590778640,652720275862.0,1365311054502.0
2020-07-31,715121775818,656889297429.0,1372011073247.0
2020-08-03,725137948042,668974796262.0,1394112744304.0
2020-08-04,725683475209,672271196893.0,1397954672102.0
2020-08-05,732690221755,676065148980.0,1408755370735.0
2020-08-06,734608599055,678057641392.0,1412666240447.0
2020-08-07,729497666990,674124936134.0,1403622603124.0
2020-08-10,732624432487,675741994018.0,1408366426505.0
2020-08-11,729671717222,673192012136.0,1402863729358.0
2020-08-12,726584281714,672505816033.0,1399090097747.0
2020-08-13,726545298137,674050997434.0,1400596295571.0
2020-08-14,723080350545,670676882404.0,1393757232949.0
2020-08-17,732081513102,677945205026.0,1410026718128.0
2020-08-18,737139287741,680116693732.0,1417255981473.0
2020-08-19,738102277544,678989984692.0,1417092262236.0
2020-08-20,736808467432,678862660833.0,1415671128265.0
2020-08-21,735221001471,678673981817.0,1413894983288.0
2020-08-24,736231596569,683901753867.0,1420133350436.0
2020-08-25,734610783208,684388647596.0,1418999430804.0
2020-08-26,731526000698,681137716945.0,1412663717643.0
2020-08-27,731588258795,683007804871.0,1414596063666.0
2020-08-28,732783678329,683039482606.0,1415823160935.0
2020-08-31,737496841386,688134069128.0,1425630910514.0
2020-09-01,738562557286,689756117253.0,1428318674539.0
2020-09-02,741383469957,694926851237.0,1436310321194.0
2020-09-03,740658070283,695497726725.0,1436155797008.0
2020-09-04,738886120757,694414118970.0,1433300239727.0
2020-09-07,737269953161,694150550323.0,1431420503484.0
2020-09-08,736096993567,693554923949.0,1429651917516.0
2020-09-09,733691061340,691746965787.0,1425438027127.0
2020-09-10,729123226445,685332802653.0,1414456029098.0
2020-09-11,728111760910,683200397189.0,1411312158099.0
2020-09-14,729061180106,684146842788.0,1413208022894.0
2020-09-15,729117519444,684968907070.0,1414086426514.0
2020-09-16,728439717981,684828575441.0,1413268293422.0
2020-09-17,730029382106,685530004918.0,1415559387024.0
2020-09-18,731266023818,685514370490.0,1416780394308.0
2020-09-21,730726552552,687289513103.0,1418016065655.0
2020-09-22,731247489707,686246868950.0,1417494358657.0
2020-09-23,732305245167,687646538248.0,1419951783415.0
2020-09-24,732858922643,685803465309.0,1418662387952.0
2020-09-25,730801783480,683398924091.0,1414200707571.0
2020-09-28,728325003590,680781334136.0,1409106337726.0
2020-09-29,726928420180,678402913347.0,1405331333527.0
2020-09-30,718773947637,669972711261.0,1388746658898.0
2020-10-09,722623954673,676859712164.0,1399483666837.0
2020-10-12,726418414800,684956746643.0,1411375161443.0
2020-10-13,729474250695,690596200678.0,1420070451373.0
2020-10-14,731954188699,694870454055.0,1426824642754.0
2020-10-15,731454593803,696474179773.0,1427928773576.0
2020-10-16,730157187663,693689802135.0,1423846989798.0
2020-10-19,731751610228,693951721665.0,1425703331893.0
2020-10-20,732194798565,696214064289.0,1428408862854.0
2020-10-21,732558183793,694946694388.0,1427504878181.0
2020-10-22,733209692892,696054899713.0,1429264592605.0
2020-10-23,728885246959,690701610861.0,1419586857820.0
2020-10-26,728064512071,689043472133.0,1417107984204.0
2020-10-27,728401575575,688809152882.0,1417210728457.0
2020-10-28,729233081780,690710827462.0,1419943909242.0
2020-10-29,730205468600,692245847496.0,1422451316096.0
2020-10-30,726579583483,688296695403.0,1414876278886.0
2020-11-02,726761818581,689595647096.0,1416357465677.0
2020-11-03,728262128568,691126873940.0,1419389002508.0
2020-11-04,729638305309,693389974204.0,1423028279513.0
2020-11-05,731306759721,697161765020.0,1428468524741.0
2020-11-06,730307648470,698221800445.0,1428529448915.0
2020-11-09,736547030957,702801052356.0,1439348083313.0
2020-11-10,736348759208,705376822285.0,1441725581493.0
2020-11-11,735194222361,704842520720.0,1440036743081.0
2020-11-12,735155468482,704478613337.0,1439634081819.0
2020-11-13,735796686341,703132461055.0,1438929147396.0
2020-11-16,738105266238,706256901243.0,1444362167481.0
2020-11-17,738190820752,707706471023.0,1445897291775.0
2020-11-18,738724749306,708724734965.0,1447449484271.0
2020-11-19,737923991149,708457984264.0,1446381975413.0
2020-11-20,737865462670,707370962701.0,1445236425371.0
2020-11-23,742675022714,711507371763.0,1454182394477.0
2020-11-24,745084788566,713631712961.0,1458716501527.0
2020-11-25,746180978294,714307072921.0,1460488051215.0
2020-11-26,744973294987,712389046564.0,1457362341551.0
2020-11-27,743489604691,708965956697.0,1452455561388.0
2020-11-30,747061399190,710121138629.0,1457182537819.0
2020-12-01,749657391509,713332830156.0,1462990221665.0
2020-12-02,752828422299,716531188860.0,1469359611159.0
2020-12-03,753985375607,716156044557.0,1470141420164.0
2020-12-04,754258913777,714836508565.0,1469095422342.0
2020-12-07,756851607868,717155416516.0,1474007024384.0
2020-12-08,757976387724,716092283435.0,1474068671159.0
2020-12-09,754519180325,714646807337.0,1469165987662.0
2020-12-10,755649047599,712951835175.0,1468600882774.0
2020-12-11,753613864795,710279304157.0,1463893168952.0
2020-12-14,755709036504,711041522053.0,1466750558557.0
2020-12-15,756368148234,710576618800.0,1466944767034.0
2020-12-16,757250182818,710250730119.0,1467500912937.0
2020-12-17,758568721435,711685550135.0,1470254271570.0
2020-12-18,759171142789,712463513570.0,1471634656359.0
2020-12-21,763664230810,714013040399.0,1477677271209.0
2020-12-22,764320464544,714212025709.0,1478532490253.0
2020-12-23,766290955690,716131250103.0,1482422205793.0
2020-12-24,765792112747,716754192788.0,1482546305535.0
2020-12-25,767303833177,715561719470.0,1482865552647.0
2020-12-28,769227904714,716579737800.0,1485807642514.0
2020-12-29,766565014922,712962259437.0,1479527274359.0
2020-12-30,768713795726,714358964649.0,1483072760375.0
2020-12-31,768366961044,713657084317.0,1482024045361.0
2021-01-04,780490219310,725230617497.0,1505720836807.0
2021-01-05,786485232814,729080330000.0,1515565562814.0
2021-01-06,789702817707,731578013837.0,1521280831544.0
2021-01-07,792507228848,734999507403.0,1527506736251.0
2021-01-08,792770084113,733609485354.0,1526379569467.0
2021-01-11,793378564093,735477490340.0,1528856054433.0
2021-01-12,799390393893,737695483313.0,1537085877206.0
2021-01-13,802444845154,737776974350.0,1540221819504.0
2021-01-14,802748756831,735929655977.0,1538678412808.0
2021-01-15,801616826104,734929008848.0,1536545834952.0
2021-01-18,805075741296,739433967067.0,1544509708363.0
2021-01-19,807854268016,740200970784.0,1548055238800.0
2021-01-20,811252474957,741650468720.0,1552902943677.0
2021-01-21,815992756519,744992419155.0,1560985175674.0
2021-01-22,815403994518,744944215899.0,1560348210417.0
2021-01-25,819391832231,747134684681.0,1566526516912.0
2021-01-26,816084569630,744218276303.0,1560302845933.0
2021-01-27,816237694539,743374056365.0,1559611750904.0
2021-01-28,814568038845,740641820773.0,1555209859618.0
2021-01-29,808530764245,731709803628.0,1540240567873.0
2021-02-01,807900109492,730573090614.0,1538473200106.0
2021-02-02,807418158794,730838246791.0,1538256405585.0
2021-02-03,807189978760,729854968834.0,1537044947594.0
2021-02-04,802902827539,725148806001.0,1528051633540.0
2021-02-05,798537947597,719206770111.0,1517744717708.0
2021-02-08,796355371775,718167803097.0,1514523174872.0
2021-02-09,796972031083,719786498523.0,1516758529606.0
2021-02-10,787516930548,711250104283.0,1498767034831.0
2021-02-18,798674299752,723060203387.0,1521734503139.0
2021-02-19,802437603320,725302161895.0,1527739765215.0
2021-02-22,810360452570,730088719947.0,1540449172517.0
2021-02-23,808409083165,730293360656.0,1538702443821.0
2021-02-24,809020164487,730425199473.0,1539445363960.0
2021-02-25,809129415626,728485833261.0,1537615248887.0
2021-02-26,806306694237,724073307447.0,1530380001684.0
2021-03-01,810117759809,724015863440.0,1534133623249.0
2021-03-02,811873629757,724326599204.0,1536200228961.0
2021-03-03,812100512664,724041299251.0,1536141811915.0
2021-03-04,809064212364,723587101122.0,1532651313486.0
2021-03-05,806221304478,720034633718.0,1526255938196.0
2021-03-08,806617415006,718318389497.0,1524935804503.0
2021-03-09,802276032864,714461719161.0,1516737752025.0
2021-03-10,799146556678,710892372973.0,1510038929651.0
2021-03-11,800321367759,712172612213.0,1512493979972.0
2021-03-12,798267706264,709551845458.0,1507819551722.0
2021-03-15,800532718804,711078279606.0,1511610998410.0
2021-03-16,798752178835,711103769306.0,1509855948141.0
2021-03-17,799559077424,711272971476.0,1510832048900.0
2021-03-18,797938882384,711378072912.0,1509316955296.0
2021-03-19,797113296291,710409521516.0,1507522817807.0
2021-03-22,799080919527,713657564410.0,1512738483937.0
2021-03-23,797829780590,713519113746.0,1511348894336.0
2021-03-24,797166421861,714641358099.0,1511807779960.0
2021-03-25,794874768272,713014400337.0,1507889168609.0
2021-03-26,794126530855,711445323866.0,1505571854721.0
2021-03-29,795015266755,712279222166.0,1507294488921.0
2021-03-30,795773068523,711771350968.0,1507544419491.0
2021-03-31,797053733339,712667827791.0,1509721561130.0
2021-04-01,795949098021,711305254291.0,1507254352312.0
2021-04-02,794150731478,709928762734.0,1504079494212.0
2021-04-06,796954365915,713892681545.0,1510847047460.0
2021-04-07,799996518343,716465396128.0,1516461914471.0
2021-04-08,800340627444,716729202582.0,1517069830026.0
2021-04-09,799847556152,715000419011.0,1514847975163.0
2021-04-12,799161820983,714798462448.0,1513960283431.0
2021-04-13,796009150413,712633548787.0,1508642699200.0
2021-04-14,796769159448,713142717250.0,1509911876698.0
2021-04-15,796817584862,713984728689.0,1510802313551.0
2021-04-16,796060470679,712508759894.0,1508569230573.0
2021-04-19,798163983816,715194512646.0,1513358496462.0
2021-04-20,799379211818,716395927274.0,1515775139092.0
2021-04-21,800209654159,716807482492.0,1517017136651.0
2021-04-22,801362797628,718688853708.0,1520051651336.0
2021-04-23,798915127810,717074220454.0,1515989348264.0
2021-04-26,800606899865,718482922572.0,1519089822437.0
2021-04-27,799784841520,716856595767.0,1516641437287.0
2021-04-28,801048423429,717094067503.0,1518142490932.0
2021-04-29,799593299537,715959416666.0,1515552716203.0
2021-04-30,793351750738,709203424877.0,1502555175615.0
2021-05-06,797716392311,713422184182.0,1511138576493.0
2021-05-07,797991832859,711680188097.0,1509672020956.0
2021-05-10,801540647009,713418825039.0,1514959472048.0
2021-05-11,802469810548,714239915401.0,1516709725949.0
2021-05-12,804277321885,716047859666.0,1520325181551.0
2021-05-13,805229017067,716861778833.0,1522090795900.0
2021-05-14,804800999074,717867782709.0,1522668781783.0
2021-05-17,807065819160,720256213362.0,1527322032522.0
2021-05-18,808587241994,724169780109.0,1532757022103.0
2021-05-19,810481964331,728197985841.0,1538679950172.0
2021-05-20,811462296683,728341934394.0,1539804231077.0
2021-05-21,810670237086,728479390204.0,1539149627290.0
2021-05-24,813674545450,731228841985.0,1544903387435.0
2021-05-25,814261003267,730019062495.0,1544280065762.0
2021-05-26,816490842964,733259833905.0,1549750676869.0
2021-05-27,820729295439,735786584327.0,1556515879766.0
2021-05-28,821972013714,737460262427.0,1559432276141.0
2021-05-31,827953586295,741634495694.0,1569588081989.0
2021-06-01,832469753416,745065417707.0,1577535171123.0
2021-06-02,833882640084,745049032118.0,1578931672202.0
2021-06-03,834774042167,745234849259.0,1580008891426.0
2021-06-04,833301157301,744129888455.0,1577431045756.0
2021-06-07,837659288066,747443504783.0,1585102792849.0
2021-06-08,838114869374,747620102745.0,1585734972119.0
2021-06-09,838589270926,747941720764.0,1586530991690.0
2021-06-10,840153205978,750935037586.0,1591088243564.0
2021-06-11,837408440042,749771859021.0,1587180299063.0
2021-06-15,841056218056,753351178770.0,1594407396826.0
2021-06-16,839898644373,749442944673.0,1589341589046.0
2021-06-17,842780416135,749491817688.0,1592272233823.0
2021-06-18,845059995477,749886390347.0,1594946385824.0
2021-06-21,848131601893,753840659683.0,1601972261576.0
2021-06-22,851273356925,756874474305.0,1608147831230.0
2021-06-23,851813694053,759871390113.0,1611685084166.0
2021-06-24,852782054553,760130427954.0,1612912482507.0
2021-06-25,852621255199,759218317688.0,1611839572887.0
2021-06-28,858117612067,762705887109.0,1620823499176.0
2021-06-29,860723220494,763997924599.0,1624721145093.0
2021-06-30,862822810436,765333090778.0,1628155901214.0
2021-07-01,857176520953,760945538369.0,1618122059322.0
2021-07-02,856383116685,759666135866.0,1616049252551.0
2021-07-05,859728229295,762643204845.0,1622371434140.0
2021-07-06,859643243967,762593454673.0,1622236698640.0
2021-07-07,863753184065,765389786685.0,1629142970750.0
2021-07-08,866722341986,766948802636.0,1633671144622.0
2021-07-09,866811908074,768755982129.0,1635567890203.0
2021-07-12,872053294616,772499806361.0,1644553100977.0
2021-07-13,874128252202,775693954012.0,1649822206214.0
2021-07-14,872899264566,777611132540.0,1650510397106.0
2021-07-15,872344914304,777769239414.0,1650114153718.0
2021-07-16,871247201089,775716778071.0,1646963979160.0
2021-07-19,872204634809,776408434235.0,1648613069044.0
2021-07-20,872574217435,778126755443.0,1650700972878.0
2021-07-21,876263677708,782767734688.0,1659031412396.0
2021-07-22,881145142633,785232484281.0,1666377626914.0
2021-07-23,881396553942,783629926653.0,1665026480595.0
2021-07-26,884072314143,783864465243.0,1667936779386.0
2021-07-27,881974200598,778063914870.0,1660038115468.0
2021-07-28,875017626385,769380128422.0,1644397754807.0
2021-07-29,877935876728,770407460200.0,1648343336928.0
2021-07-30,875692505732,771845872269.0,1647538378001.0
2021-08-02,880443503451,778449714474.0,1658893217925.0
2021-08-03,879217994964,778431951507.0,1657649946471.0
2021-08-04,881972881172,783893033271.0,1665865914443.0
2021-08-05,882804292001,787353559180.0,1670157851181.0
2021-08-06,884172429529,786514670610.0,1670687100139.0
2021-08-09,887076996399,789905581275.0,1676982577674.0
2021-08-10,887179157175,791366684984.0,1678545842159.0
2021-08-11,889399169595,796328823811.0,1685727993406.0
2021-08-12,893309284237,799279624120.0,1692588908357.0
2021-08-13,891183785513,798615815454.0,1689799600967.0
2021-08-16,890815556382,800446362009.0,1691261918391.0
2021-08-17,885923828822,796710529406.0,1682634358228.0
2021-08-18,887500266893,796405756895.0,1683906023788.0
2021-08-19,884683739098,797381391329.0,1682065130427.0
2021-08-20,882309838568,797157826588.0,1679467665156.0
2021-08-23,890417780550,802879979384.0,1693297759934.0
2021-08-24,893429651301,804726132067.0,1698155783368.0
2021-08-25,895334183375,806761332063.0,1702095515438.0
2021-08-26,898406898219,807435249105.0,1705842147324.0
2021-08-27,894912847257,806503004995.0,1701415852252.0
2021-08-30,899089666980,809400566990.0,1708490233970.0
2021-08-31,899385982475,807290503266.0,1706676485741.0
2021-09-01,901344977545,806666364182.0,1708011341727.0
2021-09-02,902656833418,808004766005.0,1710661599423.0
2021-09-03,900676269106,803628016839.0,1704304285945.0
2021-09-06,906099410796,806921449557.0,1713020860353.0
2021-09-07,910090394094,810006867397.0,1720097261491.0
2021-09-08,916346887959,814499285865.0,1730846173824.0
2021-09-09,922785428017,816860213729.0,1739645641746.0
2021-09-10,923583113669,817923388291.0,1741506501960.0
2021-09-13,930764129760,821974054376.0,1752738184136.0
2021-09-14,931887499426,822287386843.0,1754174886269.0
2021-09-15,933956191047,824423028406.0,1758379219453.0
2021-09-16,928450655117,819413477862.0,1747864132979.0
2021-09-17,918229550357,811317363674.0,1729546914031.0
2021-09-22,922535888976,814010108359.0,1736545997335.0
2021-09-23,926721903101,814704207911.0,1741426111012.0
2021-09-24,921279018246,810699596032.0,1731978614278.0
2021-09-27,914364873491,805046257315.0,1719411130806.0
2021-09-28,912997702505,803143222704.0,1716140925209.0
2021-09-29,906996167002,798452126660.0,1705448293662.0
2021-09-30,896254829811,789086368159.0,1685341197970.0
2021-10-08,901386226189,794739793852.0,1696126020041.0
2021-10-11,902622940053,796944355452.0,1699567295505.0
2021-10-12,900741231360,794854832274.0,1695596063634.0
2021-10-13,898870170634,793858223005.0,1692728393639.0
2021-10-14,898738267985,795672835092.0,1694411103077.0
2021-10-15,895814114221,793462041373.0,1689276155594.0
2021-10-18,901100271885,795489016786.0,1696589288671.0
2021-10-19,902716530777,797084517214.0,1699801047991.0
2021-10-20,905782630328,798901843916.0,1704684474244.0
2021-10-21,906155333844,798591031203.0,1704746365047.0
2021-10-22,903152283548,795536548877.0,1698688832425.0
2021-10-25,905911108778,799601563614.0,1705512672392.0
2021-10-26,908601388757,799828210850.0,1708429599607.0
2021-10-27,910663397709,798957348459.0,1709620746168.0
2021-10-28,906812813649,793725305138.0,1700538118787.0
2021-10-29,903863548830,792955630199.0,1696819179029.0
2021-11-01,904908107430,796339232843.0,1701247340273.0
2021-11-02,902216238930,793524242164.0,1695740481094.0
2021-11-03,900087292307,792703598809.0,1692790891116.0
2021-11-04,902439884671,794783974698.0,1697223859369.0
2021-11-05,895795759951,791510891734.0,1687306651685.0
2021-11-08,896875925401,795885426919.0,1692761352320.0
2021-11-09,898707817919,797228197479.0,1695936015398.0
2021-11-10,899331842771,798651652796.0,1697983495567.0
2021-11-11,899651946243,799482914102.0,1699134860345.0
2021-11-12,896986190333,801035714826.0,1698021905159.0
2021-11-15,897001566079,803041991025.0,1700043557104.0
2021-11-16,895203793301,801450805365.0,1696654598666.0
2021-11-17,896710208816,803936951024.0,1700647159840.0
2021-11-18,897810789912,804188009179.0,1701998799091.0
2021-11-19,896957362621,803386032693.0,1700343395314.0
2021-11-22,902371955149,808802306359.0,1711174261508.0
2021-11-23,904116936824,810744067317.0,1714861004141.0
2021-11-24,904574071421,814105050029.0,1718679121450.0
2021-11-25,905679295346,815611344343.0,1721290639689.0
2021-11-26,904436858616,813360903497.0,1717797762113.0
2021-11-29,906873810702,813650957266.0,1720524767968.0
2021-11-30,908483085484,815470208244.0,1723953293728.0
2021-12-01,910308466514,816644320751.0,1726952787265.0
2021-12-02,908489878210,816488828537.0,1724978706747.0
2021-12-03,907443980718,815675732224.0,1723119712942.0
2021-12-06,907463353414,815100935357.0,1722564288771.0
2021-12-07,906117771051,813485711884.0,1719603482935.0
2021-12-08,907881320453,814352730424.0,1722234050877.0
2021-12-09,908880092802,813659665319.0,1722539758121.0
2021-12-10,910033221248,813946500207.0,1723979721455.0
2021-12-13,913950078858,815026727065.0,1728976805923.0
2021-12-14,915338431382,815625633695.0,1730964065077.0
2021-12-15,917286307636,815548835405.0,1732835143041.0
2021-12-16,916542583380,816302223238.0,1732844806618.0
2021-12-17,912380095462,813707252493.0,1726087347955.0
2021-12-20,911283958963,812496330792.0,1723780289755.0
2021-12-21,910211617764,811821189816.0,1722032807580.0
2021-12-22,910705749396,812562646780.0,1723268396176.0
2021-12-23,910955003301,812977622691.0,1723932625992.0
2021-12-24,905742911873,809242132223.0,1714985044096.0
2021-12-27,907936630520,810522383672.0,1718459014192.0
2021-12-28,909665874508,811574889034.0,1721240763542.0
2021-12-29,908622510506,812525186910.0,1721147697416.0
2021-12-30,908562701859,812800502650.0,1721363204509.0
2021-12-31,903074844982,808976134174.0,1712050979156.0
2022-01-04,906057651977,812970787875.0,1719028439852.0
2022-01-05,904167215798,812154757945.0,1716321973743.0
2022-01-06,904082746979,813766691068.0,1717849438047.0
2022-01-07,895813442330,806888273850.0,1702701716180.0
2022-01-10,896873723408,807663576548.0,1704537299956.0
2022-01-11,896737126432,806866742672.0,1703603869104.0
2022-01-12,898405575020,807385955517.0,1705791530537.0
2022-01-13,897215444391,808031003026.0,1705246447417.0
2022-01-14,895539506386,805386702004.0,1700926208390.0
2022-01-17,896735334253,808598834359.0,1705334168612.0
2022-01-18,895190092705,806827639701.0,1702017732406.0
2022-01-19,892008945432,806760712605.0,1698769658037.0
2022-01-20,886686826861,801786415773.0,1688473242634.0
2022-01-21,881353735363,795148628403.0,1676502363766.0
2022-01-24,879433636370,794566460854.0,1674000097224.0
2022-01-25,875761757447,789093034954.0,1664854792401.0
2022-01-26,872693075234,784865179078.0,1657558254312.0
2022-01-27,868250393955,780154059779.0,1648404453734.0
2022-01-28,854740314467,765544431852.0,1620284746319.0
2022-02-07,855901800819,767889837723.0,1623791638542.0
2022-02-08,854484927188,767991506876.0,1622476434064.0
2022-02-09,854850368933,770261585017.0,1625111953950.0
2022-02-10,853570690387,770587356687.0,1624158047074.0
2022-02-11,849788559074,768161542397.0,1617950101471.0
2022-02-14,852506500811,768460557245.0,1620967058056.0
2022-02-15,853614767892,768100594516.0,1621715362408.0
2022-02-16,853461937896,769804778706.0,1623266716602.0
2022-02-17,853470424387,770177948304.0,1623648372691.0
2022-02-18,851255690984,768624345923.0,1619880036907.0
2022-02-21,854404344357,772413928736.0,1626818273093.0
2022-02-22,856149573287,773528603176.0,1629678176463.0
2022-02-23,859158753274,777063531637.0,1636222284911.0
2022-02-24,859170791373,772312254562.0,1631483045935.0
2022-02-25,857890092841,771650350486.0,1629540443327.0
2022-02-28,858010482942,773105102050.0,1631115584992.0
2022-03-01,858304931586,774343798312.0,1632648729898.0
2022-03-02,859052842301,775579889878.0,1634632732179.0
2022-03-03,858343094456,775106276897.0,1633449371353.0
2022-03-04,856218564496,771895014896.0,1628113579392.0
2022-03-07,859249648231,772104643856.0,1631354292087.0
2022-03-08,859765307764,769644536078.0,1629409843842.0
2022-03-09,856888363483,764699525570.0,1621587889053.0
2022-03-10,855756680056,763730356886.0,1619487036942.0
2022-03-11,853309031318,760063406023.0,1613372437341.0
2022-03-14,854517735470,760252318608.0,1614770054078.0
2022-03-15,848623434249,753742176064.0,1602365610313.0
2022-03-16,846194275056,751833200488.0,1598027475544.0
2022-03-17,843697373088,750126526351.0,1593823899439.0
2022-03-18,837539032759,749200067685.0,1586739100444.0
2022-03-21,840383540777,751084574602.0,1591468115379.0
2022-03-22,840092127566,751608052314.0,1591700179880.0
2022-03-23,840333260621,751406921449.0,1591740182070.0
2022-03-24,839618088604,751659957993.0,1591278046597.0
2022-03-25,837409442628,749794716045.0,1587204158673.0
2022-03-28,836838011083,749110913652.0,1585948924735.0
2022-03-29,835896947038,747937145247.0,1583834092285.0
2022-03-30,837963805834,748464057682.0,1586427863516.0
2022-03-31,834878658068,745812699607.0,1580691357675.0
2022-04-01,829794726178,740219626390.0,1570014352568.0
2022-04-06,833503942754,742801894302.0,1576305837056.0
2022-04-07,831706002323,740695565605.0,1572401567928.0
2022-04-08,828836634090,737702357870.0,1566538991960.0
2022-04-11,825857374580,733020374502.0,1558877749082.0
2022-04-12,824919866194,731646500886.0,1556566367080.0
2022-04-13,823145306933,728299589928.0,1551444896861.0
2022-04-14,822208340708,728006353599.0,1550214694307.0
2022-04-15,818388672866,723018216333.0,1541406889199.0
2022-04-18,818459315143,722560771525.0,1541020086668.0
2022-04-19,818341922489,721731110196.0,1540073032685.0
2022-04-20,818724649829,720979435887.0,1539704085716.0
2022-04-21,814245491550,715383078729.0,1529628570279.0
2022-04-22,808088418338,708908721045.0,1516997139383.0
2022-04-25,798777756593,694667635735.0,1493445392328.0
2022-04-26,785342465926,680107515895.0,1465449981821.0
2022-04-27,779434455889,674566975588.0,1454001431477.0
2022-04-28,774383614466,670073206307.0,1444456820773.0
2022-04-29,768384978166,665381895790.0,1433766873956.0
2022-05-05,770358757845,669396568503.0,1439755326348.0
2022-05-06,770636270872,668143109469.0,1438779380341.0
2022-05-09,772594360832,668275740546.0,1440870101378.0
2022-05-10,773026055278,669317626842.0,1442343682120.0
2022-05-11,775240016082,671351076768.0,1446591092850.0
2022-05-12,775606280676,670287171557.0,1445893452233.0
2022-05-13,774154774214,669567355401.0,1443722129615.0
2022-05-16,775727439591,669739153335.0,1445466592926.0
2022-05-17,775207185635,669784905103.0,1444992090738.0
2022-05-18,776847783482,669579450557.0,1446427234039.0
2022-05-19,777272455643,669466432823.0,1446738888466.0
2022-05-20,775382706063,668325834979.0,1443708541042.0
2022-05-23,778251389141,671237371415.0,1449488760556.0
2022-05-24,776297399896,670943995296.0,1447241395192.0
2022-05-25,776948782318,671851504563.0,1448800286881.0
2022-05-26,776861193425,671845817955.0,1448707011380.0
2022-05-27,773904370625,669890049709.0,1443794420334.0
2022-05-30,775287251445,669718199511.0,1445005450956.0
2022-05-31,775391474256,669172979464.0,1444564453720.0
2022-06-01,775888801375,668382535706.0,1444271337081.0
2022-06-02,774052689799,666652053739.0,1440704743538.0
2022-06-06,779744766199,670146750684.0,1449891516883.0
2022-06-07,782087338586,671267518216.0,1453354856802.0
2022-06-08,782800121321,673440117129.0,1456240238450.0
2022-06-09,783308464450,674780517193.0,1458088981643.0
2022-06-10,782256232225,674742673014.0,1456998905239.0
2022-06-13,788358540702,678170045565.0,1466528586267.0
2022-06-14,790607292252,679879414902.0,1470486707154.0
2022-06-15,793609922510,681814025381.0,1475423947891.0
2022-06-16,795756728177,683274377058.0,1479031105235.0
2022-06-17,793940350029,682998612429.0,1476938962458.0
2022-06-20,798401593884,684744048833.0,1483145642717.0
2022-06-21,796791144096,684136905174.0,1480928049270.0
2022-06-22,799032181409,686021319129.0,1485053500538.0
2022-06-23,799470136679,688554238400.0,1488024375079.0
2022-06-24,799101774063,687747828569.0,1486849602632.0
2022-06-27,804152526967,691961333211.0,1496113860178.0
2022-06-28,808027652202,696641784715.0,1504669436917.0
2022-06-29,807930379714,697315608036.0,1505245987750.0
2022-06-30,810173314834,699596039868.0,1509769354702.0
2022-07-01,807893323016,699305781047.0,1507199104063.0
2022-07-04,811494011440,703873869520.0,1515367880960.0
2022-07-05,813443887342,705287551426.0,1518731438768.0
2022-07-06,815649145513,707525526871.0,1523174672384.0
2022-07-07,816739788005,710950674268.0,1527690462273.0
2022-07-08,815301810057,708122193131.0,1523424003188.0
2022-07-11,815819236317,708678810184.0,1524498046501.0
2022-07-12,814427103321,707871835534.0,1522298938855.0
2022-07-13,814864156128,709770949646.0,1524635105774.0
2022-07-14,816457913392,709967622123.0,1526425535515.0
2022-07-15,814971261389,706245156192.0,1521216417581.0
2022-07-18,816693870032,709672771634.0,1526366641666.0
2022-07-19,818368021163,710916802717.0,1529284823880.0
2022-07-20,819291476832,711803701561.0,1531095178393.0
2022-07-21,820120344143,710493625822.0,1530613969965.0
2022-07-22,819125924113,708425382686.0,1527551306799.0
2022-07-25,818877487640,708157376120.0,1527034863760.0
2022-07-26,818271843241,708771653846.0,1527043497087.0
2022-07-27,819846008863,711130625483.0,1530976634346.0
2022-07-28,820081385003,711183230640.0,1531264615643.0
2022-07-29,818061069544,709673092316.0,1527734161860.0
2022-08-01,818992456447,711534323665.0,1530526780112.0
2022-08-02,813462510618,705009965473.0,1518472476091.0
2022-08-03,812291833769,703109236772.0,1515401070541.0
2022-08-04,813705139650,704045618488.0,1517750758138.0
2022-08-05,813049843823,701541639723.0,1514591483546.0
2022-08-08,814640869080,703991324965.0,1518632194045.0
2022-08-09,816962196621,706225734236.0,1523187930857.0
2022-08-10,818375102481,707973259293.0,1526348361774.0
2022-08-11,818175734041,709654426145.0,1527830160186.0
2022-08-12,815776022678,706542599256.0,1522318621934.0
2022-08-15,817951632910,709825370466.0,1527777003376.0
2022-08-16,819254198291,711229540824.0,1530483739115.0
2022-08-17,820026080300,713060478830.0,1533086559130.0
2022-08-18,821505494211,714768507352.0,1536274001563.0
2022-08-19,818796898343,711967099604.0,1530763997947.0
2022-08-22,819764989605,712222481807.0,1531987471412.0
2022-08-23,821273324019,713625871730.0,1534899195749.0
2022-08-24,818520354358,710839314940.0,1529359669298.0
2022-08-25,816965812332,709321083945.0,1526286896277.0
2022-08-26,813729709479,707217678714.0,1520947388193.0
2022-08-29,814151763169,707718646258.0,1521870409427.0
2022-08-30,812992456940,707941584435.0,1520934041375.0
2022-08-31,807729362103,702916954479.0,1510646316582.0
2022-09-01,805956223789,700761462139.0,1506717685928.0
2022-09-02,804547309813,698895548473.0,1503442858286.0
2022-09-05,804717543345,699661690385.0,1504379233730.0
2022-09-06,803513344268,701018659663.0,1504532003931.0
2022-09-07,804203104743,702415250378.0,1506618355121.0
2022-09-08,802936935915,702248082362.0,1505185018277.0
2022-09-09,797665884010,699444592305.0,1497110476315.0
2022-09-13,799641281579,699686475733.0,1499327757312.0
2022-09-14,799281463122,699699583942.0,1498981047064.0
2022-09-15,796544742207,696864426683.0,1493409168890.0
2022-09-16,793641670445,694201872414.0,1487843542859.0
2022-09-19,791758426442,693213296066.0,1484971722508.0
2022-09-20,792317272001,693438141116.0,1485755413117.0
2022-09-21,792373742514,694000240413.0,1486373982927.0
2022-09-22,791371965565,693099824621.0,1484471790186.0
2022-09-23,787247836470,689817733608.0,1477065570078.0
2022-09-26,785774425677,686832871001.0,1472607296678.0
2022-09-27,785240104940,685955888551.0,1471195993491.0
2022-09-28,781113221616,682883716133.0,1463996937749.0
2022-09-29,778830915826,681041969209.0,1459872885035.0
2022-09-30,770623751931,672939209502.0,1443562961433.0
2022-10-10,771203514053,673045406860.0,1444248920913.0
2022-10-11,770735102720,672694594435.0,1443429697155.0
2022-10-12,771370482389,673424751221.0,1444795233610.0
2022-10-13,772376809092,673377883480.0,1445754692572.0
2022-10-14,772023311463,671920971956.0,1443944283419.0
2022-10-17,773363951153,672967441580.0,1446331392733.0
2022-10-18,773992838909,674453903449.0,1448446742358.0
2022-10-19,775306396795,675023685575.0,1450330082370.0
2022-10-20,776269929247,674649331450.0,1450919260697.0
2022-10-21,773692767359,673025114253.0,1446717881612.0
2022-10-24,774821459548,674834414249.0,1449655873797.0
2022-10-25,773969828275,675564676848.0,1449534505123.0
2022-10-26,775833466675,677683756065.0,1453517222740.0
2022-10-27,774796204610,677771714161.0,1452567918771.0
2022-10-28,768599549673,672588696090.0,1441188245763.0
2022-10-31,768736970587,674080070874.0,1442817041461.0
2022-11-01,769667966856,676768524196.0,1446436491052.0
2022-11-02,770284229577,677410677546.0,1447694907123.0
2022-11-03,772623348328,679521945599.0,1452145293927.0
2022-11-04,772462692744,680677036774.0,1453139729518.0
2022-11-07,775900520228,682929153999.0,1458829674227.0
2022-11-08,777224082043,685994784872.0,1463218866915.0
2022-11-09,777824824498,687924029596.0,1465748854094.0
2022-11-10,777550981686,688768627403.0,1466319609089.0
2022-11-11,773552787965,686344594035.0,1459897382000.0
2022-11-14,773920229118,686525067439.0,1460445296557.0
2022-11-15,775706762626,687992827137.0,1463699589763.0
2022-11-16,775839406247,689725487719.0,1465564893966.0
2022-11-17,777288642064,691088464806.0,1468377106870.0
2022-11-18,774607255920,690456305971.0,1465063561891.0
2022-11-21,777077218098,694078041435.0,1471155259533.0
2022-11-22,776834636854,694341543191.0,1471176180045.0
2022-11-23,777002601688,694630785173.0,1471633386861.0
2022-11-24,776161135356,695468216232.0,1471629351588.0
2022-11-25,772544316046,692005867419.0,1464550183465.0
2022-11-28,772868801219,691358719612.0,1464227520831.0
2022-11-29,773818172180,692279102273.0,1466097274453.0
2022-11-30,771424149549,692933019278.0,1464357168827.0
2022-12-01,773006882074,692556298475.0,1465563180549.0
2022-12-02,772184356386,691644353929.0,1463828710315.0
2022-12-05,776039754984,694705933228.0,1470745688212.0
2022-12-06,776103539100,695467627044.0,1471571166144.0
2022-12-07,777182938303,697072658155.0,1474255596458.0
2022-12-08,777198575304,697002810042.0,1474201385346.0
2022-12-09,776138478545,695429804571.0,1471568283116.0
2022-12-12,779477957495,697376857446.0,1476854814941.0
2022-12-13,778706150308,698236057609.0,1476942207917.0
2022-12-14,777087007843,697589378133.0,1474676385976.0
2022-12-15,777754941694,699421838538.0,1477176780232.0
2022-12-16,774732973259,697070194380.0,1471803167639.0
2022-12-19,773295688119,696438796405.0,1469734484524.0
2022-12-20,773741005498,696243000344.0,1469984005842.0
2022-12-21,772131190941,694107679547.0,1466238870488.0
2022-12-22,770308253069,691436667456.0,1461744920525.0
2022-12-23,767808102655,688382369371.0,1456190472026.0
2022-12-26,769283179666,689038520496.0,1458321700162.0
2022-12-27,768300105500,688002668765.0,1456302774265.0
2022-12-28,766472799612,686511853898.0,1452984653510.0
2022-12-29,766760403679,685687053457.0,1452447457136.0
2022-12-30,762514201807,681996455771.0,1444510657578.0
2023-01-03,764350187189,685152948273.0,1449503135462.0
2023-01-04,764418863386,686114819129.0,1450533682515.0
2023-01-05,764779384596,687427244379.0,1452206628975.0
2023-01-06,763344296620,685804652576.0,1449148949196.0
2023-01-09,764824244326,686629994365.0,1451454238691.0
2023-01-10,764994925871,686211176277.0,1451206102148.0
2023-01-11,763770671980,685925563518.0,1449696235498.0
2023-01-12,762379933298,685234644425.0,1447614577723.0
2023-01-13,759845686031,683218996269.0,1443064682300.0
2023-01-16,760316664530,683021898062.0,1443338562592.0
2023-01-17,758825329203,683111994346.0,1441937323549.0
2023-01-18,756622347867,682058644884.0,1438680992751.0
2023-01-19,755726974240,680629834992.0,1436356809232.0
2023-01-20,747919975441,670852775377.0,1418772750818.0
2023-01-30,758324039887,680868413474.0,1439192453361.0
2023-01-31,761554614916,683509810545.0,1445064425461.0
2023-02-01,765593071927,687518496675.0,1453111568602.0
2023-02-02,767838008722,689859438002.0,1457697446724.0
2023-02-03,768724731038,689379941228.0,1458104672266.0
2023-02-06,771265612492,692877280191.0,1464142892683.0
2023-02-07,773091617246,696374883301.0,1469466500547.0
2023-02-08,773692157939,697251586621.0,1470943744560.0
2023-02-09,773789184027,699019155829.0,1472808339856.0
2023-02-10,772176553297,698455516595.0,1470632069892.0
2023-02-13,775115514066,701789561356.0,1476905075422.0
2023-02-14,776791296318,703817994595.0,1480609290913.0
2023-02-15,778814595507,704984760529.0,1483799356036.0
2023-02-16,777614732387,703451348857.0,1481066081244.0
2023-02-17,775379729131,701350289524.0,1476730018655.0
2023-02-20,777618595903,704500860943.0,1482119456846.0
2023-02-21,778991977830,705479197777.0,1484471175607.0
2023-02-22,780900121090,706763653492.0,1487663774582.0
2023-02-23,781042560533,707152208573.0,1488194769106.0
2023-02-24,780666428046,705869458930.0,1486535886976.0
2023-02-27,780503115387,706847053781.0,1487350169168.0
2023-02-28,780900136995,707108855801.0,1488008992796.0
2023-03-01,781822473154,709230779963.0,1491053253117.0
2023-03-02,781178829117,710050522138.0,1491229351255.0
2023-03-03,780729766109,707529871254.0,1488259637363.0
2023-03-06,783317669963,710618202914.0,1493935872877.0
2023-03-07,782936967560,708936417178.0,1491873384738.0
2023-03-08,784081753629,709446886833.0,1493528640462.0
2023-03-09,785759082363,709939558028.0,1495698640391.0
2023-03-10,783197568414,707150862627.0,1490348431041.0
2023-03-13,783799930630,708360962175.0,1492160892805.0
2023-03-14,786046973151,708166805269.0,1494213778420.0
2023-03-15,786734165922,707723093748.0,1494457259670.0
2023-03-16,787162950283,706944014104.0,1494106964387.0
2023-03-17,786383574652,706506300701.0,1492889875353.0
2023-03-20,787692438328,707915901064.0,1495608339392.0
2023-03-21,788520782368,708989591647.0,1497510374015.0
2023-03-22,789655461766,711504458406.0,1501159920172.0
2023-03-23,791799900643,713173017267.0,1504972917910.0
2023-03-24,792841223125,714350268656.0,1507191491781.0
2023-03-27,796768269592,718552427866.0,1515320697458.0
2023-03-28,797252237740,719634156242.0,1516886393982.0
2023-03-29,796888526748,718786451238.0,1515674977986.0
2023-03-30,797243830185,719340300928.0,1516584131113.0
2023-03-31,795034645806,717837812990.0,1512872458796.0
2023-04-03,798616296684,724193991606.0,1522810288290.0
2023-04-04,798904170550,725388022429.0,1524292192979.0
2023-04-06,803674047378,728728518531.0,1532402565909.0
2023-04-07,802280042944,727999002406.0,1530279045350.0
2023-04-10,801981114346,729992747837.0,1531973862183.0
2023-04-11,801692525018,731547607396.0,1533240132414.0
2023-04-12,804889674276,734441982139.0,1539331656415.0
2023-04-13,803802923593,735465785828.0,1539268709421.0
2023-04-14,802768804602,735396110991.0,1538164915593.0
2023-04-17,804682524065,737199849249.0,1541882373314.0
2023-04-18,804908546312,738003847669.0,1542912393981.0
2023-04-19,805311386298,739976656610.0,1545288042908.0
2023-04-20,807839232663,740688054697.0,1548527287360.0
2023-04-21,804442630750,737113056679.0,1541555687429.0
2023-04-24,805078300023,739289078145.0,1544367378168.0
2023-04-25,801483664728,735347392127.0,1536831056855.0
2023-04-26,798837650589,733138948836.0,1531976599425.0
2023-04-27,796676029935,727325052622.0,1524001082557.0
2023-04-28,791218147988,722537882998.0,1513756030986.0
2023-05-04,795839338310,728531846648.0,1524371184958.0
2023-05-05,793879016645,726667228390.0,1520546245035.0
2023-05-08,798372769570,727847268804.0,1526220038374.0
2023-05-09,800169991423,727497526555.0,1527667517978.0
2023-05-10,801598265500,726527871526.0,1528126137026.0
2023-05-11,801209857357,726022105222.0,1527231962579.0
2023-05-12,798267472951,722985347750.0,1521252820701.0
2023-05-15,799775256756,723597187148.0,1523372443904.0
2023-05-16,798441709558,723495276390.0,1521936985948.0
2023-05-17,799104757554,723880653509.0,1522985411063.0
2023-05-18,800333234607,726146468185.0,1526479702792.0
2023-05-19,798990859126,723175051476.0,1522165910602.0
2023-05-22,797939206150,723379036881.0,1521318243031.0
2023-05-23,797617811068,721455770387.0,1519073581455.0
2023-05-24,798521240902,721449108904.0,1519970349806.0
2023-05-25,798781795051,720235640636.0,1519017435687.0
2023-05-26,796563903105,719673420517.0,1516237323622.0
2023-05-29,796322875039,721353526898.0,1517676401937.0
2023-05-30,796022808390,721134476551.0,1517157284941.0
2023-05-31,796016352690,722670503180.0,1518686855870.0
2023-06-01,796618537929,722804729095.0,1519423267024.0
2023-06-02,793763018085,720739273933.0,1514502292018.0
2023-06-05,794800775064,722108641379.0,1516909416443.0
2023-06-06,793531616301,719725313276.0,1513256929577.0
2023-06-07,792864051105,720610121875.0,1513474172980.0
2023-06-08,791651918244,719543805175.0,1511195723419.0
2023-06-09,789638708164,719153392314.0,1508792100478.0
2023-06-12,791473411003,720519734393.0,1511993145396.0
2023-06-13,790865774379,720804159773.0,1511669934152.0
2023-06-14,790676904593,719882032215.0,1510558936808.0
2023-06-15,790327545076,719490138679.0,1509817683755.0
2023-06-16,788591168297,718487505529.0,1507078673826.0
2023-06-19,789971120399,723305654050.0,1513276774449.0
2023-06-20,791093597800,725176358350.0,1516269956150.0
2023-06-21,787037186941,720119926873.0,1507157113814.0
2023-06-26,787712188223,717611334570.0,1505323522793.0
2023-06-27,787120957421,717404152499.0,1504525109920.0
2023-06-28,786231800629,713774468854.0,1500006269483.0
2023-06-29,786410667420,714435431768.0,1500846099188.0
2023-06-30,783226088823,712063972484.0,1495290061307.0
2023-07-03,783998849919,714247629350.0,1498246479269.0
2023-07-04,783971478800,716593273025.0,1500564751825.0
2023-07-05,784278132120,717219732659.0,1501497864779.0
2023-07-06,784261635891,718057823032.0,1502319458923.0
2023-07-07,782502584946,715605245064.0,1498107830010.0
2023-07-10,783201237762,715570934016.0,1498772171778.0
2023-07-11,782571583256,716554630481.0,1499126213737.0
2023-07-12,781051055987,715263072955.0,1496314128942.0
2023-07-13,779455604465,715121854287.0,1494577458752.0
2023-07-14,778136066520,715012998843.0,1493149065363.0
2023-07-17,779020474911,716345731951.0,1495366206862.0
2023-07-18,778981466192,716498368837.0,1495479835029.0
2023-07-19,779459367022,716197856139.0,1495657223161.0
2023-07-20,777341748149,713233415490.0,1490575163639.0
2023-07-21,775360683356,710009221432.0,1485369904788.0
2023-07-24,774175758666,711127000308.0,1485302758974.0
2023-07-25,773496328990,711399965740.0,1484896294730.0
2023-07-26,773033707971,710519823127.0,1483553531098.0
2023-07-27,772815264336,709328722150.0,1482143986486.0
2023-07-28,771738791954,707285685052.0,1479024477006.0
2023-07-31,776335930356,709735205790.0,1486071136146.0
2023-08-01,777008041989,710890752663.0,1487898794652.0
2023-08-02,779271737175,711610833141.0,1490882570316.0
2023-08-03,780671615824,711895084210.0,1492566700034.0
2023-08-04,781347963660,711746159668.0,1493094123328.0
2023-08-07,783981992071,714585068563.0,1498567060634.0
2023-08-08,784534538648,713978741257.0,1498513279905.0
2023-08-09,783843970802,712521203470.0,1496365174272.0
2023-08-10,783945120737,711802585304.0,1495747706041.0
2023-08-11,781024673066,709375008377.0,1490399681443.0
2023-08-14,781410434854,708967173477.0,1490377608331.0
2023-08-15,781100855178,709011354093.0,1490112209271.0
2023-08-16,780683965240,706939843370.0,1487623808610.0
2023-08-17,781341249849,707366172195.0,1488707422044.0
2023-08-18,779488941864,704517784037.0,1484006725901.0
2023-08-21,780702810581,703121708226.0,1483824518807.0
2023-08-22,780859067794,703112671004.0,1483971738798.0
2023-08-23,779374566390,701857428264.0,1481231994654.0
2023-08-24,778732166498,700242093452.0,1478974259950.0
2023-08-25,774247931274,695001808125.0,1469249739399.0
2023-08-28,777230010240,698181398107.0,1475411408347.0
2023-08-29,779967475132,698510667990.0,1478478143122.0
2023-08-30,780209182682,699103339912.0,1479312522594.0
2023-08-31,779233172137,697880411767.0,1477113583904.0
2023-09-01,776763712757,695518210217.0,1472281922974.0
2023-09-04,779105502412,696998933163.0,1476104435575.0
2023-09-05,780337204683,697592259936.0,1477929464619.0
2023-09-06,781718041569,698090336627.0,1479808378196.0
2023-09-07,780891295406,697050460118.0,1477941755524.0
2023-09-08,779001626762,694719594189.0,1473721220951.0
2023-09-11,790974243568,708280122949.0,1499254366517.0
2023-09-12,794765813108,713020259441.0,1507786072549.0
2023-09-13,797851219031,714839332389.0,1512690551420.0
2023-09-14,798244489927,716379499018.0,1514623988945.0
2023-09-15,799408861556,716732923592.0,1516141785148.0
2023-09-18,801762703001,717747450038.0,1519510153039.0
2023-09-19,801588926746,717969890644.0,1519558817390.0
2023-09-20,801652657829,717995818769.0,1519648476598.0
2023-09-21,802121565764,717995818769.0,1520117384533.0
2023-09-22,801602446146,717995818769.0,1519598264915.0
2023-09-25,802975697974,717995818769.0,1520971516743.0
2023-09-26,802938147537,717995818769.0,1520933966306.0
2023-09-27,803746732205,717995818769.0,1521742550974.0
2023-09-28,795595784222,713836495924.0,1509432280146.0
2023-10-09,801690693064,719661924007.0,1521352617071.0
2023-10-10,804714607611,723005140414.0,1527719748025.0
2023-10-11,805880232519,726897275450.0,1532777507969.0
2023-10-12,807184297945,729716576150.0,1536900874095.0
2023-10-13,806592107132,728856361421.0,1535448468553.0
2023-10-16,808650956659,731080629500.0,1539731586159.0
2023-10-17,808425392961,731878032337.0,1540303425298.0
2023-10-18,808695220942,730569780992.0,1539265001934.0
2023-10-19,811376046151,728312366549.0,1539688412700.0
2023-10-20,811513004395,725242930937.0,1536755935332.0
2023-10-23,812395870791,723855217177.0,1536251087968.0
2023-10-24,812882427571,725206100617.0,1538088528188.0
2023-10-25,812961564203,726128958322.0,1539090522525.0
2023-10-26,812505287117,726655626385.0,1539160913502.0
2023-10-27,810232952483,726503223406.0,1536736175889.0
2023-10-30,814889500260,731557051714.0,1546446551974.0
2023-10-31,815527162949,733617770571.0,1549144933520.0
2023-11-01,817813626569,734809206509.0,1552622833078.0
2023-11-02,815965385343,734398315532.0,1550363700875.0
2023-11-03,813165051421,733364743018.0,1546529794439.0
2023-11-06,819327277875,736670247948.0,1555997525823.0
2023-11-07,821526092866,740152768819.0,1561678861685.0
2023-11-08,824632593494,744330207533.0,1568962801027.0
2023-11-09,825047825135,745168170506.0,1570215995641.0
2023-11-10,825422662790,744215143353.0,1569637806143.0
2023-11-13,827991882641,747351236096.0,1575343118737.0
2023-11-14,830372804413,750392869113.0,1580765673526.0
2023-11-15,832357807380,752823899351.0,1585181706731.0
2023-11-16,832022057391,754021382623.0,1586043440014.0
2023-11-17,831975601530,753780745362.0,1585756346892.0
2023-11-20,835268167806,758608242510.0,1593876410316.0
2023-11-21,834331560086,759918710632.0,1594250270718.0
2023-11-22,834746932505,760227901124.0,1594974833629.0
2023-11-23,834956462548,760890116232.0,1595846578780.0
2023-11-24,832718672134,758091292012.0,1590809964146.0
2023-11-27,833404572997,758642761293.0,1592047334290.0
2023-11-28,833294508080,759136057019.0,1592430565099.0
2023-11-29,833655196071,760741420658.0,1594396616729.0
2023-11-30,832885252348,758699013370.0,1591584265718.0
2023-12-01,832924455327,758524255300.0,1591448710627.0
2023-12-04,834106455014,759095067584.0,1593201522598.0
2023-12-05,834215113904,758595928014.0,1592811041918.0
2023-12-06,834714468180,758546124246.0,1593260592426.0
2023-12-07,836082635421,758544274555.0,1594626909976.0
2023-12-08,834523805754,756544736642.0,1591068542396.0
2023-12-11,835600321392,758853095397.0,1594453416789.0
2023-12-12,836375013527,760590400211.0,1596965413738.0
2023-12-13,837709803552,761209071435.0,1598918874987.0
2023-12-14,837215537839,759507151755.0,1596722689594.0
2023-12-15,837463560463,757811960478.0,1595275520941.0
2023-12-18,836399914567,756812473655.0,1593212388222.0
2023-12-19,836972616963,757330788057.0,1594303405020.0
2023-12-20,834594703843,755457573153.0,1590052276996.0
2023-12-21,834932767439,756563374905.0,1591496142344.0
2023-12-22,831897728706,751688156782.0,1583585885488.0
2023-12-25,831537266706,752033575796.0,1583570842502.0
2023-12-26,830156676857,751105921103.0,1581262597960.0
2023-12-27,830639021091,751614312409.0,1582253333500.0
2023-12-28,832611883792,752737281461.0,1585349165253.0
2023-12-29,828481994098,749672328340.0,1578154322438.0
2024-01-02,831142083711,752646053754.0,1583788137465.0
2024-01-03,830994385460,753697862273.0,1584692247733.0
2024-01-04,832128138742,754785883636.0,1586914022378.0
2024-01-05,828709528427,749811422159.0,1578520950586.0
2024-01-08,828972334142,749956642221.0,1578928976363.0
2024-01-09,826897619326,748671548009.0,1575569167335.0
2024-01-10,825873985989,747024214530.0,1572898200519.0
2024-01-11,826638502547,747029332363.0,1573667834910.0
2024-01-12,823748027298,744864324375.0,1568612351673.0
2024-01-15,824041494146,745558613765.0,1569600107911.0
2024-01-16,822191705187,744880103813.0,1567071809000.0
2024-01-17,822893295095,743651874408.0,1566545169503.0
2024-01-18,819022418564,740788473112.0,1559810891676.0
2024-01-19,815717641554,736772528307.0,1552490169861.0
2024-01-22,809296563322,728116821877.0,1537413385199.0
2024-01-23,807032444057,726318355668.0,1533350799725.0
2024-01-24,805944834168,725187570871.0,1531132405039.0
2024-01-25,807617147167,727594864318.0,1535212011485.0
2024-01-26,804655756758,725551390016.0,1530207146774.0
2024-01-29,804126169828,722596689772.0,1526722859600.0
2024-01-30,800244506696,718532084033.0,1518776590729.0
2024-01-31,792490224505,706933304541.0,1499423529046.0
2024-02-01,786837967330,701122412100.0,1487960379430.0
2024-02-02,773647722879,685213467900.0,1458861190779.0
2024-02-05,755217822166,664202589822.0,1419420411988.0
2024-02-06,748333302910,655949953605.0,1404283256515.0
2024-02-07,742019354720,649120667020.0,1391140021740.0
2024-02-08,732814563056,641361437498.0,1374176000554.0
2024-02-19,740227803446,649373073387.0,1389600876833.0
2024-02-20,742793395834,652854167005.0,1395647562839.0
2024-02-21,745300060748,655823449424.0,1401123510172.0
2024-02-22,747723231736,659176816521.0,1406900048257.0
2024-02-23,749492807896,662112892200.0,1411605700096.0
2024-02-26,754228891893,666074140513.0,1420303032406.0
2024-02-27,759679567384,671688310764.0,1431367878148.0
2024-02-28,761394539302,673089988677.0,1434484527979.0
2024-02-29,763588251469,676148824442.0,1439737075911.0
2024-03-01,763998784017,677914154101.0,1441912938118.0
2024-03-04,767875774743,683755421239.0,1451631195982.0
2024-03-05,765543467209,681536169254.0,1447079636463.0
2024-03-06,767831575541,684495586410.0,1452327161951.0
2024-03-07,767238154523,683243637358.0,1450481791881.0
2024-03-08,767076407729,684685527926.0,1451761935655.0
2024-03-11,771735920375,687975052270.0,1459710972645.0
2024-03-12,775628762488,691385494214.0,1467014256702.0
2024-03-13,779391222769,694629131894.0,1474020354663.0
2024-03-14,780046280509,695081060275.0,1475127340784.0
2024-03-15,778595728857,696748756675.0,1475344485532.0
2024-03-18,785238788824,703706520144.0,1488945308968.0
2024-03-19,788123561308,704483158177.0,1492606719485.0
2024-03-20,791579255249,707914087362.0,1499493342611.0
2024-03-21,794558886114,710511058373.0,1505069944487.0
2024-03-22,792367700490,710628149848.0,1502995850338.0
2024-03-25,791901990178,710379913346.0,1502281903524.0
2024-03-26,791648382622,709640802438.0,1501289185060.0
2024-03-27,790056026671,707271235459.0,1497327262130.0
2024-03-28,791483877673,709450891854.0,1500934769527.0
2024-03-29,788604704752,706664719909.0,1495269424661.0
2024-04-01,791941850462,710671242136.0,1502613092598.0
2024-04-02,792650902165,711415997180.0,1504066899345.0
2024-04-03,789444473453,708014114517.0,1497458587970.0
2024-04-08,792257829262,710187526453.0,1502445355715.0
2024-04-09,792537585653,710577553454.0,1503115139107.0
2024-04-10,791062513076,708853659064.0,1499916172140.0
2024-04-11,790606930947,707767230631.0,1498374161578.0
2024-04-12,789517214620,705138461116.0,1494655675736.0
2024-04-15,788882659697,703182846082.0,1492065505779.0
2024-04-16,786232639980,698438516225.0,1484671156205.0
2024-04-17,788806155953,700608327952.0,1489414483905.0
2024-04-18,790046778078,701669324184.0,1491716102262.0
2024-04-19,787930724525,699249586167.0,1487180310692.0
2024-04-22,787929072445,699814568359.0,1487743640804.0
2024-04-23,786254233863,698489331606.0,1484743565469.0
2024-04-24,785321617854,699436263178.0,1484757881032.0
2024-04-25,784558673597,699634158618.0,1484192832215.0
2024-04-26,783866647546,696915786172.0,1480782433718.0
2024-04-29,787327315790,699104989271.0,1486432305061.0
2024-04-30,779461836084,693393612181.0,1472855448265.0
2024-05-06,787790499055,700106576869.0,1487897075924.0
2024-05-07,789311964241,701534621233.0,1490846585474.0
2024-05-08,790972569690,703693317259.0,1494665886949.0
2024-05-09,791298030035,703785981729.0,1495084011764.0
2024-05-10,790829373066,702683070342.0,1493512443408.0
2024-05-13,792363204543,703041534087.0,1495404738630.0
2024-05-14,793905998906,703058730594.0,1496964729500.0
2024-05-15,793316171463,702007646511.0,1495323817974.0
2024-05-16,794531737028,703431525510.0,1497963262538.0
2024-05-17,791176970437,702257863013.0,1493434833450.0
2024-05-20,791845812829,704415976230.0,1496261789059.0
2024-05-21,792746660438,704937838148.0,1497684498586.0
2024-05-22,793148030302,706640490607.0,1499788520909.0
2024-05-23,792160302563,705390599028.0,1497550901591.0
2024-05-24,789056561769,701891265194.0,1490947826963.0
2024-05-27,788711455730,702247360911.0,1490958816641.0
2024-05-28,788822130899,702359805001.0,1491181935900.0
2024-05-29,788433019337,702154320155.0,1490587339492.0
2024-05-30,788613622634,701037543922.0,1489651166556.0
2024-05-31,786948396207,700240170268.0,1487188566475.0
2024-06-03,786377890389,699467898037.0,1485845788426.0
2024-06-04,784168558915,698110330307.0,1482278889222.0
2024-06-05,783952108368,697238154798.0,1481190263166.0
2024-06-06,782007095818,693041874629.0,1475048970447.0
2024-06-07,778301107436,690345675697.0,1468646783133.0
2024-06-11,781944510323,691368473524.0,1473312983847.0
2024-06-12,782314849008,692736180825.0,1475051029833.0
2024-06-13,782907000391,692938126061.0,1475845126452.0
2024-06-14,780964504299,692938126061.0,1473902630360.0
2024-06-17,782964014854,692938126061.0,1475902140915.0
2024-06-18,784295044737,692938126061.0,1477233170798.0
2024-06-19,783435205481,692938126061.0,1476373331542.0
2024-06-20,781683922089,692938126061.0,1474622048150.0
2024-06-21,778854571234,692938126061.0,1471792697295.0
2024-06-24,776285059177,692938126061.0,1469223185238.0
2024-06-25,772634470591,692938126061.0,1465572596652.0
2024-06-26,772054530413,692938126061.0,1464992656474.0
2024-06-27,770257844269,692938126061.0,1463195970330.0
2024-06-28,766497289908,692938126061.0,1459435415969.0
2024-07-01,765658553562,692938126061.0,1458596679623.0
2024-07-02,765841762398,692938126061.0,1458779888459.0
2024-07-03,765737695477,692938126061.0,1458675821538.0
2024-07-04,762110030420,692938126061.0,1455048156481.0
2024-07-05,759423798637,692938126061.0,1452361924698.0
2024-07-08,756755681180,674986436594.0,1431742117774.0
2024-07-09,756091803578,675236487262.0,1431328290840.0
2024-07-10,754728176771,674499181963.0,1429227358734.0
2024-07-11,754826838907,677277483376.0,1432104322283.0
2024-07-12,751929369568,675446370307.0,1427375739875.0
2024-07-15,750396440884,675074485766.0,1425470926650.0
2024-07-16,749061682416,676031463314.0,1425093145730.0
2024-07-17,746642183806,673380411946.0,1420022595752.0
2024-07-18,744135145022,671164398645.0,1415299543667.0
2024-07-19,740602433300,669152771500.0,1409755204800.0
2024-07-22,742713939268,670741976743.0,1413455916011.0
2024-07-23,741544599301,669258331996.0,1410802931297.0
2024-07-24,739984379926,668308471964.0,1408292851890.0
2024-07-25,740078516108,668037336897.0,1408115853005.0
2024-07-26,738714451618,666210927577.0,1404925379195.0
2024-07-29,739362322064,667611536997.0,1406973859061.0
2024-07-30,739775335240,667646192697.0,1407421527937.0
2024-07-31,741896882387,670773718588.0,1412670600975.0
2024-08-01,742793992998,672146998502.0,1414940991500.0
2024-08-02,741359830054,669427644526.0,1410787474580.0
2024-08-05,739818172372,665494381021.0,1405312553393.0
2024-08-06,740775446219,666216910813.0,1406992357032.0
2024-08-07,740538204386,666190243047.0,1406728447433.0
2024-08-08,740311931631,0.0,740311931631.0
2024-08-09,739820558982,663634000563.0,1403454559545.0
2024-08-12,739294913283,662889974081.0,1402184887364.0
2024-08-13,739609113886,663500500297.0,1403109614183.0
2024-08-14,739725384912,664201068460.0,1403926453372.0
2024-08-15,738235739847,663622996514.0,1401858736361.0
2024-08-16,736117355213,662760614527.0,1398877969740.0
2024-08-19,735845825682,663207943153.0,1399053768835.0
2024-08-20,735749560342,661547985360.0,1397297545702.0
2024-08-21,735199955823,660301016126.0,1395500971949.0
2024-08-22,732035606499,657650968714.0,1389686575213.0
2024-08-23,729197010072,654980942610.0,1384177952682.0
2024-08-26,729108878020,654858328747.0,1383967206767.0
2024-08-27,727302602430,653053087510.0,1380355689940.0
2024-08-28,726405581174,652325799368.0,1378731380542.0
2024-08-29,727009320287,652455307911.0,1379464628198.0
2024-08-30,727392495681,653033178610.0,1380425674291.0
2024-09-02,728468088480,653404777917.0,1381872866397.0
2024-09-03,728446866207,652974655653.0,1381421521860.0
2024-09-04,728028796228,652055979489.0,1380084775717.0
2024-09-05,727592617080,652066070468.0,1379658687548.0
2024-09-06,725391397412,649002836031.0,1374394233443.0
2024-09-09,725750772848,649129254737.0,1374880027585.0
2024-09-10,725804249926,649172122701.0,1374976372627.0
2024-09-11,724719503933,648429876266.0,1373149380199.0
2024-09-12,723860499312,648119223998.0,1371979723310.0
2024-09-13,719776282455,643561664984.0,1363337947439.0
2024-09-18,719186405254,642940045671.0,1362126450925.0
2024-09-19,720298592968,643772230016.0,1364070822984.0
2024-09-20,718116339596,642360439030.0,1360476778626.0
2024-09-23,717761015028,642271764997.0,1360032780025.0
2024-09-24,717264509182,644451030626.0,1361715539808.0
2024-09-25,715952976997,645604653136.0,1361557630133.0
2024-09-26,716840036786,648373756655.0,1365213793441.0
2024-09-27,722622172263,661081502819.0,1383703675082.0
2024-09-30,750255842337,679245976167.0,1429501818504.0
2024-10-08,805924955389,730623979938.0,1536548935327.0
2024-10-09,824911948198,751478058104.0,1576390006302.0
2024-10-10,826812806408,751017917041.0,1577830723449.0
2024-10-11,823386486778,746634523469.0,1570021010247.0
2024-10-14,826563737960,749856206243.0,1576419944203.0
2024-10-15,827842917705,750693150046.0,1578536067751.0
2024-10-16,826912817605,753315138328.0,1580227955933.0
2024-10-17,828489901354,755304513183.0,1583794414537.0
2024-10-18,836246672541,763478289863.0,1599724962404.0
2024-10-21,846948646793,763478289863.0,1610426936656.0
2024-10-22,851496247240,763478289863.0,1614974537103.0
2024-10-23,854801769061,763478289863.0,1618280058924.0
2024-10-24,858314485171,763478289863.0,1621792775034.0
2024-10-25,859977091153,763478289863.0,1623455381016.0
2024-10-28,866825658131,763478289863.0,1630303947994.0
2024-10-29,867671497826,763478289863.0,1631149787689.0
2024-10-30,871859506573,763478289863.0,1635337796436.0
2024-10-31,876630728168,763478289863.0,1640109018031.0
2024-11-01,873497765288,763478289863.0,1636976055151.0
2024-11-04,879559251402,763478289863.0,1643037541265.0
2024-11-05,890684772868,763478289863.0,1654163062731.0
2024-11-06,902341939873,763478289863.0,1665820229736.0
2024-11-07,915849059176,763478289863.0,1679327349039.0
2024-11-08,924230512864,763478289863.0,1687708802727.0
2024-11-11,942114058709,763478289863.0,1705592348572.0
2024-11-12,944827518751,763478289863.0,1708305808614.0
2024-11-13,948225611563,763478289863.0,1711703901426.0
2024-11-14,945413470996,763478289863.0,1708891760859.0
2024-11-15,942160415500,763478289863.0,1705638705363.0
2024-11-18,941931413907,763478289863.0,1705409703770.0
2024-11-19,943641325522,763478289863.0,1707119615385.0
2024-11-20,945436591119,763478289863.0,1708914880982.0
2024-11-21,946833680677,763478289863.0,1710311970540.0
2024-11-22,942138257073,763478289863.0,1705616546936.0
2024-11-25,942939649367,763478289863.0,1706417939230.0
2024-11-26,941065222693,763478289863.0,1704543512556.0
2024-11-27,942057449350,763478289863.0,1705535739213.0
2024-11-28,943253754490,763478289863.0,1706732044353.0
2024-11-29,945897197131,763478289863.0,1709375486994.0
2024-12-02,949414897920,763478289863.0,1712893187783.0
2024-12-03,949611483673,763478289863.0,1713089773536.0
2024-12-04,949764176036,763478289863.0,1713242465899.0
2024-12-05,952135960524,763478289863.0,1715614250387.0
2024-12-06,951230708261,763478289863.0,1714708998124.0
2024-12-09,951453513614,763478289863.0,1714931803477.0
2024-12-10,956648446126,763478289863.0,1720126735989.0
2024-12-11,959166669434,763478289863.0,1722644959297.0
2024-12-12,961758282389,763478289863.0,1725236572252.0
2024-12-13,957299883806,763478289863.0,1720778173669.0
2024-12-16,956868983361,763478289863.0,1720347273224.0
2024-12-17,954981038230,763478289863.0,1718459328093.0
2024-12-18,955344734903,763478289863.0,1718823024766.0
2024-12-19,956504384519,763478289863.0,1719982674382.0
2024-12-20,959699763814,763478289863.0,1723178053677.0
2024-12-23,956144920489,763478289863.0,1719623210352.0
2024-12-24,956800015587,763478289863.0,1720278305450.0
2024-12-25,955699365165,763478289863.0,1719177655028.0
2024-12-26,956843753174,763478289863.0,1720322043037.0
2024-12-27,955223986645,763478289863.0,1718702276508.0
2024-12-30,956451973149,763478289863.0,1719930263012.0
2024-12-31,949504401354,763478289863.0,1712982691217.0
2025-01-02,948028697338,763478289863.0,1711506987201.0
2025-01-03,940349502202,763478289863.0,1703827792065.0
2025-01-06,936940484542,763478289863.0,1700418774405.0
2025-01-07,936619486694,763478289863.0,1700097776557.0
2025-01-08,934798277212,763478289863.0,1698276567075.0
2025-01-09,934699072676,763478289863.0,1698177362539.0
2025-01-10,931847072917,763478289863.0,1695325362780.0
2025-01-13,931498491977,763478289863.0,1694976781840.0
2025-01-14,934983756674,763478289863.0,1698462046537.0
2025-01-15,935243523067,763478289863.0,1698721812930.0
2025-01-16,935572524508,763478289863.0,1699050814371.0
2025-01-17,931949689547,763478289863.0,1695427979410.0
2025-01-20,931550947430,763478289863.0,1695029237293.0
2025-01-21,931833618165,763478289863.0,1695311908028.0
2025-01-22,932612094200,763478289863.0,1696090384063.0
2025-01-23,929453719597,763478289863.0,1692932009460.0
2025-01-24,923170752645,763478289863.0,1686649042508.0
2025-01-27,906836932381,763478289863.0,1670315222244.0
2025-02-05,917392767343,763478289863.0,1680871057206.0
2025-02-06,923656820579,763478289863.0,1687135110442.0
2025-02-07,928035285866,763478289863.0,1691513575729.0
2025-02-10,936541604647,763478289863.0,1700019894510.0
2025-02-11,939146823237,763478289863.0,1702625113100.0
2025-02-12,941142844137,763478289863.0,1704621134000.0
2025-02-13,940585522678,763478289863.0,1704063812541.0
2025-02-14,941352939939,763478289863.0,1704831229802.0
2025-02-17,949158718589,763478289863.0,1712637008452.0
2025-02-18,945424585208,763478289863.0,1708902875071.0
2025-02-19,950398196565,763478289863.0,1713876486428.0
2025-02-20,953302647173,763478289863.0,1716780937036.0
2025-02-21,956706096115,763478289863.0,1720184385978.0
2025-02-24,960817195447,763478289863.0,1724295485310.0
2025-02-25,963879747065,763478289863.0,1727358036928.0
2025-02-26,968281688463,763478289863.0,1731759978326.0
2025-02-27,967908224325,763478289863.0,1731386514188.0
2025-02-28,960907206926,763478289863.0,1724385496789.0
2025-03-03,959710302382,763478289863.0,1723188592245.0
2025-03-04,959104687354,763478289863.0,1722582977217.0
2025-03-05,959407691107,763478289863.0,1722885980970.0
2025-03-06,965326732669,763478289863.0,1728805022532.0
2025-03-07,961683902616,763478289863.0,1725162192479.0
2025-03-10,965980054878,763478289863.0,1729458344741.0
2025-03-11,965795797513,763478289863.0,1729274087376.0
2025-03-12,970925278485,763478289863.0,1734403568348.0
2025-03-13,968166630947,763478289863.0,1731644920810.0
2025-03-14,967761631056,763478289863.0,1731239920919.0
2025-03-17,971314793092,763478289863.0,1734793082955.0
2025-03-18,974837417875,763478289863.0,1738315707738.0
2025-03-19,974998389156,763478289863.0,1738476679019.0
2025-03-20,976925908288,763478289863.0,1740404198151.0
2025-03-21,971655569946,763478289863.0,1735133859809.0
2025-03-24,969786080222,763478289863.0,1733264370085.0
2025-03-25,968943026169,763478289863.0,1732421316032.0
2025-03-26,969473222868,763478289863.0,1732951512731.0
2025-03-27,968417545674,763478289863.0,1731895835537.0
2025-03-28,967213232779,763478289863.0,1730691522642.0
2025-03-31,967026910148,763478289863.0,1730505200011.0
2025-04-01,964915147379,763478289863.0,1728393437242.0
2025-04-02,963373933304,763478289863.0,1726852223167.0
2025-04-03,958806215111,763478289863.0,1722284504974.0
2025-04-07,939658581632,763478289863.0,1703136871495.0
2025-04-08,921356014088,763478289863.0,1684834303951.0
2025-04-09,919376233259,763478289863.0,1682854523122.0
2025-04-10,920719496266,763478289863.0,1684197786129.0
2025-04-11,918221823420,763478289863.0,1681700113283.0
2025-04-14,922753835196,763478289863.0,1686232125059.0
2025-04-15,922346969118,763478289863.0,1685825258981.0
2025-04-16,919159004275,763478289863.0,1682637294138.0
2025-04-17,916979946296,763478289863.0,1680458236159.0
2025-04-18,913644906996,763478289863.0,1677123196859.0
2025-04-21,916757890120,763478289863.0,1680236179983.0
2025-04-22,914550232887,763478289863.0,1678028522750.0
2025-04-23,914825452131,763478289863.0,1678303741994.0
2025-04-24,913255772009,763478289863.0,1676734061872.0
2025-04-25,909951876584,763478289863.0,1673430166447.0
2025-04-28,910621691549,763478289863.0,1674099981412.0
2025-04-29,910476190696,763478289863.0,1673954480559.0
2025-04-30,902297294171,763478289863.0,1665775584034.0
2025-05-06,908236842318,763478289863.0,1671715132181.0
2025-05-07,911175339517,763478289863.0,1674653629380.0
2025-05-08,911157862069,763478289863.0,1674636151932.0
2025-05-09,909217878305,763478289863.0,1672696168168.0
2025-05-12,909791926143,763478289863.0,1673270216006.0
2025-05-13,909632087491,763478289863.0,1673110377354.0
2025-05-14,909505314379,763478289863.0,1672983604242.0
2025-05-15,908349137943,763478289863.0,1671827427806.0
2025-05-16,907427084606,763478289863.0,1670905374469.0
2025-05-19,909657468124,763478289863.0,1673135757987.0
2025-05-20,909602494527,763478289863.0,1673080784390.0
2025-05-21,908672788726,763478289863.0,1672151078589.0
2025-05-22,907535824938,763478289863.0,1671014114801.0
2025-05-23,905471558442,763478289863.0,1668949848305.0
2025-05-26,907963207363,763478289863.0,1671441497226.0
2025-05-27,910228044137,763478289863.0,1673706334000.0
2025-05-28,909986392086,763478289863.0,1673464681949.0
2025-05-29,908382726705,763478289863.0,1671861016568.0
2025-05-30,905065691813,763478289863.0,1668543981676.0
2025-06-03,906539733658,763478289863.0,1670018023521.0
2025-06-04,907551168910,763478289863.0,1671029458773.0
2025-06-05,909498147688,763478289863.0,1672976437551.0
2025-06-06,907272972139,763478289863.0,1670751262002.0
2025-06-09,911410866748,763478289863.0,1674889156611.0
2025-06-10,912341653816,763478289863.0,1675819943679.0
2025-06-11,913354209893,763478289863.0,1676832499756.0
2025-06-12,915167037266,763478289863.0,1678645327129.0
2025-06-13,912955300781,763478289863.0,1676433590644.0
2025-06-16,916289694734,763478289863.0,1679767984597.0
2025-06-17,919989046739,763478289863.0,1683467336602.0
2025-06-18,920011904287,763478289863.0,1683490194150.0
2025-06-19,915255863687,888516100254.0,1803771963941.0
2025-06-20,911053174880,884529552659.0,1795582727539.0
2025-06-23,913051422559,886653659155.0,1799705081714.0
2025-06-24,914622047518,890211049660.0,1804833097178.0
2025-06-25,916809346278,894829020777.0,1811638367055.0
2025-06-26,920244377739,900542579395.0,1820786957134.0
2025-06-27,921606906801,900079196137.0,1821686102938.0
2025-06-30,925418708645,906916685330.0,1832335393975.0
2025-07-01,926895132373,909138039215.0,1836033171588.0
2025-07-02,928080643653,909004971033.0,1837085614686.0
2025-07-03,928887433388,911580254700.0,1840467688088.0
2025-07-04,925702841567,908479427856.0,1834182269423.0
2025-07-07,928827818949,911667461773.0,1840495280722.0
2025-07-08,931076466397,914898150576.0,1845974616973.0
2025-07-09,932960493605,916856976222.0,1849817469827.0
2025-07-10,935691412605,918824699044.0,1854516111649.0
2025-07-11,937752116945,918930968750.0,1856683085695.0
2025-07-14,942837358485,923574876040.0,1866412234525.0
2025-07-15,945528632364,925828291723.0,1871356924087.0
2025-07-16,950076970726,928088733717.0,1878165704443.0
2025-07-17,952872205457,932321724737.0,1885193930194.0
2025-07-18,952191948293,931052422793.0,1883244371086.0
2025-07-21,959608797230,938875976337.0,1898484773567.0
2025-07-22,969571695398,943868541601.0,1913440236999.0
2025-07-23,970692921044,945394597041.0,1916087518085.0
2025-07-24,973054656825,949057508072.0,1922112164897.0
2025-07-25,978189855705,949444309063.0,1927634164768.0
2025-07-28,989896449187,956919105007.0,1946815554194.0
2025-07-29,1000835545965,961251790706.0,1962087336671.0
2025-07-30,1001228435294,963026295418.0,1964254730712.0
2025-07-31,1000962510610,963735700741.0,1964698211351.0
2025-08-01,998672967968,961366934795.0,1960039902763.0
2025-08-04,1005089414853,966271337651.0,1971360752504.0
2025-08-05,1009444473177,970645340530.0,1980089813707.0
2025-08-06,1013209625471,975748158627.0,1988957784098.0
2025-08-07,1013801673272,978687253262.0,1992488926534.0
2025-08-08,1012720239760,976233125276.0,1988953365036.0
2025-08-11,1021792143441,983897895225.0,2005690038666.0
2025-08-12,1025570739113,988210811163.0,2013781550276.0
2025-08-13,1029063342369,996380108320.0,2025443450689.0
2025-08-14,1033902792626,1000403501842.0,2034306294468.0
2025-08-15,1037756675565,1004140457234.0,2041897132799.0
2025-08-18,1057181453687,1023931329352.0,2081112783039.0
2025-08-19,1073793365520,1036301961768.0,2110095327288.0
2025-08-20,1081643142709,1043773808880.0,2125416951589.0
2025-08-21,1078533040383,1045912846412.0,2124445886795.0
2025-08-22,1084422264740,1048366428877.0,2132788693617.0
2025-08-25,1101191689087,1064402743957.0,2165594433044.0
2025-08-26,1111818503020,1072962265008.0,2184780768028.0
2025-08-27,1123366079378,1081515537553.0,2204881616931.0
2025-08-28,1132570872138,1088486218109.0,2221057090247.0
2025-08-29,1140926430398,1097174084089.0,2238100514487.0
2025-09-01,1160569079901,1112927076663.0,2273496156564.0
2025-09-02,1158103408143,1106932028669.0,2265035436812.0
2025-09-03,1157433653512,1109129858843.0,2266563512355.0
2025-09-04,1152873400598,1103973787664.0,2256847188262.0
2025-09-05,1155650042274,1108145619779.0,2263795662053.0
2025-09-08,1166259101553,1123620902486.0,2289880004039.0
2025-09-09,1171038610850,1124758045579.0,2295796656429.0
2025-09-10,1173348380718,1128226257663.0,2301574638381.0
2025-09-11,1176441846643,1139474307484.0,2315916154127.0
2025-09-12,1183985455849,1143112251645.0,2327097707494.0
2025-09-15,1193651838103,1151775828724.0,2345427666827.0
2025-09-16,1205855997868,1162111678866.0,2367967676734.0
2025-09-17,1209726836235,1170886231176.0,2380613067411.0
2025-09-18,1209224986941,1168760821555.0,2377985808496.0
2025-09-19,1207639982663,1166208694207.0,2373848676870.0
2025-09-22,1218337102598,1174696727720.0,2393033830318.0
2025-09-23,1216573602443,1175677355700.0,2392250958143.0
2025-09-24,1223547870961,1182824219536.0,2406372090497.0
2025-09-25,1230143924167,1189507289110.0,2419651213277.0
2025-09-26,1218854850267,1181543513690.0,2400398363957.0
2025-09-29,1223395169661,1181431789919.0,2404826959580.0
2025-09-30,1208617882705,1162354235598.0,2370972118303.0
2025-10-09,1233249540315,1188431792913.0,2421681333228.0
2025-10-10,1230684574757,1187501076325.0,2418185651082.0
2025-10-13,1233642293902,1186746276578.0,2420388570480.0
2025-10-14,1234622701292,1188052227849.0,2422674929141.0
2025-10-15,1236365992629,1188608012887.0,2424974005516.0
2025-10-16,1237780502057,1194794824359.0,2432575326416.0
2025-10-17,1224047953848,1181334070444.0,2405382024292.0
2025-10-20,1222028591866,1183738100596.0,2405766692462.0
2025-10-21,1228525092925,1191148722318.0,2419673815243.0
2025-10-22,1233014133480,1194953689422.0,2427967822902.0
2025-10-23,1232014143922,1194363047745.0,2426377191667.0
2025-10-24,1235000302822,1197296945735.0,2432297248557.0
2025-10-27,1246506855788,1210160994856.0,2456667850644.0
2025-10-28,1252496637936,1216867140055.0,2469363777991.0
2025-10-29,1257413401254,1223249001559.0,2480662402813.0
2025-10-30,1253578067034,1219692195482.0,2473270262516.0
2025-10-31,1249924363716,1211064759281.0,2460989122997.0
2025-11-03,1255284930321,1213738229598.0,2469023159919.0
2025-11-04,1254595845948,1211117002540.0,2465712848488.0
2025-11-05,1254887414434,1210682368081.0,2465569782515.0
2025-11-06,1261172891066,1211419187596.0,2472592078662.0
2025-11-07,1256749257881,1210824546918.0,2467573804799.0
2025-11-10,1259999647179,1215244201697.0,2475243848876.0
2025-11-11,1263197439228,1216068092642.0,2479265531870.0
2025-11-12,1260874320120,1215367332209.0,2476241652329.0
2025-11-13,1258607971942,1221653445053.0,2480261416995.0
2025-11-14,1253180360926,1213681637418.0,2466861998344.0
2025-11-17,1257015227419,1217425072562.0,2474440299981.0
2025-11-18,1260313161359,1216710805190.0,2477023966549.0
2025-11-19,1257008488721,1215446141353.0,2472454630074.0
2025-11-20,1251906950837,1214712298825.0,2466619249662.0
2025-11-21,1239681215625,1197878430815.0,2437559646440.0
2025-11-24,1239032782361,1195722629558.0,2434755411919.0
2025-11-25,1240398370695,1198396341342.0,2438794712037.0
2025-11-26,1242823709564,1201962946894.0,2444786656458.0
2025-11-27,1243317159526,1204210419803.0,2447527579329.0
2025-11-28,1243334608699,1205638530345.0,2448973139044.0
2025-12-01,1248616676210,1210522941893.0,2459139618103.0
2025-12-02,1248727375910,1212622841092.0,2461350217002.0
2025-12-03,1246989558940,1210675549821.0,2457665108761.0
2025-12-04,1247616304027,1211357257707.0,2458973561734.0
2025-12-05,1246300715403,1210309869247.0,2456610584650.0
2025-12-08,1254466290886,1220714201038.0,2475180491924.0
2025-12-09,1258550150923,1226809723093.0,2485359874016.0
2025-12-10,1258675029684,1230156406328.0,2488831436012.0
2025-12-11,1257022621848,1225414043748.0,2482436665596.0
2025-12-12,1252369646071,1223647189083.0,2476016835154.0
2025-12-15,1255499323207,1225356270258.0,2480855593465.0
2025-12-16,1261042135620,1219315393334.0,2480357528954.0
2025-12-17,1259774699017,1218379420179.0,2478154119196.0
2025-12-18,1255433608103,1219407561181.0,2474841169284.0
2025-12-19,1257616065098,1221763403396.0,2479379468494.0
2025-12-22,1263436859867,1228476388245.0,2491913248112.0
2025-12-23,1271201780307,1235506600712.0,2506708381019.0
2025-12-24,1275596245962,1241167573303.0,2516763819265.0
2025-12-25,1273352376369,1247195555205.0,2520547931574.0
2025-12-26,1271086234902,1247397227179.0,2518483462081.0
2025-12-29,1273965468535,1252864626544.0,2526830095079.0
2025-12-30,1278285296119,1252248802278.0,2530534098397.0
2025-12-31,1268796062622,1247392285485.0,2516188348107.0
2026-01-05,1277035784652,1258247807263.0,2535283591915.0
2026-01-06,1285898834239,1268121323838.0,2554020158077.0
2026-01-07,1298214640818,1280770645851.0,2578985286669.0
2026-01-08,1306006162278,1288761290985.0,2594767453263.0
2026-01-09,1309333101994,1292153846748.0,2601486948742.0
2026-01-12,1327919906814,1319152302340.0,2647072209154.0
2026-01-13,1331269993389,1325010231710.0,2656280225099.0
2026-01-14,1339530229868,1331812728339.0,2671342958207.0
2026-01-15,1348708301293,1343393917315.0,2692102218608.0
2026-01-16,1361765598205,1343686483448.0,2705452081653.0
2026-01-19,1360663928801,1336156587174.0,2696820515975.0
2026-01-20,1352775686018,1330268304154.0,2683043990172.0
2026-01-21,1362861930351,1331661149970.0,2694523080321.0
2026-01-22,1365143170716,1333414055085.0,2698557225801.0
2026-01-23,1365416506544,1331731563883.0,2697148070427.0
2026-01-26,1366798503378,1332304329890.0,2699102833268.0
2026-01-27,1365540768782,1331408230527.0,2696948999309.0
2026-01-28,1379075454676,1337224205190.0,2716299659866.0
2026-01-29,1376413497488,1336879159661.0,2713292657149.0
2026-01-30,1362922122502,1326953822592.0,2689875945094.0
2026-02-02,1361751136143,1322194969545.0,2683946105688.0
2026-02-03,1357388113443,1323663870759.0,2681051984202.0
2026-02-04,1348431797776,1318719212278.0,2667151010054.0
2026-02-05,1343476557854,1311917466230.0,2655394024084.0
2026-02-06,1335857650715,1302526179806.0,2638383830521.0
2026-02-09,1336256730195,1302525108800.0,2638781838995.0
2026-02-10,1334739401256,1300309740689.0,2635049141945.0
2026-02-11,1325946405377,1293232985925.0,2619179391302.0
2026-02-12,1330447990665,1290149117492.0,2620597108157.0
2026-02-13,1300667234815,1263345050286.0,2564012285101.0
2026-02-24,1316886917013,1280863472709.0,2597750389722.0
2026-02-25,1330832293401,1290551592243.0,2621383885644.0
2026-02-26,1339956696186,1301439968030.0,2641396664216.0
2026-02-27,1340872565672,1302382657238.0,2643255222910.0
2026-03-02,1343687049267,1304146172548.0,2647833221815.0
2026-03-03,1333864385539,1291491253262.0,2625355638801.0
2026-03-04,1331597450973,1285510208754.0,2617107659727.0
2026-03-05,1334400290251,1291035649351.0,2625435939602.0
2026-03-06,1331227236116,1288081848961.0,2619309085077.0
2026-03-09,1333276798688,1285772083950.0,2619048882638.0
2026-03-10,1336711949377,1292065126847.0,2628777076224.0
2026-03-11,1335979974200,1298219570532.0,2634199544732.0
2026-03-12,1339424529438,1298016790961.0,2637441320399.0
2026-03-13,1335165438835,1289667849330.0,2624833288165.0
2026-03-16,1340247410984,1294306591458.0,2634554002442.0
2026-03-17,1336356085559,1289194165266.0,2625550250825.0
2026-03-18,1337849683232,1290274654540.0,2628124337772.0
2026-03-19,1336809203768,1287026111343.0,2623835315111.0
2026-03-20,1328720086554,1277849761279.0,2606569847833.0
2026-03-23,1323794188127,1271376716864.0,2595170904991.0
2026-03-24,1321896000206,1266400184013.0,2588296184219.0
2026-03-25,1321758624861,1269710067619.0,2591468692480.0
2026-03-26,1321369177440,1269235807593.0,2590604985033.0
2026-03-27,1315693648745,1266999766737.0,2582693415482.0
2026-03-30,1319468230266,1271026912023.0,2590495142289.0
2026-03-31,1316614258911,1265723771944.0,2582338030855.0
2026-04-01,1316447409207,1266597500700.0,2583044909907.0
2026-04-02,1311104175276,1260951353577.0,2572055528853.0
2026-04-03,1302837239635,1251884568609.0,2554721808244.0
2026-04-07,1303437424328,1255084794645.0,2558522218973.0
2026-04-08,1310046005809,1264606437039.0,2574652442848.0
2026-04-09,1312993564374,1269079105889.0,2582072670263.0
2026-04-10,1315660195826,1271743602304.0,2587403798130.0
2026-04-13,1323553612731,1279863408949.0,2603417021680.0
2026-04-14,1331246622231,1288515797056.0,2619762419287.0
2026-04-15,1335974887351,1293969707634.0,2629944594985.0
2026-04-16,1340806749213,1299872387926.0,2640679137139.0
2026-04-17,1341425419759,1301422203696.0,2642847623455.0
2026-04-20,1355630173016,1316274369682.0,2671904542698.0
2026-04-21,1358906781144,1319400216926.0,2678306998070.0
2026-04-22,1366574275528,1325394570504.0,2691968846032.0
2026-04-23,1367612094993,1328156272129.0,2695768367122.0
2026-04-24,1364539928838,1319990466672.0,2684530395510.0
2026-04-27,1373866597092,1326205744465.0,2700072341557.0
2026-04-28,1373440361754,1326788399917.0,2700228761671.0
2026-04-29,1378454050849,1325438246058.0,2703892296907.0
2026-04-30,1370928661457,1316221635957.0,2687150297414.0
2026-05-06,1393527726696,1334705384236.0,2728233110932.0
2026-05-07,1409189855541,1348533166455.0,2757723021996.0
2026-05-08,1416687834289,1356840645986.0,2773528480275.0
2026-05-11,1432551019603,1371529559806.0,2804080579409.0
2026-05-12,1440756886236,1380204458724.0,2820961344960.0
2026-05-13,1452354118052,1391532028880.0,2843886146932.0
2026-05-14,1456219229613,1396811494791.0,2853030724404.0
2026-05-15,1452319161694,1394949499996.0,2847268661690.0
2026-05-18,1462277198387,1400561008899.0,2862838207286.0
2026-05-19,1465278698973,1402777074258.0,2868055773231.0
2026-05-20,1470302212115,1404331209051.0,2874633421166.0
2026-05-21,1467527516709,1398753868402.0,2866281385111.0
2026-05-22,1468801309416,1400471377288.0,2869272686704.0
2026-05-25,1480857012649,1413683122606.0,2894540135255.0
2026-05-26,1484678273574,1417203136742.0,2901881410316.0
2026-05-27,1486005873872,1419947283387.0,2905953157259.0
2026-05-28,1489552701297,1422017843640.0,2911570544937.0
2026-05-29,1472246436880,1409907237344.0,2882153674224.0
2026-06-01,1468189116504,1406303187855.0,2874492304359.0
2026-06-02,1469024532904,1406806427824.0,2875830960728.0
2026-06-03,1474244276164,1410081618665.0,2884325894829.0
2026-06-04,1476743330571,1414148813231.0,2890892143802.0
2026-06-05,1465446567832,1411403036466.0,2876849604298.0
2026-06-08,1453703702150,1399789016399.0,2853492718549.0
2026-06-09,1452222353096,1404907719228.0,2857130072324.0
2026-06-10,1447857826630,1401181758206.0,2849039584836.0
2026-06-11,1448246655510,1395569733635.0,2843816389145.0
2026-06-12,1448895770788,1394518150156.0,2843413920944.0
2026-06-15,1461767264864,1405707071728.0,2867474336592.0
2026-06-16,1473688751456,1420150378638.0,2893839130094.0
2026-06-17,1488211916696,1433639152915.0,2921851069611.0
2026-06-18,1495185799372,1439473632238.0,2934659431610.0
2026-06-22,1505558433764,1458119053806.0,2963677487570.0
2026-06-23,1504565483004,1465243410288.0,2969808893292.0
2026-06-24,1510274044181,1473185089045.0,2983459133226.0
2026-06-25,1521114083765,1479828583218.0,3000942666983.0
2026-06-26,1513064112108,1467281982412.0,2980346094520.0
2026-06-29,1505221517345,1466450632820.0,2971672150165.0
2026-06-30,1516908428874,1470879583030.0,2987788011904.0
2026-07-01,1519687927976,1477894856591.0,2997582784567.0
2026-07-02,1514964123028,1476173966736.0,2991138089764.0
2026-07-03,1501764189120,1469707101933.0,2971471291053.0
2026-07-06,1494116860023,1466858773239.0,2960975633262.0
2026-07-07,1488227749145,1459710376963.0,2947938126108.0
2026-07-08,1480449027515,1448577145252.0,2929026172767.0
2026-07-09,1479246671872,1445861458951.0,2925108130823.0
2026-07-10,1471271507002,1442497952431.0,2913769459433.0
2026-07-13,1457517049177,1422719443349.0,2880236492526.0
2026-07-14,1452014185914,1417264751118.0,2869278937032.0
2026-07-15,1444782928188,1412829773105.0,2857612701293.0
2026-07-16,1430821453142,1398204186432.0,2829025639574.0
2026-07-17,1392832663141,1356312219325.0,2749144882466.0
2026-07-20,1362746855721,1326713219503.0,2689460075224.0
2026-07-21,1363597390293,1325924685239.0,2689522075532.0
